Date,Open,High,Low,Close,Adj Close,Volume,GDP,Inflation,Unemployment,Interest Rate,totalAssets,totalCurrentAssets,cashAndCashEquivalentsAtCarryingValue,grossProfit,totalRevenue,operatingIncome,investmentIncomeNet,interestExpense,netIncome_x,capitalExpenditures,cashflowFromInvestment,cashflowFromFinancing,Sentiment
04-01-2010,7.622499943,7.660714149,7.585000038,7.643214226,6.461976528,493729600,14764.61,217.488,9.8,0.11,47501000000.0,31555000000.0,5263000000,17222000000.0,42905000000.0,11740000000.0,0,326000000,8235000000,1144000000,-17434000000,663000000.0,1
05-01-2010,7.664286137,7.699643135,7.616071224,7.656428814,6.473148823,601904800,14764.61,217.488,9.8,0.11,47501000000.0,31555000000.0,5263000000,17222000000.0,42905000000.0,11740000000.0,0,326000000,8235000000,1144000000,-17434000000,663000000.0,-1
06-01-2010,7.656428814,7.686786175,7.526785851,7.534643173,6.370183468,552160000,14764.61,217.488,9.8,0.11,47501000000.0,31555000000.0,5263000000,17222000000.0,42905000000.0,11740000000.0,0,326000000,8235000000,1144000000,-17434000000,663000000.0,-1
07-01-2010,7.5625,7.571428776,7.466071129,7.520713806,6.358408451,477131200,14764.61,217.488,9.8,0.11,47501000000.0,31555000000.0,5263000000,17222000000.0,42905000000.0,11740000000.0,0,326000000,8235000000,1144000000,-17434000000,663000000.0,-1
08-01-2010,7.510714054,7.571428776,7.466429234,7.570713997,6.400680065,447610800,14764.61,217.488,9.8,0.11,47501000000.0,31555000000.0,5263000000,17222000000.0,42905000000.0,11740000000.0,0,326000000,8235000000,1144000000,-17434000000,663000000.0,1
11-01-2010,7.599999905,7.607142925,7.444643021,7.503929138,6.344218731,462229600,14764.61,217.488,9.8,0.11,47501000000.0,31555000000.0,5263000000,17222000000.0,42905000000.0,11740000000.0,0,326000000,8235000000,1144000000,-17434000000,663000000.0,-1
12-01-2010,7.471070766,7.491786003,7.372142792,7.418570995,6.272050858,594459600,14764.61,217.488,9.8,0.11,47501000000.0,31555000000.0,5263000000,17222000000.0,42905000000.0,11740000000.0,0,326000000,8235000000,1144000000,-17434000000,663000000.0,-1
13-01-2010,7.423929214,7.533214092,7.289286137,7.523213863,6.360523224,605892000,14764.61,217.488,9.8,0.11,47501000000.0,31555000000.0,5263000000,17222000000.0,42905000000.0,11740000000.0,0,326000000,8235000000,1144000000,-17434000000,663000000.0,1
14-01-2010,7.503929138,7.516428947,7.465000153,7.479642868,6.323684692,432894000,14764.61,217.488,9.8,0.11,47501000000.0,31555000000.0,5263000000,17222000000.0,42905000000.0,11740000000.0,0,326000000,8235000000,1144000000,-17434000000,663000000.0,-1
15-01-2010,7.533214092,7.557143211,7.352499962,7.354642868,6.218004227,594067600,14764.61,217.488,9.8,0.11,47501000000.0,31555000000.0,5263000000,17222000000.0,42905000000.0,11740000000.0,0,326000000,8235000000,1144000000,-17434000000,663000000.0,-1
19-01-2010,7.440357208,7.685357094,7.401429176,7.679999828,6.493078232,730007600,14764.61,217.488,9.8,0.11,47501000000.0,31555000000.0,5263000000,17222000000.0,42905000000.0,11740000000.0,0,326000000,8235000000,1144000000,-17434000000,663000000.0,1
20-01-2010,7.675356865,7.698214054,7.482142925,7.561786175,6.39313221,612152800,14764.61,217.488,9.8,0.11,47501000000.0,31555000000.0,5263000000,17222000000.0,42905000000.0,11740000000.0,0,326000000,8235000000,1144000000,-17434000000,663000000.0,-1
21-01-2010,7.574285984,7.61821413,7.40035677,7.431070805,6.282618999,608154400,14764.61,217.488,9.8,0.11,47501000000.0,31555000000.0,5263000000,17222000000.0,42905000000.0,11740000000.0,0,326000000,8235000000,1144000000,-17434000000,663000000.0,-1
22-01-2010,7.385000229,7.410714149,7.041429043,7.0625,5.971009731,881767600,14764.61,217.488,9.8,0.11,47501000000.0,31555000000.0,5263000000,17222000000.0,42905000000.0,11740000000.0,0,326000000,8235000000,1144000000,-17434000000,663000000.0,-1
25-01-2010,7.232500076,7.310713768,7.149642944,7.252500057,6.131645679,1065699600,14764.61,217.488,9.8,0.11,47501000000.0,31555000000.0,5263000000,17222000000.0,42905000000.0,11740000000.0,0,326000000,8235000000,1144000000,-17434000000,663000000.0,1
26-01-2010,7.35535717,7.632500172,7.235000134,7.355000019,6.218305111,1867110000,14764.61,217.488,9.8,0.11,47501000000.0,31555000000.0,5263000000,17222000000.0,42905000000.0,11740000000.0,0,326000000,8235000000,1144000000,-17434000000,663000000.0,-1
27-01-2010,7.387499809,7.520713806,7.126070976,7.424285889,6.276882172,1722568400,14764.61,217.488,9.8,0.11,47501000000.0,31555000000.0,5263000000,17222000000.0,42905000000.0,11740000000.0,0,326000000,8235000000,1144000000,-17434000000,663000000.0,1
28-01-2010,7.318929195,7.339285851,7.096428871,7.117499828,6.01750946,1173502400,14764.61,217.488,9.8,0.11,47501000000.0,31555000000.0,5263000000,17222000000.0,42905000000.0,11740000000.0,0,326000000,8235000000,1144000000,-17434000000,663000000.0,-1
29-01-2010,7.181428909,7.221428871,6.794642925,6.859285831,5.799201965,1245952400,14764.61,217.488,9.8,0.11,47501000000.0,31555000000.0,5263000000,17222000000.0,42905000000.0,11740000000.0,0,326000000,8235000000,1144000000,-17434000000,663000000.0,-1
01-02-2010,6.870357037,7.0,6.83214283,6.954642773,5.879821301,749876400,14764.61,217.488,9.8,0.11,47501000000.0,31555000000.0,5263000000,17222000000.0,42905000000.0,11740000000.0,0,326000000,8235000000,1144000000,-17434000000,663000000.0,1
02-02-2010,6.996786118,7.011428833,6.906428814,6.994999886,5.91394186,698342400,14764.61,217.488,9.8,0.11,47501000000.0,31555000000.0,5263000000,17222000000.0,42905000000.0,11740000000.0,0,326000000,8235000000,1144000000,-17434000000,663000000.0,-1
03-02-2010,6.970356941,7.150000095,6.943571091,7.115356922,6.015699387,615328000,14764.61,217.488,9.8,0.11,47501000000.0,31555000000.0,5263000000,17222000000.0,42905000000.0,11740000000.0,0,326000000,8235000000,1144000000,-17434000000,663000000.0,1
04-02-2010,7.026071072,7.084642887,6.841785908,6.858929157,5.798900127,757652000,14764.61,217.488,9.8,0.11,47501000000.0,31555000000.0,5263000000,17222000000.0,42905000000.0,11740000000.0,0,326000000,8235000000,1144000000,-17434000000,663000000.0,-1
05-02-2010,6.879642963,7.0,6.816071033,6.980713844,5.901864052,850306800,14764.61,217.488,9.8,0.11,47501000000.0,31555000000.0,5263000000,17222000000.0,42905000000.0,11740000000.0,0,326000000,8235000000,1144000000,-17434000000,663000000.0,1
08-02-2010,6.988928795,7.067142963,6.928571224,6.932857037,5.861403942,478270800,14764.61,217.488,9.8,0.11,47501000000.0,31555000000.0,5263000000,17222000000.0,42905000000.0,11740000000.0,0,326000000,8235000000,1144000000,-17434000000,663000000.0,-1
09-02-2010,7.014999866,7.053571224,6.955357075,7.00678587,5.923905373,632886800,14764.61,217.488,9.8,0.11,47501000000.0,31555000000.0,5263000000,17222000000.0,42905000000.0,11740000000.0,0,326000000,8235000000,1144000000,-17434000000,663000000.0,-1
10-02-2010,6.996070862,7.021429062,6.937857151,6.968571186,5.891597748,370361600,14764.61,217.488,9.8,0.11,47501000000.0,31555000000.0,5263000000,17222000000.0,42905000000.0,11740000000.0,0,326000000,8235000000,1144000000,-17434000000,663000000.0,-1
11-02-2010,6.960000038,7.133928776,6.93071413,7.095356941,5.998788357,550345600,14764.61,217.488,9.8,0.11,47501000000.0,31555000000.0,5263000000,17222000000.0,42905000000.0,11740000000.0,0,326000000,8235000000,1144000000,-17434000000,663000000.0,1
12-02-2010,7.07535696,7.20142889,6.982142925,7.156428814,6.050422668,655468800,14764.61,217.488,9.8,0.11,47501000000.0,31555000000.0,5263000000,17222000000.0,42905000000.0,11740000000.0,0,326000000,8235000000,1144000000,-17434000000,663000000.0,1
16-02-2010,7.212142944,7.274642944,7.197143078,7.264286041,6.141612053,543737600,14764.61,217.488,9.8,0.11,47501000000.0,31555000000.0,5263000000,17222000000.0,42905000000.0,11740000000.0,0,326000000,8235000000,1144000000,-17434000000,663000000.0,1
17-02-2010,7.292500019,7.296785831,7.17357111,7.233929157,6.115944386,436396800,14764.61,217.488,9.8,0.11,47501000000.0,31555000000.0,5263000000,17222000000.0,42905000000.0,11740000000.0,0,326000000,8235000000,1144000000,-17434000000,663000000.0,-1
18-02-2010,7.201070786,7.281785965,7.175714016,7.247499943,6.127420425,422825200,14764.61,217.488,9.8,0.11,47501000000.0,31555000000.0,5263000000,17222000000.0,42905000000.0,11740000000.0,0,326000000,8235000000,1144000000,-17434000000,663000000.0,1
19-02-2010,7.209286213,7.257143021,7.182499886,7.202499866,6.089373589,415469600,14764.61,217.488,9.8,0.11,47501000000.0,31555000000.0,5263000000,17222000000.0,42905000000.0,11740000000.0,0,326000000,8235000000,1144000000,-17434000000,663000000.0,-1
22-02-2010,7.226428986,7.232142925,7.113928795,7.157856941,6.051629066,390563600,14764.61,217.488,9.8,0.11,47501000000.0,31555000000.0,5263000000,17222000000.0,42905000000.0,11740000000.0,0,326000000,8235000000,1144000000,-17434000000,663000000.0,-1
23-02-2010,7.142857075,7.190357208,6.989643097,7.037857056,5.950176239,575094800,14764.61,217.488,9.8,0.11,47501000000.0,31555000000.0,5263000000,17222000000.0,42905000000.0,11740000000.0,0,326000000,8235000000,1144000000,-17434000000,663000000.0,-1
24-02-2010,7.079642773,7.19428587,7.065713882,7.166429043,6.058876038,460566400,14764.61,217.488,9.8,0.11,47501000000.0,31555000000.0,5263000000,17222000000.0,42905000000.0,11740000000.0,0,326000000,8235000000,1144000000,-17434000000,663000000.0,1
25-02-2010,7.049285889,7.244999886,7.031785965,7.214285851,6.099338531,665126000,14764.61,217.488,9.8,0.11,47501000000.0,31555000000.0,5263000000,17222000000.0,42905000000.0,11740000000.0,0,326000000,8235000000,1144000000,-17434000000,663000000.0,1
26-02-2010,7.227857113,7.327499866,7.214285851,7.307857037,6.178447723,507460800,14764.61,217.488,9.8,0.11,47501000000.0,31555000000.0,5263000000,17222000000.0,42905000000.0,11740000000.0,0,326000000,8235000000,1144000000,-17434000000,663000000.0,1
01-03-2010,7.348214149,7.482142925,7.337500095,7.463929176,6.310398102,550093600,14764.61,217.488,9.8,0.11,47501000000.0,31555000000.0,5263000000,17222000000.0,42905000000.0,11740000000.0,0,326000000,8235000000,1144000000,-17434000000,663000000.0,1
02-03-2010,7.497499943,7.529643059,7.419285774,7.458929062,6.30617094,566546400,14764.61,217.488,9.8,0.11,47501000000.0,31555000000.0,5263000000,17222000000.0,42905000000.0,11740000000.0,0,326000000,8235000000,1144000000,-17434000000,663000000.0,-1
03-03-2010,7.462142944,7.495357037,7.426428795,7.476070881,6.320664883,372052800,14764.61,217.488,9.8,0.11,47501000000.0,31555000000.0,5263000000,17222000000.0,42905000000.0,11740000000.0,0,326000000,8235000000,1144000000,-17434000000,663000000.0,1
04-03-2010,7.474286079,7.532856941,7.451070786,7.52535677,6.362334728,366041200,14764.61,217.488,9.8,0.11,47501000000.0,31555000000.0,5263000000,17222000000.0,42905000000.0,11740000000.0,0,326000000,8235000000,1144000000,-17434000000,663000000.0,1
05-03-2010,7.676428795,7.846428871,7.665357113,7.819643021,6.61113739,899620400,14764.61,217.488,9.8,0.11,47501000000.0,31555000000.0,5263000000,17222000000.0,42905000000.0,11740000000.0,0,326000000,8235000000,1144000000,-17434000000,663000000.0,1
08-03-2010,7.857500076,7.860356808,7.794642925,7.824285984,6.615064144,429889600,14764.61,217.488,9.8,0.11,47501000000.0,31555000000.0,5263000000,17222000000.0,42905000000.0,11740000000.0,0,326000000,8235000000,1144000000,-17434000000,663000000.0,-1
09-03-2010,7.796785831,8.035714149,7.781785965,7.965000153,6.7340312,920259200,14764.61,217.488,9.8,0.11,47501000000.0,31555000000.0,5263000000,17222000000.0,42905000000.0,11740000000.0,0,326000000,8235000000,1144000000,-17434000000,663000000.0,1
10-03-2010,7.993928909,8.052857399,7.971428871,8.029999733,6.788985729,596218000,14764.61,217.488,9.8,0.11,47501000000.0,31555000000.0,5263000000,17222000000.0,42905000000.0,11740000000.0,0,326000000,8235000000,1144000000,-17434000000,663000000.0,1
11-03-2010,7.996786118,8.053570747,7.975714207,8.053570747,6.808913708,405700400,14764.61,217.488,9.8,0.11,47501000000.0,31555000000.0,5263000000,17222000000.0,42905000000.0,11740000000.0,0,326000000,8235000000,1144000000,-17434000000,663000000.0,1
12-03-2010,8.12035656,8.133213997,8.0625,8.092857361,6.8421278,416323600,14764.61,217.488,9.8,0.11,47501000000.0,31555000000.0,5263000000,17222000000.0,42905000000.0,11740000000.0,0,326000000,8235000000,1144000000,-17434000000,663000000.0,-1
15-03-2010,8.049285889,8.053570747,7.866071224,7.99428606,6.758790493,493502800,14764.61,217.488,9.8,0.11,47501000000.0,31555000000.0,5263000000,17222000000.0,42905000000.0,11740000000.0,0,326000000,8235000000,1144000000,-17434000000,663000000.0,-1
16-03-2010,8.006428719,8.034999847,7.946785927,8.01607132,6.777209282,446908000,14764.61,217.488,9.8,0.11,47501000000.0,31555000000.0,5263000000,17222000000.0,42905000000.0,11740000000.0,0,326000000,8235000000,1144000000,-17434000000,663000000.0,1
17-03-2010,8.032142639,8.087499619,7.973928928,8.004285812,6.767246246,450956800,14764.61,217.488,9.8,0.11,47501000000.0,31555000000.0,5263000000,17222000000.0,42905000000.0,11740000000.0,0,326000000,8235000000,1144000000,-17434000000,663000000.0,-1
18-03-2010,8.003570557,8.035714149,7.95035696,8.02321434,6.783248901,342109600,14764.61,217.488,9.8,0.11,47501000000.0,31555000000.0,5263000000,17222000000.0,42905000000.0,11740000000.0,0,326000000,8235000000,1144000000,-17434000000,663000000.0,1
19-03-2010,8.028214455,8.044285774,7.901071072,7.9375,6.710778713,559445600,14764.61,217.488,9.8,0.11,47501000000.0,31555000000.0,5263000000,17222000000.0,42905000000.0,11740000000.0,0,326000000,8235000000,1144000000,-17434000000,663000000.0,-1
22-03-2010,7.873929024,8.071429253,7.862500191,8.026785851,6.786269188,456419600,14764.61,217.488,9.8,0.11,47501000000.0,31555000000.0,5263000000,17222000000.0,42905000000.0,11740000000.0,0,326000000,8235000000,1144000000,-17434000000,663000000.0,1
23-03-2010,8.058570862,8.170714378,8.003570557,8.155714035,6.895270348,602431200,14764.61,217.488,9.8,0.11,47501000000.0,31555000000.0,5263000000,17222000000.0,42905000000.0,11740000000.0,0,326000000,8235000000,1144000000,-17434000000,663000000.0,1
24-03-2010,8.130000114,8.221428871,8.125356674,8.191785812,6.925765038,597780400,14764.61,217.488,9.8,0.11,47501000000.0,31555000000.0,5263000000,17222000000.0,42905000000.0,11740000000.0,0,326000000,8235000000,1144000000,-17434000000,663000000.0,1
25-03-2010,8.247142792,8.248929024,8.080356598,8.094642639,6.84363699,542284400,14764.61,217.488,9.8,0.11,47501000000.0,31555000000.0,5263000000,17222000000.0,42905000000.0,11740000000.0,0,326000000,8235000000,1144000000,-17434000000,663000000.0,-1
26-03-2010,8.176786423,8.283928871,8.162500381,8.246429443,6.971966267,640875200,14764.61,217.488,9.8,0.11,47501000000.0,31555000000.0,5263000000,17222000000.0,42905000000.0,11740000000.0,0,326000000,8235000000,1144000000,-17434000000,663000000.0,1
29-03-2010,8.321429253,8.352499962,8.272143364,8.299642563,7.016954899,540744400,14764.61,217.488,9.8,0.11,47501000000.0,31555000000.0,5263000000,17222000000.0,42905000000.0,11740000000.0,0,326000000,8235000000,1144000000,-17434000000,663000000.0,-1
30-03-2010,8.449999809,8.4814291,8.366070747,8.423213959,7.121427536,527310000,14764.61,217.488,9.8,0.11,47501000000.0,31555000000.0,5263000000,17222000000.0,42905000000.0,11740000000.0,0,326000000,8235000000,1144000000,-17434000000,663000000.0,-1
31-03-2010,8.410357475,8.450357437,8.373571396,8.392856598,7.095761776,430659600,14764.61,217.488,9.8,0.11,47501000000.0,31555000000.0,5263000000,17222000000.0,42905000000.0,11740000000.0,0,326000000,8235000000,1144000000,-17434000000,663000000.0,-1
01-04-2010,8.478928566,8.526070595,8.3125,8.427499771,7.125051022,603145200,14980.193,217.403,9.9,0.2,47501000000.0,31555000000.0,5263000000,17222000000.0,42905000000.0,11740000000.0,0,326000000,8235000000,1144000000,-17434000000,663000000.0,-1
05-04-2010,8.39214325,8.518214226,8.384642601,8.517499924,7.201144218,684507600,14980.193,217.403,9.9,0.2,47501000000.0,31555000000.0,5263000000,17222000000.0,42905000000.0,11740000000.0,0,326000000,8235000000,1144000000,-17434000000,663000000.0,1
06-04-2010,8.507143021,8.579999924,8.464285851,8.555000305,7.232847214,447017200,14980.193,217.403,9.9,0.2,47501000000.0,31555000000.0,5263000000,17222000000.0,42905000000.0,11740000000.0,0,326000000,8235000000,1144000000,-17434000000,663000000.0,1
07-04-2010,8.555356979,8.640000343,8.523571014,8.592857361,7.264853477,628502000,14980.193,217.403,9.9,0.2,47501000000.0,31555000000.0,5263000000,17222000000.0,42905000000.0,11740000000.0,0,326000000,8235000000,1144000000,-17434000000,663000000.0,1
08-04-2010,8.587142944,8.626428604,8.501428604,8.569643021,7.24522686,572989200,14980.193,217.403,9.9,0.2,47501000000.0,31555000000.0,5263000000,17222000000.0,42905000000.0,11740000000.0,0,326000000,8235000000,1144000000,-17434000000,663000000.0,-1
09-04-2010,8.62250042,8.638929367,8.587857246,8.635356903,7.300786972,334182800,14980.193,217.403,9.9,0.2,47501000000.0,31555000000.0,5263000000,17222000000.0,42905000000.0,11740000000.0,0,326000000,8235000000,1144000000,-17434000000,663000000.0,1
12-04-2010,8.649999619,8.681071281,8.636071205,8.653214455,7.315884113,333026400,14980.193,217.403,9.9,0.2,47501000000.0,31555000000.0,5263000000,17222000000.0,42905000000.0,11740000000.0,0,326000000,8235000000,1144000000,-17434000000,663000000.0,1
13-04-2010,8.637857437,8.67142868,8.611070633,8.658213615,7.320112228,306210800,14980.193,217.403,9.9,0.2,47501000000.0,31555000000.0,5263000000,17222000000.0,42905000000.0,11740000000.0,0,326000000,8235000000,1144000000,-17434000000,663000000.0,1
14-04-2010,8.760000229,8.778928757,8.716786385,8.774642944,7.4185462,404076400,14980.193,217.403,9.9,0.2,47501000000.0,31555000000.0,5263000000,17222000000.0,42905000000.0,11740000000.0,0,326000000,8235000000,1144000000,-17434000000,663000000.0,1
15-04-2010,8.777856827,8.893928528,8.768214226,8.890000343,7.516077518,376784800,14980.193,217.403,9.9,0.2,47501000000.0,31555000000.0,5263000000,17222000000.0,42905000000.0,11740000000.0,0,326000000,8235000000,1144000000,-17434000000,663000000.0,1
16-04-2010,8.87749958,8.969285965,8.73392868,8.83571434,7.470179081,750545600,14980.193,217.403,9.9,0.2,47501000000.0,31555000000.0,5263000000,17222000000.0,42905000000.0,11740000000.0,0,326000000,8235000000,1144000000,-17434000000,663000000.0,-1
19-04-2010,8.822500229,8.853214264,8.634642601,8.823928833,7.460215092,566924400,14980.193,217.403,9.9,0.2,47501000000.0,31555000000.0,5263000000,17222000000.0,42905000000.0,11740000000.0,0,326000000,8235000000,1144000000,-17434000000,663000000.0,1
20-04-2010,8.876428604,8.901785851,8.677143097,8.735357285,7.385330677,738326400,14980.193,217.403,9.9,0.2,47501000000.0,31555000000.0,5263000000,17222000000.0,42905000000.0,11740000000.0,0,326000000,8235000000,1144000000,-17434000000,663000000.0,-1
21-04-2010,9.242856979,9.294643402,9.133213997,9.257857323,7.827079296,982391200,14980.193,217.403,9.9,0.2,47501000000.0,31555000000.0,5263000000,17222000000.0,42905000000.0,11740000000.0,0,326000000,8235000000,1144000000,-17434000000,663000000.0,1
22-04-2010,9.222857475,9.526785851,9.149999619,9.516785622,8.045992851,793424800,14980.193,217.403,9.9,0.2,47501000000.0,31555000000.0,5263000000,17222000000.0,42905000000.0,11740000000.0,0,326000000,8235000000,1144000000,-17434000000,663000000.0,1
23-04-2010,9.571070671,9.720713615,9.535714149,9.672499657,8.177642822,796955600,14980.193,217.403,9.9,0.2,47501000000.0,31555000000.0,5263000000,17222000000.0,42905000000.0,11740000000.0,0,326000000,8235000000,1144000000,-17434000000,663000000.0,1
26-04-2010,9.710000038,9.730713844,9.578213692,9.625,8.13748455,479068800,14980.193,217.403,9.9,0.2,47501000000.0,31555000000.0,5263000000,17222000000.0,42905000000.0,11740000000.0,0,326000000,8235000000,1144000000,-17434000000,663000000.0,-1
27-04-2010,9.54535675,9.565713882,9.304286003,9.358571053,7.912227631,709343600,14980.193,217.403,9.9,0.2,47501000000.0,31555000000.0,5263000000,17222000000.0,42905000000.0,11740000000.0,0,326000000,8235000000,1144000000,-17434000000,663000000.0,-1
28-04-2010,9.401785851,9.428570747,9.157500267,9.342857361,7.898945332,758402400,14980.193,217.403,9.9,0.2,47501000000.0,31555000000.0,5263000000,17222000000.0,42905000000.0,11740000000.0,0,326000000,8235000000,1144000000,-17434000000,663000000.0,-1
29-04-2010,9.3935709,9.642856598,9.357500076,9.594285965,8.111514091,558840800,14980.193,217.403,9.9,0.2,47501000000.0,31555000000.0,5263000000,17222000000.0,42905000000.0,11740000000.0,0,326000000,8235000000,1144000000,-17434000000,663000000.0,1
30-04-2010,9.618213654,9.66321373,9.321429253,9.324643135,7.883543968,542463600,14980.193,217.403,9.9,0.2,47501000000.0,31555000000.0,5263000000,17222000000.0,42905000000.0,11740000000.0,0,326000000,8235000000,1144000000,-17434000000,663000000.0,-1
03-05-2010,9.422857285,9.56714344,9.388570786,9.512499809,8.042367935,454342000,14980.193,217.403,9.9,0.2,47501000000.0,31555000000.0,5263000000,17222000000.0,42905000000.0,11740000000.0,0,326000000,8235000000,1144000000,-17434000000,663000000.0,1
04-05-2010,9.388929367,9.403214455,9.169643402,9.238571167,7.810774803,723819600,14980.193,217.403,9.9,0.2,47501000000.0,31555000000.0,5263000000,17222000000.0,42905000000.0,11740000000.0,0,326000000,8235000000,1144000000,-17434000000,663000000.0,-1
05-05-2010,9.036786079,9.219285965,8.883213997,9.142499924,7.729552746,883103200,14980.193,217.403,9.9,0.2,47501000000.0,31555000000.0,5263000000,17222000000.0,42905000000.0,11740000000.0,0,326000000,8235000000,1144000000,-17434000000,663000000.0,1
06-05-2010,9.065357208,9.223214149,7.116071224,8.794643402,7.435455799,1285860800,14980.193,217.403,9.9,0.2,47501000000.0,31555000000.0,5263000000,17222000000.0,42905000000.0,11740000000.0,0,326000000,8235000000,1144000000,-17434000000,663000000.0,-1
07-05-2010,8.703928947,8.806071281,8.043213844,8.423570633,7.121731281,1676018400,14980.193,217.403,9.9,0.2,47501000000.0,31555000000.0,5263000000,17222000000.0,42905000000.0,11740000000.0,0,326000000,8235000000,1144000000,-17434000000,663000000.0,-1
10-05-2010,8.9375,9.094642639,8.876070976,9.071070671,7.669161797,984306400,14980.193,217.403,9.9,0.2,47501000000.0,31555000000.0,5263000000,17222000000.0,42905000000.0,11740000000.0,0,326000000,8235000000,1144000000,-17434000000,663000000.0,1
11-05-2010,8.994285583,9.281785965,8.946429253,9.161429405,7.745555878,848906800,14980.193,217.403,9.9,0.2,47501000000.0,31555000000.0,5263000000,17222000000.0,42905000000.0,11740000000.0,0,326000000,8235000000,1144000000,-17434000000,663000000.0,1
12-05-2010,9.258570671,9.397500038,9.239286423,9.360357285,7.913739204,654379600,14980.193,217.403,9.9,0.2,47501000000.0,31555000000.0,5263000000,17222000000.0,42905000000.0,11740000000.0,0,326000000,8235000000,1144000000,-17434000000,663000000.0,1
13-05-2010,9.400713921,9.464285851,9.157142639,9.227143288,7.801114559,599712400,14980.193,217.403,9.9,0.2,47501000000.0,31555000000.0,5263000000,17222000000.0,42905000000.0,11740000000.0,0,326000000,8235000000,1144000000,-17434000000,663000000.0,-1
14-05-2010,9.112856865,9.159999847,8.910714149,9.06499958,7.664028168,759362800,14980.193,217.403,9.9,0.2,47501000000.0,31555000000.0,5263000000,17222000000.0,42905000000.0,11740000000.0,0,326000000,8235000000,1144000000,-17434000000,663000000.0,-1
17-05-2010,9.096428871,9.14928627,8.846785545,9.079285622,7.676103592,762834800,14980.193,217.403,9.9,0.2,47501000000.0,31555000000.0,5263000000,17222000000.0,42905000000.0,11740000000.0,0,326000000,8235000000,1144000000,-17434000000,663000000.0,-1
18-05-2010,9.177857399,9.23392868,8.937856674,9.012857437,7.619945049,782678400,14980.193,217.403,9.9,0.2,47501000000.0,31555000000.0,5263000000,17222000000.0,42905000000.0,11740000000.0,0,326000000,8235000000,1144000000,-17434000000,663000000.0,-1
19-05-2010,8.910714149,9.032856941,8.744643211,8.869285583,7.498560905,1025726800,14980.193,217.403,9.9,0.2,47501000000.0,31555000000.0,5263000000,17222000000.0,42905000000.0,11740000000.0,0,326000000,8235000000,1144000000,-17434000000,663000000.0,-1
20-05-2010,8.638570786,8.708929062,8.436071396,8.491429329,7.179101944,1282915200,14980.193,217.403,9.9,0.2,47501000000.0,31555000000.0,5263000000,17222000000.0,42905000000.0,11740000000.0,0,326000000,8235000000,1144000000,-17434000000,663000000.0,-1
21-05-2010,8.31499958,8.732143402,8.262499809,8.654286385,7.316791058,1223891200,14980.193,217.403,9.9,0.2,47501000000.0,31555000000.0,5263000000,17222000000.0,42905000000.0,11740000000.0,0,326000000,8235000000,1144000000,-17434000000,663000000.0,1
24-05-2010,8.831428528,8.96071434,8.795000076,8.812856674,7.45085001,754238800,14980.193,217.403,9.9,0.2,47501000000.0,31555000000.0,5263000000,17222000000.0,42905000000.0,11740000000.0,0,326000000,8235000000,1144000000,-17434000000,663000000.0,-1
25-05-2010,8.548213959,8.812856674,8.470000267,8.757857323,7.404354095,1048006400,14980.193,217.403,9.9,0.2,47501000000.0,31555000000.0,5263000000,17222000000.0,42905000000.0,11740000000.0,0,326000000,8235000000,1144000000,-17434000000,663000000.0,1
26-05-2010,8.931428909,9.00464344,8.705356598,8.718214035,7.370837688,850654000,14980.193,217.403,9.9,0.2,47501000000.0,31555000000.0,5263000000,17222000000.0,42905000000.0,11740000000.0,0,326000000,8235000000,1144000000,-17434000000,663000000.0,-1
27-05-2010,8.949999809,9.067500114,8.896785736,9.048213959,7.64983654,666282400,14980.193,217.403,9.9,0.2,47501000000.0,31555000000.0,5263000000,17222000000.0,42905000000.0,11740000000.0,0,326000000,8235000000,1144000000,-17434000000,663000000.0,1
28-05-2010,9.263929367,9.264286041,9.048213959,9.174285889,7.756420135,815614800,14980.193,217.403,9.9,0.2,47501000000.0,31555000000.0,5263000000,17222000000.0,42905000000.0,11740000000.0,0,326000000,8235000000,1144000000,-17434000000,663000000.0,-1
01-06-2010,9.274642944,9.497857094,9.248571396,9.315357208,7.875692844,876472800,14980.193,217.403,9.9,0.2,47501000000.0,31555000000.0,5263000000,17222000000.0,42905000000.0,11740000000.0,0,326000000,8235000000,1144000000,-17434000000,663000000.0,1
02-06-2010,9.447856903,9.45714283,9.297499657,9.426786423,7.969901562,688548000,14980.193,217.403,9.9,0.2,47501000000.0,31555000000.0,5263000000,17222000000.0,42905000000.0,11740000000.0,0,326000000,8235000000,1144000000,-17434000000,663000000.0,-1
03-06-2010,9.470713615,9.48392868,9.300356865,9.397143364,7.944840431,650106800,14980.193,217.403,9.9,0.2,47501000000.0,31555000000.0,5263000000,17222000000.0,42905000000.0,11740000000.0,0,326000000,8235000000,1144000000,-17434000000,663000000.0,-1
04-06-2010,9.221785545,9.353570938,9.093929291,9.141428947,7.728646278,758304400,14980.193,217.403,9.9,0.2,47501000000.0,31555000000.0,5263000000,17222000000.0,42905000000.0,11740000000.0,0,326000000,8235000000,1144000000,-17434000000,663000000.0,-1
07-06-2010,9.224642754,9.255356789,8.948213577,8.962142944,7.577067852,886942000,14980.193,217.403,9.9,0.2,47501000000.0,31555000000.0,5263000000,17222000000.0,42905000000.0,11740000000.0,0,326000000,8235000000,1144000000,-17434000000,663000000.0,-1
08-06-2010,9.044285774,9.064286232,8.77321434,8.904643059,7.528454781,1000770400,14980.193,217.403,9.9,0.2,47501000000.0,31555000000.0,5263000000,17222000000.0,42905000000.0,11740000000.0,0,326000000,8235000000,1144000000,-17434000000,663000000.0,-1
09-06-2010,8.981071472,8.996429443,8.660357475,8.685713768,7.343360424,854630000,14980.193,217.403,9.9,0.2,47501000000.0,31555000000.0,5263000000,17222000000.0,42905000000.0,11740000000.0,0,326000000,8235000000,1144000000,-17434000000,663000000.0,-1
10-06-2010,8.744285583,8.963570595,8.649999619,8.946785927,7.564086437,776356000,14980.193,217.403,9.9,0.2,47501000000.0,31555000000.0,5263000000,17222000000.0,42905000000.0,11740000000.0,0,326000000,8235000000,1144000000,-17434000000,663000000.0,1
11-06-2010,8.865357399,9.066429138,8.834643364,9.053929329,7.654669285,545759200,14980.193,217.403,9.9,0.2,47501000000.0,31555000000.0,5263000000,17222000000.0,42905000000.0,11740000000.0,0,326000000,8235000000,1144000000,-17434000000,663000000.0,1
14-06-2010,9.141428947,9.255356789,9.071785927,9.081428528,7.677917957,602960400,14980.193,217.403,9.9,0.2,47501000000.0,31555000000.0,5263000000,17222000000.0,42905000000.0,11740000000.0,0,326000000,8235000000,1144000000,-17434000000,663000000.0,-1
15-06-2010,9.130000114,9.280357361,9.125,9.274642944,7.841274261,585074000,14980.193,217.403,9.9,0.2,47501000000.0,31555000000.0,5263000000,17222000000.0,42905000000.0,11740000000.0,0,326000000,8235000000,1144000000,-17434000000,663000000.0,1
16-06-2010,9.324999809,9.5625,9.308214188,9.544643402,8.069540977,783678000,14980.193,217.403,9.9,0.2,47501000000.0,31555000000.0,5263000000,17222000000.0,42905000000.0,11740000000.0,0,326000000,8235000000,1144000000,-17434000000,663000000.0,1
17-06-2010,9.66428566,9.746429443,9.625,9.709643364,8.209044456,872855200,14980.193,217.403,9.9,0.2,47501000000.0,31555000000.0,5263000000,17222000000.0,42905000000.0,11740000000.0,0,326000000,8235000000,1144000000,-17434000000,663000000.0,1
18-06-2010,9.723214149,9.821429253,9.693571091,9.78821373,8.275472641,784621600,14980.193,217.403,9.9,0.2,47501000000.0,31555000000.0,5263000000,17222000000.0,42905000000.0,11740000000.0,0,326000000,8235000000,1144000000,-17434000000,663000000.0,1
21-06-2010,9.917499542,9.964642525,9.597499847,9.648928642,8.157717705,776490400,14980.193,217.403,9.9,0.2,47501000000.0,31555000000.0,5263000000,17222000000.0,42905000000.0,11740000000.0,0,326000000,8235000000,1144000000,-17434000000,663000000.0,-1
22-06-2010,9.720000267,9.856071472,9.696429253,9.780357361,8.268830299,717262000,14980.193,217.403,9.9,0.2,47501000000.0,31555000000.0,5263000000,17222000000.0,42905000000.0,11740000000.0,0,326000000,8235000000,1144000000,-17434000000,663000000.0,1
23-06-2010,9.806428909,9.809286118,9.567856789,9.677499771,8.181869507,768457200,14980.193,217.403,9.9,0.2,47501000000.0,31555000000.0,5263000000,17222000000.0,42905000000.0,11740000000.0,0,326000000,8235000000,1144000000,-17434000000,663000000.0,-1
24-06-2010,9.678570747,9.757143021,9.574999809,9.607143402,8.122385979,714277200,14980.193,217.403,9.9,0.2,47501000000.0,31555000000.0,5263000000,17222000000.0,42905000000.0,11740000000.0,0,326000000,8235000000,1144000000,-17434000000,663000000.0,-1
25-06-2010,9.645000458,9.652500153,9.493213654,9.524999619,8.052934647,549942400,14980.193,217.403,9.9,0.2,47501000000.0,31555000000.0,5263000000,17222000000.0,42905000000.0,11740000000.0,0,326000000,8235000000,1144000000,-17434000000,663000000.0,-1
28-06-2010,9.533213615,9.633929253,9.447142601,9.58214283,8.101246834,584948000,14980.193,217.403,9.9,0.2,47501000000.0,31555000000.0,5263000000,17222000000.0,42905000000.0,11740000000.0,0,326000000,8235000000,1144000000,-17434000000,663000000.0,1
29-06-2010,9.43285656,9.442500114,9.08214283,9.148928642,7.734989166,1133344800,14980.193,217.403,9.9,0.2,47501000000.0,31555000000.0,5263000000,17222000000.0,42905000000.0,11740000000.0,0,326000000,8235000000,1144000000,-17434000000,663000000.0,-1
30-06-2010,9.168213844,9.213213921,8.928929329,8.983214378,7.594882011,739452000,14980.193,217.403,9.9,0.2,47501000000.0,31555000000.0,5263000000,17222000000.0,42905000000.0,11740000000.0,0,326000000,8235000000,1144000000,-17434000000,663000000.0,-1
01-07-2010,9.08214283,9.100000381,8.686429024,8.874285698,7.502789497,1022896000,15141.607,217.605,9.4,0.18,47501000000.0,31555000000.0,5263000000,17222000000.0,42905000000.0,11740000000.0,0,326000000,8235000000,1144000000,-17434000000,663000000.0,-1
02-07-2010,8.946070671,8.96178627,8.685713768,8.819286346,7.456289768,693842800,15141.607,217.605,9.4,0.18,47501000000.0,31555000000.0,5263000000,17222000000.0,42905000000.0,11740000000.0,0,326000000,8235000000,1144000000,-17434000000,663000000.0,-1
06-07-2010,8.964285851,9.028571129,8.791428566,8.87964344,7.507318974,615235600,15141.607,217.605,9.4,0.18,47501000000.0,31555000000.0,5263000000,17222000000.0,42905000000.0,11740000000.0,0,326000000,8235000000,1144000000,-17434000000,663000000.0,-1
07-07-2010,8.946070671,9.241786003,8.919643402,9.238213539,7.810471535,654556000,15141.607,217.605,9.4,0.18,47501000000.0,31555000000.0,5263000000,17222000000.0,42905000000.0,11740000000.0,0,326000000,8235000000,1144000000,-17434000000,663000000.0,1
08-07-2010,9.374285698,9.389286041,9.103214264,9.217499733,7.79295826,738144400,15141.607,217.605,9.4,0.18,47501000000.0,31555000000.0,5263000000,17222000000.0,42905000000.0,11740000000.0,0,326000000,8235000000,1144000000,-17434000000,663000000.0,-1
09-07-2010,9.174642563,9.282142639,9.112856865,9.272143364,7.839161396,433322400,15141.607,217.605,9.4,0.18,47501000000.0,31555000000.0,5263000000,17222000000.0,42905000000.0,11740000000.0,0,326000000,8235000000,1144000000,-17434000000,663000000.0,1
12-07-2010,9.233214378,9.35178566,9.102143288,9.188928604,7.76880455,562878400,15141.607,217.605,9.4,0.18,47501000000.0,31555000000.0,5263000000,17222000000.0,42905000000.0,11740000000.0,0,326000000,8235000000,1144000000,-17434000000,663000000.0,-1
13-07-2010,9.154286385,9.157142639,8.801071167,8.992856979,7.603033543,1190924000,15141.607,217.605,9.4,0.18,47501000000.0,31555000000.0,5263000000,17222000000.0,42905000000.0,11740000000.0,0,326000000,8235000000,1144000000,-17434000000,663000000.0,-1
14-07-2010,8.906429291,9.135713577,8.892856598,9.026070595,7.631114006,812047600,15141.607,217.605,9.4,0.18,47501000000.0,31555000000.0,5263000000,17222000000.0,42905000000.0,11740000000.0,0,326000000,8235000000,1144000000,-17434000000,663000000.0,1
15-07-2010,8.865357399,9.177499771,8.83214283,8.98035717,7.592469215,824866000,15141.607,217.605,9.4,0.18,47501000000.0,31555000000.0,5263000000,17222000000.0,42905000000.0,11740000000.0,0,326000000,8235000000,1144000000,-17434000000,663000000.0,1
16-07-2010,9.042142868,9.106071472,8.871786118,8.925000191,7.545665741,1039858400,15141.607,217.605,9.4,0.18,47501000000.0,31555000000.0,5263000000,17222000000.0,42905000000.0,11740000000.0,0,326000000,8235000000,1144000000,-17434000000,663000000.0,-1
19-07-2010,8.924285889,8.924285889,8.557143211,8.770713806,7.415224075,1024478000,15141.607,217.605,9.4,0.18,47501000000.0,31555000000.0,5263000000,17222000000.0,42905000000.0,11740000000.0,0,326000000,8235000000,1144000000,-17434000000,663000000.0,-1
20-07-2010,8.675000191,9.032142639,8.571785927,8.996070862,7.605754375,1074950800,15141.607,217.605,9.4,0.18,47501000000.0,31555000000.0,5263000000,17222000000.0,42905000000.0,11740000000.0,0,326000000,8235000000,1144000000,-17434000000,663000000.0,1
21-07-2010,9.467499733,9.469642639,9.071429253,9.079999924,7.676706314,1185671200,15141.607,217.605,9.4,0.18,47501000000.0,31555000000.0,5263000000,17222000000.0,42905000000.0,11740000000.0,0,326000000,8235000000,1144000000,-17434000000,663000000.0,-1
22-07-2010,9.202857018,9.285714149,9.118213654,9.250714302,7.821042061,645318800,15141.607,217.605,9.4,0.18,47501000000.0,31555000000.0,5263000000,17222000000.0,42905000000.0,11740000000.0,0,326000000,8235000000,1144000000,-17434000000,663000000.0,1
23-07-2010,9.181785583,9.299285889,9.152856827,9.283571243,7.848821163,533388800,15141.607,217.605,9.4,0.18,47501000000.0,31555000000.0,5263000000,17222000000.0,42905000000.0,11740000000.0,0,326000000,8235000000,1144000000,-17434000000,663000000.0,1
26-07-2010,9.285714149,9.28928566,9.203928947,9.260000229,7.828891754,420551600,15141.607,217.605,9.4,0.18,47501000000.0,31555000000.0,5263000000,17222000000.0,42905000000.0,11740000000.0,0,326000000,8235000000,1144000000,-17434000000,663000000.0,-1
27-07-2010,9.316785812,9.45714283,9.29642868,9.431428909,7.973828316,584771600,15141.607,217.605,9.4,0.18,47501000000.0,31555000000.0,5263000000,17222000000.0,42905000000.0,11740000000.0,0,326000000,8235000000,1144000000,-17434000000,663000000.0,1
28-07-2010,9.416786194,9.499643326,9.294643402,9.319999695,7.879618645,519985200,15141.607,217.605,9.4,0.18,47501000000.0,31555000000.0,5263000000,17222000000.0,42905000000.0,11740000000.0,0,326000000,8235000000,1144000000,-17434000000,663000000.0,-1
29-07-2010,9.311071396,9.380356789,9.146429062,9.218214035,7.793566227,643806800,15141.607,217.605,9.4,0.18,47501000000.0,31555000000.0,5263000000,17222000000.0,42905000000.0,11740000000.0,0,326000000,8235000000,1144000000,-17434000000,663000000.0,-1
30-07-2010,9.138929367,9.274999619,9.103570938,9.1875,7.767598152,448210000,15141.607,217.605,9.4,0.18,47501000000.0,31555000000.0,5263000000,17222000000.0,42905000000.0,11740000000.0,0,326000000,8235000000,1144000000,-17434000000,663000000.0,1
02-08-2010,9.301428795,9.378213882,9.272143364,9.35178566,7.906491756,428055600,15141.607,217.605,9.4,0.18,47501000000.0,31555000000.0,5263000000,17222000000.0,42905000000.0,11740000000.0,0,326000000,8235000000,1144000000,-17434000000,663000000.0,1
03-08-2010,9.321785927,9.402142525,9.265000343,9.354642868,7.90890646,417653600,15141.607,217.605,9.4,0.18,47501000000.0,31555000000.0,5263000000,17222000000.0,42905000000.0,11740000000.0,0,326000000,8235000000,1144000000,-17434000000,663000000.0,1
04-08-2010,9.387143135,9.438570976,9.296786308,9.39214325,7.940610886,420375200,15141.607,217.605,9.4,0.18,47501000000.0,31555000000.0,5263000000,17222000000.0,42905000000.0,11740000000.0,0,326000000,8235000000,1144000000,-17434000000,663000000.0,1
05-08-2010,9.347499847,9.39928627,9.305356979,9.346428871,7.901965618,289097200,15141.607,217.605,9.4,0.18,47501000000.0,31555000000.0,5263000000,17222000000.0,42905000000.0,11740000000.0,0,326000000,8235000000,1144000000,-17434000000,663000000.0,-1
06-08-2010,9.277856827,9.338929176,9.201070786,9.288928986,7.853348255,444897600,15141.607,217.605,9.4,0.18,47501000000.0,31555000000.0,5263000000,17222000000.0,42905000000.0,11740000000.0,0,326000000,8235000000,1144000000,-17434000000,663000000.0,1
09-08-2010,9.338570595,9.362500191,9.270357132,9.348214149,7.9034729,303128000,15141.607,217.605,9.4,0.18,47501000000.0,31555000000.0,5263000000,17222000000.0,42905000000.0,11740000000.0,0,326000000,8235000000,1144000000,-17434000000,663000000.0,1
10-08-2010,9.280357361,9.301786423,9.198213577,9.264642715,7.832818985,451920000,15141.607,217.605,9.4,0.18,47501000000.0,31555000000.0,5263000000,17222000000.0,42905000000.0,11740000000.0,0,326000000,8235000000,1144000000,-17434000000,663000000.0,-1
11-08-2010,9.121429443,9.131786346,8.921786308,8.935357094,7.554422855,620054400,15141.607,217.605,9.4,0.18,47501000000.0,31555000000.0,5263000000,17222000000.0,42905000000.0,11740000000.0,0,326000000,8235000000,1144000000,-17434000000,663000000.0,-1
12-08-2010,8.810357094,9.03928566,8.789999962,8.992500305,7.602735519,534920400,15141.607,217.605,9.4,0.18,47501000000.0,31555000000.0,5263000000,17222000000.0,42905000000.0,11740000000.0,0,326000000,8235000000,1144000000,-17434000000,663000000.0,1
13-08-2010,8.987500191,8.995714188,8.896071434,8.896429062,7.521508217,354869200,15141.607,217.605,9.4,0.18,47501000000.0,31555000000.0,5263000000,17222000000.0,42905000000.0,11740000000.0,0,326000000,8235000000,1144000000,-17434000000,663000000.0,-1
16-08-2010,8.842143059,8.928929329,8.80785656,8.844285965,7.477424622,318430000,15141.607,217.605,9.4,0.18,47501000000.0,31555000000.0,5263000000,17222000000.0,42905000000.0,11740000000.0,0,326000000,8235000000,1144000000,-17434000000,663000000.0,1
17-08-2010,8.931428909,9.093929291,8.899999619,8.998929024,7.608166695,422640400,15141.607,217.605,9.4,0.18,47501000000.0,31555000000.0,5263000000,17222000000.0,42905000000.0,11740000000.0,0,326000000,8235000000,1144000000,-17434000000,663000000.0,1
18-08-2010,9.012857437,9.095356941,8.984999657,9.03821373,7.641384602,339696000,15141.607,217.605,9.4,0.18,47501000000.0,31555000000.0,5263000000,17222000000.0,42905000000.0,11740000000.0,0,326000000,8235000000,1144000000,-17434000000,663000000.0,1
19-08-2010,9.029999733,9.052857399,8.881428719,8.924285889,7.545059681,426706000,15141.607,217.605,9.4,0.18,47501000000.0,31555000000.0,5263000000,17222000000.0,42905000000.0,11740000000.0,0,326000000,8235000000,1144000000,-17434000000,663000000.0,-1
20-08-2010,8.906785965,9.068571091,8.892856598,8.915714264,7.53781271,384230000,15141.607,217.605,9.4,0.18,47501000000.0,31555000000.0,5263000000,17222000000.0,42905000000.0,11740000000.0,0,326000000,8235000000,1144000000,-17434000000,663000000.0,1
23-08-2010,8.992500305,9.0,8.758929253,8.778571129,7.42186594,414041600,15141.607,217.605,9.4,0.18,47501000000.0,31555000000.0,5263000000,17222000000.0,42905000000.0,11740000000.0,0,326000000,8235000000,1144000000,-17434000000,663000000.0,-1
24-08-2010,8.666786194,8.678570747,8.52321434,8.568928719,7.244622707,602565600,15141.607,217.605,9.4,0.18,47501000000.0,31555000000.0,5263000000,17222000000.0,42905000000.0,11740000000.0,0,326000000,8235000000,1144000000,-17434000000,663000000.0,-1
25-08-2010,8.501428604,8.713929176,8.471428871,8.674642563,7.333999634,596867600,15141.607,217.605,9.4,0.18,47501000000.0,31555000000.0,5263000000,17222000000.0,42905000000.0,11740000000.0,0,326000000,8235000000,1144000000,-17434000000,663000000.0,1
26-08-2010,8.76607132,8.776785851,8.581428528,8.581428528,7.25519371,466505200,15141.607,217.605,9.4,0.18,47501000000.0,31555000000.0,5263000000,17222000000.0,42905000000.0,11740000000.0,0,326000000,8235000000,1144000000,-17434000000,663000000.0,-1
27-08-2010,8.633929253,8.664643288,8.412857056,8.629285812,7.29565239,548391200,15141.607,217.605,9.4,0.18,47501000000.0,31555000000.0,5263000000,17222000000.0,42905000000.0,11740000000.0,0,326000000,8235000000,1144000000,-17434000000,663000000.0,-1
30-08-2010,8.598570824,8.776785851,8.595713615,8.660714149,7.322224617,383289200,15141.607,217.605,9.4,0.18,47501000000.0,31555000000.0,5263000000,17222000000.0,42905000000.0,11740000000.0,0,326000000,8235000000,1144000000,-17434000000,663000000.0,1
31-08-2010,8.637499809,8.734286308,8.583929062,8.682143211,7.340341568,420786800,15141.607,217.605,9.4,0.18,47501000000.0,31555000000.0,5263000000,17222000000.0,42905000000.0,11740000000.0,0,326000000,8235000000,1144000000,-17434000000,663000000.0,1
01-09-2010,8.838213921,8.980713844,8.795714378,8.940357208,7.558649063,697037600,15141.607,217.605,9.4,0.18,47501000000.0,31555000000.0,5263000000,17222000000.0,42905000000.0,11740000000.0,0,326000000,8235000000,1144000000,-17434000000,663000000.0,1
02-09-2010,8.973570824,9.006071091,8.87749958,9.006071091,7.614210129,415427600,15141.607,217.605,9.4,0.18,47501000000.0,31555000000.0,5263000000,17222000000.0,42905000000.0,11740000000.0,0,326000000,8235000000,1144000000,-17434000000,663000000.0,1
03-09-2010,9.110357285,9.242142677,9.089285851,9.241786003,7.813492298,520788800,15141.607,217.605,9.4,0.18,47501000000.0,31555000000.0,5263000000,17222000000.0,42905000000.0,11740000000.0,0,326000000,8235000000,1144000000,-17434000000,663000000.0,1
07-09-2010,9.165714264,9.268928528,9.151785851,9.207500458,7.784506321,342557600,15141.607,217.605,9.4,0.18,47501000000.0,31555000000.0,5263000000,17222000000.0,42905000000.0,11740000000.0,0,326000000,8235000000,1144000000,-17434000000,663000000.0,1
08-09-2010,9.277856827,9.442500114,9.253570557,9.390000343,7.938799381,526551200,15141.607,217.605,9.4,0.18,47501000000.0,31555000000.0,5263000000,17222000000.0,42905000000.0,11740000000.0,0,326000000,8235000000,1144000000,-17434000000,663000000.0,1
09-09-2010,9.465714455,9.5185709,9.390000343,9.395357132,7.943332672,438575200,15141.607,217.605,9.4,0.18,47501000000.0,31555000000.0,5263000000,17222000000.0,42905000000.0,11740000000.0,0,326000000,8235000000,1144000000,-17434000000,663000000.0,-1
10-09-2010,9.399642944,9.446429253,9.33571434,9.407500267,7.953594685,387542400,15141.607,217.605,9.4,0.18,47501000000.0,31555000000.0,5263000000,17222000000.0,42905000000.0,11740000000.0,0,326000000,8235000000,1144000000,-17434000000,663000000.0,1
13-09-2010,9.493571281,9.581428528,9.491429329,9.537142754,8.063201904,388780000,15141.607,217.605,9.4,0.18,47501000000.0,31555000000.0,5263000000,17222000000.0,42905000000.0,11740000000.0,0,326000000,8235000000,1144000000,-17434000000,663000000.0,1
14-09-2010,9.507499695,9.613213539,9.48285675,9.573571205,8.093999863,408150400,15141.607,217.605,9.4,0.18,47501000000.0,31555000000.0,5263000000,17222000000.0,42905000000.0,11740000000.0,0,326000000,8235000000,1144000000,-17434000000,663000000.0,1
15-09-2010,9.577500343,9.656429291,9.565713882,9.650713921,8.159218788,429368800,15141.607,217.605,9.4,0.18,47501000000.0,31555000000.0,5263000000,17222000000.0,42905000000.0,11740000000.0,0,326000000,8235000000,1144000000,-17434000000,663000000.0,1
16-09-2010,9.651429176,9.881071091,9.625,9.87749958,8.35095787,652103200,15141.607,217.605,9.4,0.18,47501000000.0,31555000000.0,5263000000,17222000000.0,42905000000.0,11740000000.0,0,326000000,8235000000,1144000000,-17434000000,663000000.0,1
17-09-2010,9.917499542,9.927143097,9.77428627,9.834643364,8.314724922,634477200,15141.607,217.605,9.4,0.18,47501000000.0,31555000000.0,5263000000,17222000000.0,42905000000.0,11740000000.0,0,326000000,8235000000,1144000000,-17434000000,663000000.0,-1
20-09-2010,9.859999657,10.13500023,9.85178566,10.1153574,8.552060127,658677600,15141.607,217.605,9.4,0.18,47501000000.0,31555000000.0,5263000000,17222000000.0,42905000000.0,11740000000.0,0,326000000,8235000000,1144000000,-17434000000,663000000.0,1
21-09-2010,10.13785744,10.26249981,10.09964275,10.1346426,8.568362236,668074400,15141.607,217.605,9.4,0.18,47501000000.0,31555000000.0,5263000000,17222000000.0,42905000000.0,11740000000.0,0,326000000,8235000000,1144000000,-17434000000,663000000.0,-1
22-09-2010,10.09678555,10.28499985,10.08607101,10.27678585,8.68853569,585289600,15141.607,217.605,9.4,0.18,47501000000.0,31555000000.0,5263000000,17222000000.0,42905000000.0,11740000000.0,0,326000000,8235000000,1144000000,-17434000000,663000000.0,1
23-09-2010,10.22607136,10.45571423,10.21428585,10.31857109,8.723866463,786116800,15141.607,217.605,9.4,0.18,47501000000.0,31555000000.0,5263000000,17222000000.0,42905000000.0,11740000000.0,0,326000000,8235000000,1144000000,-17434000000,663000000.0,1
24-09-2010,10.43214321,10.48321438,10.37678623,10.43999958,8.826527596,649488000,15141.607,217.605,9.4,0.18,47501000000.0,31555000000.0,5263000000,17222000000.0,42905000000.0,11740000000.0,0,326000000,8235000000,1144000000,-17434000000,663000000.0,1
27-09-2010,10.4992857,10.52607059,10.39321423,10.39857101,8.791499138,482834800,15141.607,217.605,9.4,0.18,47501000000.0,31555000000.0,5263000000,17222000000.0,42905000000.0,11740000000.0,0,326000000,8235000000,1144000000,-17434000000,663000000.0,-1
28-09-2010,10.42035675,10.42035675,9.821429253,10.24499989,8.66166687,1035042400,15141.607,217.605,9.4,0.18,47501000000.0,31555000000.0,5263000000,17222000000.0,42905000000.0,11740000000.0,0,326000000,8235000000,1144000000,-17434000000,663000000.0,-1
29-09-2010,10.258214,10.35035706,10.21428585,10.26321411,8.677062988,469644000,15141.607,217.605,9.4,0.18,47501000000.0,31555000000.0,5263000000,17222000000.0,42905000000.0,11740000000.0,0,326000000,8235000000,1144000000,-17434000000,663000000.0,1
30-09-2010,10.32142925,10.3571434,10.0446434,10.13392925,8.567757607,673391600,15141.607,217.605,9.4,0.18,75183000000.0,41678000000.0,11261000000,25684000000.0,65225000000.0,18385000000.0,0,155000000,14013000000,2005000000,-13854000000,1257000000.0,-1
01-10-2010,10.21964264,10.23499966,10.04821396,10.09000015,8.530619621,448142800,15309.474,219.035,9.4,0.19,75183000000.0,41678000000.0,11261000000,25684000000.0,65225000000.0,18385000000.0,0,155000000,14013000000,2005000000,-13854000000,1257000000.0,-1
04-10-2010,10.05714321,10.10357094,9.92035675,9.951429367,8.413464546,435302000,15309.474,219.035,9.4,0.19,75183000000.0,41678000000.0,11261000000,25684000000.0,65225000000.0,18385000000.0,0,155000000,14013000000,2005000000,-13854000000,1257000000.0,-1
05-10-2010,10.07142925,10.33749962,10.06499958,10.31928635,8.724469185,501967200,15309.474,219.035,9.4,0.19,75183000000.0,41678000000.0,11261000000,25684000000.0,65225000000.0,18385000000.0,0,155000000,14013000000,2005000000,-13854000000,1257000000.0,1
06-10-2010,10.34249973,10.42821407,10.18785667,10.32821369,8.732018471,670868800,15309.474,219.035,9.4,0.19,75183000000.0,41678000000.0,11261000000,25684000000.0,65225000000.0,18385000000.0,0,155000000,14013000000,2005000000,-13854000000,1257000000.0,-1
07-10-2010,10.36928558,10.3742857,10.24678612,10.32928562,8.732920647,408399600,15309.474,219.035,9.4,0.19,75183000000.0,41678000000.0,11261000000,25684000000.0,65225000000.0,18385000000.0,0,155000000,14013000000,2005000000,-13854000000,1257000000.0,-1
08-10-2010,10.41821384,10.5178566,10.3571434,10.50249958,8.879367828,658403200,15309.474,219.035,9.4,0.19,75183000000.0,41678000000.0,11261000000,25684000000.0,65225000000.0,18385000000.0,0,155000000,14013000000,2005000000,-13854000000,1257000000.0,1
11-10-2010,10.52642918,10.61571407,10.52142906,10.54857063,8.918316841,427753200,15309.474,219.035,9.4,0.19,75183000000.0,41678000000.0,11261000000,25684000000.0,65225000000.0,18385000000.0,0,155000000,14013000000,2005000000,-13854000000,1257000000.0,1
12-10-2010,10.55035686,10.69642925,10.44607067,10.66214275,9.014332771,558544000,15309.474,219.035,9.4,0.19,75183000000.0,41678000000.0,11261000000,25684000000.0,65225000000.0,18385000000.0,0,155000000,14013000000,2005000000,-13854000000,1257000000.0,1
13-10-2010,10.72142887,10.78428555,10.70714283,10.71928596,9.062651634,630092400,15309.474,219.035,9.4,0.19,75183000000.0,41678000000.0,11261000000,25684000000.0,65225000000.0,18385000000.0,0,155000000,14013000000,2005000000,-13854000000,1257000000.0,-1
14-10-2010,10.77464294,10.80249977,10.72857094,10.79678631,9.128174782,435296400,15309.474,219.035,9.4,0.19,75183000000.0,41678000000.0,11261000000,25684000000.0,65225000000.0,18385000000.0,0,155000000,14013000000,2005000000,-13854000000,1257000000.0,1
15-10-2010,10.97999954,11.25,10.88964272,11.24071407,9.503494263,922194000,15309.474,219.035,9.4,0.19,75183000000.0,41678000000.0,11261000000,25684000000.0,65225000000.0,18385000000.0,0,155000000,14013000000,2005000000,-13854000000,1257000000.0,1
18-10-2010,11.37392902,11.3928566,11.22464275,11.3571434,9.601927757,1093010800,15309.474,219.035,9.4,0.19,75183000000.0,41678000000.0,11261000000,25684000000.0,65225000000.0,18385000000.0,0,155000000,14013000000,2005000000,-13854000000,1257000000.0,-1
19-10-2010,10.83571434,11.2060709,10.71500015,11.05321407,9.344969749,1232784000,15309.474,219.035,9.4,0.19,75183000000.0,41678000000.0,11261000000,25684000000.0,65225000000.0,18385000000.0,0,155000000,14013000000,2005000000,-13854000000,1257000000.0,1
20-10-2010,11.03571415,11.22321415,10.95964336,11.09035683,9.376372337,721624400,15309.474,219.035,9.4,0.19,75183000000.0,41678000000.0,11261000000,25684000000.0,65225000000.0,18385000000.0,0,155000000,14013000000,2005000000,-13854000000,1257000000.0,1
21-10-2010,11.15571404,11.24071407,10.95714283,11.054286,9.345874786,551460000,15309.474,219.035,9.4,0.19,75183000000.0,41678000000.0,11261000000,25684000000.0,65225000000.0,18385000000.0,0,155000000,14013000000,2005000000,-13854000000,1257000000.0,-1
22-10-2010,11.03821373,11.0728569,10.93928623,10.98107147,9.283974648,372778000,15309.474,219.035,9.4,0.19,75183000000.0,41678000000.0,11261000000,25684000000.0,65225000000.0,18385000000.0,0,155000000,14013000000,2005000000,-13854000000,1257000000.0,-1
25-10-2010,11.03892899,11.12857056,11.01571369,11.02999973,9.325344086,392462000,15309.474,219.035,9.4,0.19,75183000000.0,41678000000.0,11261000000,25684000000.0,65225000000.0,18385000000.0,0,155000000,14013000000,2005000000,-13854000000,1257000000.0,-1
26-10-2010,10.95964336,11.06214333,10.91607094,11.00178623,9.301490784,392929600,15309.474,219.035,9.4,0.19,75183000000.0,41678000000.0,11261000000,25684000000.0,65225000000.0,18385000000.0,0,155000000,14013000000,2005000000,-13854000000,1257000000.0,1
27-10-2010,10.98750019,11.06785679,10.91428566,10.99392891,9.294845581,399002800,15309.474,219.035,9.4,0.19,75183000000.0,41678000000.0,11261000000,25684000000.0,65225000000.0,18385000000.0,0,155000000,14013000000,2005000000,-13854000000,1257000000.0,1
28-10-2010,10.99821377,11.0,10.74642944,10.90142918,9.216644287,551051200,15309.474,219.035,9.4,0.19,75183000000.0,41678000000.0,11261000000,25684000000.0,65225000000.0,18385000000.0,0,155000000,14013000000,2005000000,-13854000000,1257000000.0,-1
29-10-2010,10.8653574,10.92428589,10.74535656,10.7492857,9.088010788,430511200,15309.474,219.035,9.4,0.19,75183000000.0,41678000000.0,11261000000,25684000000.0,65225000000.0,18385000000.0,0,155000000,14013000000,2005000000,-13854000000,1257000000.0,-1
01-11-2010,10.79357147,10.91428566,10.79285717,10.86357117,9.184636116,423889200,15309.474,219.035,9.4,0.19,75183000000.0,41678000000.0,11261000000,25684000000.0,65225000000.0,18385000000.0,0,155000000,14013000000,2005000000,-13854000000,1257000000.0,1
02-11-2010,10.96428585,11.07821369,10.96428585,11.04857063,9.341042519,433930000,15309.474,219.035,9.4,0.19,75183000000.0,41678000000.0,11261000000,25684000000.0,65225000000.0,18385000000.0,0,155000000,14013000000,2005000000,-13854000000,1257000000.0,1
03-11-2010,11.12035656,11.17428589,11.01892853,11.17142868,9.444916725,508348400,15309.474,219.035,9.4,0.19,75183000000.0,41678000000.0,11261000000,25684000000.0,65225000000.0,18385000000.0,0,155000000,14013000000,2005000000,-13854000000,1257000000.0,1
04-11-2010,11.26607132,11.43500042,11.25107098,11.366786,9.610084534,642488000,15309.474,219.035,9.4,0.19,75183000000.0,41678000000.0,11261000000,25684000000.0,65225000000.0,18385000000.0,0,155000000,14013000000,2005000000,-13854000000,1257000000.0,1
05-11-2010,11.35678577,11.41321373,11.3125,11.32607079,9.575658798,361253200,15309.474,219.035,9.4,0.19,75183000000.0,41678000000.0,11261000000,25684000000.0,65225000000.0,18385000000.0,0,155000000,14013000000,2005000000,-13854000000,1257000000.0,-1
08-11-2010,11.32857132,11.42035675,11.31285667,11.37928581,9.620648384,281758400,15309.474,219.035,9.4,0.19,75183000000.0,41678000000.0,11261000000,25684000000.0,65225000000.0,18385000000.0,0,155000000,14013000000,2005000000,-13854000000,1257000000.0,1
09-11-2010,11.46607113,11.47500038,11.2321434,11.28857136,9.543951988,383544000,15309.474,219.035,9.4,0.19,75183000000.0,41678000000.0,11261000000,25684000000.0,65225000000.0,18385000000.0,0,155000000,14013000000,2005000000,-13854000000,1257000000.0,-1
10-11-2010,11.30857086,11.3846426,11.19821358,11.35821438,9.602836609,384227200,15309.474,219.035,9.4,0.19,75183000000.0,41678000000.0,11261000000,25684000000.0,65225000000.0,18385000000.0,0,155000000,14013000000,2005000000,-13854000000,1257000000.0,1
11-11-2010,11.25,11.37142944,11.22321415,11.30892944,9.561164856,361284000,15309.474,219.035,9.4,0.19,75183000000.0,41678000000.0,11261000000,25684000000.0,65225000000.0,18385000000.0,0,155000000,14013000000,2005000000,-13854000000,1257000000.0,1
12-11-2010,11.28571415,11.30357075,10.84392929,11.00107098,9.300885201,795846800,15309.474,219.035,9.4,0.19,75183000000.0,41678000000.0,11261000000,25684000000.0,65225000000.0,18385000000.0,0,155000000,14013000000,2005000000,-13854000000,1257000000.0,-1
15-11-2010,11.01642895,11.09071445,10.9382143,10.96571445,9.270991325,403606000,15309.474,219.035,9.4,0.19,75183000000.0,41678000000.0,11261000000,25684000000.0,65225000000.0,18385000000.0,0,155000000,14013000000,2005000000,-13854000000,1257000000.0,-1
16-11-2010,10.91857147,10.98571396,10.68999958,10.77107143,9.106430054,657650000,15309.474,219.035,9.4,0.19,75183000000.0,41678000000.0,11261000000,25684000000.0,65225000000.0,18385000000.0,0,155000000,14013000000,2005000000,-13854000000,1257000000.0,-1
17-11-2010,10.75714302,10.85678577,10.63428593,10.7321434,9.07352066,479449600,15309.474,219.035,9.4,0.19,75183000000.0,41678000000.0,11261000000,25684000000.0,65225000000.0,18385000000.0,0,155000000,14013000000,2005000000,-13854000000,1257000000.0,-1
18-11-2010,10.89999962,11.05964279,10.88178635,11.01535702,9.312965393,494491200,15309.474,219.035,9.4,0.19,75183000000.0,41678000000.0,11261000000,25684000000.0,65225000000.0,18385000000.0,0,155000000,14013000000,2005000000,-13854000000,1257000000.0,1
19-11-2010,10.99892902,11.01428604,10.90142918,10.95464325,9.261631012,384843200,15309.474,219.035,9.4,0.19,75183000000.0,41678000000.0,11261000000,25684000000.0,65225000000.0,18385000000.0,0,155000000,14013000000,2005000000,-13854000000,1257000000.0,-1
22-11-2010,10.95285702,11.19142914,10.92392921,11.19142914,9.46182251,393075200,15309.474,219.035,9.4,0.19,75183000000.0,41678000000.0,11261000000,25684000000.0,65225000000.0,18385000000.0,0,155000000,14013000000,2005000000,-13854000000,1257000000.0,1
23-11-2010,11.08749962,11.13392925,10.94857121,11.02607059,9.322020531,519447600,15309.474,219.035,9.4,0.19,75183000000.0,41678000000.0,11261000000,25684000000.0,65225000000.0,18385000000.0,0,155000000,14013000000,2005000000,-13854000000,1257000000.0,-1
24-11-2010,11.1428566,11.26428604,11.13392925,11.24285698,9.505304337,413725200,15309.474,219.035,9.4,0.19,75183000000.0,41678000000.0,11261000000,25684000000.0,65225000000.0,18385000000.0,0,155000000,14013000000,2005000000,-13854000000,1257000000.0,1
26-11-2010,11.20499992,11.34642887,11.17642879,11.25,9.511342049,237585600,15309.474,219.035,9.4,0.19,75183000000.0,41678000000.0,11261000000,25684000000.0,65225000000.0,18385000000.0,0,155000000,14013000000,2005000000,-13854000000,1257000000.0,1
29-11-2010,11.2678566,11.33857059,11.12071419,11.31678581,9.567808151,445785200,15309.474,219.035,9.4,0.19,75183000000.0,41678000000.0,11261000000,25684000000.0,65225000000.0,18385000000.0,0,155000000,14013000000,2005000000,-13854000000,1257000000.0,1
30-11-2010,11.1978569,11.22714329,11.10249996,11.11250019,9.395094872,501858000,15309.474,219.035,9.4,0.19,75183000000.0,41678000000.0,11261000000,25684000000.0,65225000000.0,18385000000.0,0,155000000,14013000000,2005000000,-13854000000,1257000000.0,-1
01-12-2010,11.2596426,11.34821415,11.25,11.30000019,9.553617477,461750800,15309.474,219.035,9.4,0.19,75183000000.0,41678000000.0,11261000000,25684000000.0,65225000000.0,18385000000.0,0,155000000,14013000000,2005000000,-13854000000,1257000000.0,1
02-12-2010,11.34035683,11.3928566,11.24607086,11.36250019,9.606455803,462837200,15309.474,219.035,9.4,0.19,75183000000.0,41678000000.0,11261000000,25684000000.0,65225000000.0,18385000000.0,0,155000000,14013000000,2005000000,-13854000000,1257000000.0,1
03-12-2010,11.32178593,11.38035679,11.29785728,11.33714294,9.585018158,342092800,15309.474,219.035,9.4,0.19,75183000000.0,41678000000.0,11261000000,25684000000.0,65225000000.0,18385000000.0,0,155000000,14013000000,2005000000,-13854000000,1257000000.0,1
06-12-2010,11.38000011,11.51178646,11.37214279,11.43392944,9.666846275,448481600,15309.474,219.035,9.4,0.19,75183000000.0,41678000000.0,11261000000,25684000000.0,65225000000.0,18385000000.0,0,155000000,14013000000,2005000000,-13854000000,1257000000.0,1
07-12-2010,11.56428623,11.57107067,11.36142921,11.3646431,9.608265877,391454000,15309.474,219.035,9.4,0.19,75183000000.0,41678000000.0,11261000000,25684000000.0,65225000000.0,18385000000.0,0,155000000,14013000000,2005000000,-13854000000,1257000000.0,-1
08-12-2010,11.41535664,11.46500015,11.32535744,11.46464252,9.692811012,321935600,15309.474,219.035,9.4,0.19,75183000000.0,41678000000.0,11261000000,25684000000.0,65225000000.0,18385000000.0,0,155000000,14013000000,2005000000,-13854000000,1257000000.0,1
09-12-2010,11.50464344,11.5178566,11.3935709,11.42000008,9.655072212,294151200,15309.474,219.035,9.4,0.19,75183000000.0,41678000000.0,11261000000,25684000000.0,65225000000.0,18385000000.0,0,155000000,14013000000,2005000000,-13854000000,1257000000.0,-1
10-12-2010,11.41607094,11.46607113,11.37857056,11.44857121,9.679224014,262511200,15309.474,219.035,9.4,0.19,75183000000.0,41678000000.0,11261000000,25684000000.0,65225000000.0,18385000000.0,0,155000000,14013000000,2005000000,-13854000000,1257000000.0,1
13-12-2010,11.58464336,11.60928631,11.46428585,11.48821354,9.712740898,439815600,15309.474,219.035,9.4,0.19,75183000000.0,41678000000.0,11261000000,25684000000.0,65225000000.0,18385000000.0,0,155000000,14013000000,2005000000,-13854000000,1257000000.0,-1
14-12-2010,11.4903574,11.51928616,11.3928566,11.4389286,9.671073914,351008000,15309.474,219.035,9.4,0.19,75183000000.0,41678000000.0,11261000000,25684000000.0,65225000000.0,18385000000.0,0,155000000,14013000000,2005000000,-13854000000,1257000000.0,-1
15-12-2010,11.42857075,11.53571415,11.39964294,11.44142914,9.673187256,417312000,15309.474,219.035,9.4,0.19,75183000000.0,41678000000.0,11261000000,25684000000.0,65225000000.0,18385000000.0,0,155000000,14013000000,2005000000,-13854000000,1257000000.0,1
16-12-2010,11.46749973,11.52178574,11.43214321,11.47321415,9.700060844,322030800,15309.474,219.035,9.4,0.19,75183000000.0,41678000000.0,11261000000,25684000000.0,65225000000.0,18385000000.0,0,155000000,14013000000,2005000000,-13854000000,1257000000.0,1
17-12-2010,11.48678589,11.49250031,11.4367857,11.45035744,9.680738449,386929200,15309.474,219.035,9.4,0.19,75183000000.0,41678000000.0,11261000000,25684000000.0,65225000000.0,18385000000.0,0,155000000,14013000000,2005000000,-13854000000,1257000000.0,-1
20-12-2010,11.48571396,11.5446434,11.3653574,11.50749969,9.729047775,385610400,15309.474,219.035,9.4,0.19,75183000000.0,41678000000.0,11261000000,25684000000.0,65225000000.0,18385000000.0,0,155000000,14013000000,2005000000,-13854000000,1257000000.0,1
21-12-2010,11.53571415,11.58535671,11.50178623,11.57857132,9.789132118,256354000,15309.474,219.035,9.4,0.19,75183000000.0,41678000000.0,11261000000,25684000000.0,65225000000.0,18385000000.0,0,155000000,14013000000,2005000000,-13854000000,1257000000.0,1
22-12-2010,11.58428574,11.63285732,11.55535698,11.61285686,9.818120956,265921600,15309.474,219.035,9.4,0.19,75183000000.0,41678000000.0,11261000000,25684000000.0,65225000000.0,18385000000.0,0,155000000,14013000000,2005000000,-13854000000,1257000000.0,1
23-12-2010,11.6071434,11.61250019,11.54178619,11.55714321,9.771018982,223157200,15309.474,219.035,9.4,0.19,75183000000.0,41678000000.0,11261000000,25684000000.0,65225000000.0,18385000000.0,0,155000000,14013000000,2005000000,-13854000000,1257000000.0,-1
27-12-2010,11.53035736,11.62285709,11.48285675,11.59571362,9.803627968,249816000,15309.474,219.035,9.4,0.19,75183000000.0,41678000000.0,11261000000,25684000000.0,65225000000.0,18385000000.0,0,155000000,14013000000,2005000000,-13854000000,1257000000.0,1
28-12-2010,11.63964272,11.66642857,11.60928631,11.62392902,9.827484131,175924000,15309.474,219.035,9.4,0.19,75183000000.0,41678000000.0,11261000000,25684000000.0,65225000000.0,18385000000.0,0,155000000,14013000000,2005000000,-13854000000,1257000000.0,-1
29-12-2010,11.65071392,11.65892887,11.61071396,11.61750031,9.822047234,163139200,15309.474,219.035,9.4,0.19,75183000000.0,41678000000.0,11261000000,25684000000.0,65225000000.0,18385000000.0,0,155000000,14013000000,2005000000,-13854000000,1257000000.0,-1
30-12-2010,11.6242857,11.62535667,11.53750038,11.55928612,9.772831917,157494400,15309.474,219.035,9.4,0.19,75183000000.0,41678000000.0,11261000000,25684000000.0,65225000000.0,18385000000.0,0,155000000,14013000000,2005000000,-13854000000,1257000000.0,-1
31-12-2010,11.53392887,11.5528574,11.47535706,11.52000046,9.739613533,193508000,15309.474,219.035,9.4,0.19,75183000000.0,41678000000.0,11261000000,25684000000.0,65225000000.0,18385000000.0,0,155000000,14013000000,2005000000,-13854000000,1257000000.0,-1
03-01-2011,11.63000011,11.79500008,11.60142899,11.77035713,9.951281548,445138400,15351.448,221.187,9.1,0.17,75183000000.0,41678000000.0,11261000000,25684000000.0,65225000000.0,18385000000.0,0,155000000,14013000000,2005000000,-13854000000,1257000000.0,1
04-01-2011,11.87285709,11.875,11.71964264,11.83178616,10.00321865,309080800,15351.448,221.187,9.1,0.17,75183000000.0,41678000000.0,11261000000,25684000000.0,65225000000.0,18385000000.0,0,155000000,14013000000,2005000000,-13854000000,1257000000.0,-1
05-01-2011,11.76964283,11.94071388,11.7678566,11.92857075,10.085042,255519600,15351.448,221.187,9.1,0.17,75183000000.0,41678000000.0,11261000000,25684000000.0,65225000000.0,18385000000.0,0,155000000,14013000000,2005000000,-13854000000,1257000000.0,1
06-01-2011,11.95428562,11.97321415,11.88928604,11.9189291,10.07689285,300428800,15351.448,221.187,9.1,0.17,75183000000.0,41678000000.0,11261000000,25684000000.0,65225000000.0,18385000000.0,0,155000000,14013000000,2005000000,-13854000000,1257000000.0,-1
07-01-2011,11.92821407,12.01249981,11.85357094,12.00428581,10.14905453,311931200,15351.448,221.187,9.1,0.17,75183000000.0,41678000000.0,11261000000,25684000000.0,65225000000.0,18385000000.0,0,155000000,14013000000,2005000000,-13854000000,1257000000.0,1
10-01-2011,12.10107136,12.258214,12.04178619,12.23035717,10.34018898,448560000,15351.448,221.187,9.1,0.17,75183000000.0,41678000000.0,11261000000,25684000000.0,65225000000.0,18385000000.0,0,155000000,14013000000,2005000000,-13854000000,1257000000.0,1
11-01-2011,12.31714344,12.31999969,12.12392902,12.20142937,10.31573009,444108000,15351.448,221.187,9.1,0.17,75183000000.0,41678000000.0,11261000000,25684000000.0,65225000000.0,18385000000.0,0,155000000,14013000000,2005000000,-13854000000,1257000000.0,-1
12-01-2011,12.25892925,12.30107117,12.21428585,12.30071354,10.39967442,302590400,15351.448,221.187,9.1,0.17,75183000000.0,41678000000.0,11261000000,25684000000.0,65225000000.0,18385000000.0,0,155000000,14013000000,2005000000,-13854000000,1257000000.0,1
13-01-2011,12.32714272,12.38000011,12.28035736,12.34571362,10.43771935,296780400,15351.448,221.187,9.1,0.17,75183000000.0,41678000000.0,11261000000,25684000000.0,65225000000.0,18385000000.0,0,155000000,14013000000,2005000000,-13854000000,1257000000.0,1
14-01-2011,12.35321426,12.445714,12.30142879,12.445714,10.52226543,308840000,15351.448,221.187,9.1,0.17,75183000000.0,41678000000.0,11261000000,25684000000.0,65225000000.0,18385000000.0,0,155000000,14013000000,2005000000,-13854000000,1257000000.0,1
18-01-2011,11.7685709,12.31285667,11.6428566,12.16607094,10.28583908,1880998000,15351.448,221.187,9.1,0.17,75183000000.0,41678000000.0,11261000000,25684000000.0,65225000000.0,18385000000.0,0,155000000,14013000000,2005000000,-13854000000,1257000000.0,1
19-01-2011,12.44107056,12.44999981,12.03142929,12.10142899,10.23118687,1135612800,15351.448,221.187,9.1,0.17,75183000000.0,41678000000.0,11261000000,25684000000.0,65225000000.0,18385000000.0,0,155000000,14013000000,2005000000,-13854000000,1257000000.0,-1
20-01-2011,12.01535702,12.08214283,11.78999996,11.88142872,10.045187,764789200,15351.448,221.187,9.1,0.17,75183000000.0,41678000000.0,11261000000,25684000000.0,65225000000.0,18385000000.0,0,155000000,14013000000,2005000000,-13854000000,1257000000.0,-1
21-01-2011,11.92035675,11.96000004,11.66535664,11.66857147,9.865229607,754401200,15351.448,221.187,9.1,0.17,75183000000.0,41678000000.0,11261000000,25684000000.0,65225000000.0,18385000000.0,0,155000000,14013000000,2005000000,-13854000000,1257000000.0,-1
24-01-2011,11.67392921,12.05178642,11.66857147,12.05178642,10.18921471,574683200,15351.448,221.187,9.1,0.17,75183000000.0,41678000000.0,11261000000,25684000000.0,65225000000.0,18385000000.0,0,155000000,14013000000,2005000000,-13854000000,1257000000.0,1
25-01-2011,12.01178646,12.19428635,11.94892883,12.19285679,10.30848598,546868000,15351.448,221.187,9.1,0.17,75183000000.0,41678000000.0,11261000000,25684000000.0,65225000000.0,18385000000.0,0,155000000,14013000000,2005000000,-13854000000,1257000000.0,1
26-01-2011,12.2485714,12.34285736,12.19642925,12.28035736,10.38245964,506875600,15351.448,221.187,9.1,0.17,75183000000.0,41678000000.0,11261000000,25684000000.0,65225000000.0,18385000000.0,0,155000000,14013000000,2005000000,-13854000000,1257000000.0,1
27-01-2011,12.27785683,12.31035709,12.24392891,12.25749969,10.3631382,285026000,15351.448,221.187,9.1,0.17,75183000000.0,41678000000.0,11261000000,25684000000.0,65225000000.0,18385000000.0,0,155000000,14013000000,2005000000,-13854000000,1257000000.0,-1
28-01-2011,12.29178619,12.30000019,11.91178608,12.00357056,10.14845085,592057200,15351.448,221.187,9.1,0.17,75183000000.0,41678000000.0,11261000000,25684000000.0,65225000000.0,18385000000.0,0,155000000,14013000000,2005000000,-13854000000,1257000000.0,-1
31-01-2011,11.99285698,12.14428616,11.93928623,12.11857128,10.24568176,377246800,15351.448,221.187,9.1,0.17,75183000000.0,41678000000.0,11261000000,25684000000.0,65225000000.0,18385000000.0,0,155000000,14013000000,2005000000,-13854000000,1257000000.0,1
01-02-2011,12.18928623,12.34464264,12.1778574,12.32250023,10.41808891,426633200,15351.448,221.187,9.1,0.17,75183000000.0,41678000000.0,11261000000,25684000000.0,65225000000.0,18385000000.0,0,155000000,14013000000,2005000000,-13854000000,1257000000.0,1
02-02-2011,12.30178642,12.3303566,12.26964283,12.29714298,10.39665222,258955200,15351.448,221.187,9.1,0.17,75183000000.0,41678000000.0,11261000000,25684000000.0,65225000000.0,18385000000.0,0,155000000,14013000000,2005000000,-13854000000,1257000000.0,-1
03-02-2011,12.27857113,12.29428577,12.09107113,12.26571369,10.37007904,393797600,15351.448,221.187,9.1,0.17,75183000000.0,41678000000.0,11261000000,25684000000.0,65225000000.0,18385000000.0,0,155000000,14013000000,2005000000,-13854000000,1257000000.0,-1
04-02-2011,12.27285671,12.38214302,12.26821423,12.375,10.46247959,321840400,15351.448,221.187,9.1,0.17,75183000000.0,41678000000.0,11261000000,25684000000.0,65225000000.0,18385000000.0,0,155000000,14013000000,2005000000,-13854000000,1257000000.0,1
07-02-2011,12.42464256,12.61607075,12.41571426,12.56714344,10.62492847,485021600,15351.448,221.187,9.1,0.17,75183000000.0,41678000000.0,11261000000,25684000000.0,65225000000.0,18385000000.0,0,155000000,14013000000,2005000000,-13854000000,1257000000.0,1
08-02-2011,12.63142872,12.6971426,12.57678604,12.68571377,10.72517109,381040800,15351.448,221.187,9.1,0.17,75183000000.0,41678000000.0,11261000000,25684000000.0,65225000000.0,18385000000.0,0,155000000,14013000000,2005000000,-13854000000,1257000000.0,1
09-02-2011,12.68535709,12.82142925,12.67392921,12.79142857,10.81454659,482745200,15351.448,221.187,9.1,0.17,75183000000.0,41678000000.0,11261000000,25684000000.0,65225000000.0,18385000000.0,0,155000000,14013000000,2005000000,-13854000000,1257000000.0,1
10-02-2011,12.76392937,12.8571434,12.42857075,12.66214275,10.70524502,928550000,15351.448,221.187,9.1,0.17,75183000000.0,41678000000.0,11261000000,25684000000.0,65225000000.0,18385000000.0,0,155000000,14013000000,2005000000,-13854000000,1257000000.0,-1
11-02-2011,12.6696434,12.77857113,12.6264286,12.74464321,10.77499294,367572800,15351.448,221.187,9.1,0.17,75183000000.0,41678000000.0,11261000000,25684000000.0,65225000000.0,18385000000.0,0,155000000,14013000000,2005000000,-13854000000,1257000000.0,1
14-02-2011,12.74250031,12.83857059,12.7396431,12.82785702,10.84534645,310416400,15351.448,221.187,9.1,0.17,75183000000.0,41678000000.0,11261000000,25684000000.0,65225000000.0,18385000000.0,0,155000000,14013000000,2005000000,-13854000000,1257000000.0,1
15-02-2011,12.82821369,12.85607147,12.76964283,12.85357094,10.86708641,284174800,15351.448,221.187,9.1,0.17,75183000000.0,41678000000.0,11261000000,25684000000.0,65225000000.0,18385000000.0,0,155000000,14013000000,2005000000,-13854000000,1257000000.0,1
16-02-2011,12.88571358,13.03214264,12.875,12.96892929,10.96461678,481157600,15351.448,221.187,9.1,0.17,75183000000.0,41678000000.0,11261000000,25684000000.0,65225000000.0,18385000000.0,0,155000000,14013000000,2005000000,-13854000000,1257000000.0,1
17-02-2011,12.75892925,12.866786,12.73285675,12.79642868,10.81877613,530583200,15351.448,221.187,9.1,0.17,75183000000.0,41678000000.0,11261000000,25684000000.0,65225000000.0,18385000000.0,0,155000000,14013000000,2005000000,-13854000000,1257000000.0,1
18-02-2011,12.8110714,12.83928585,12.48285675,12.52000046,10.58507061,816057200,15351.448,221.187,9.1,0.17,75183000000.0,41678000000.0,11261000000,25684000000.0,65225000000.0,18385000000.0,0,155000000,14013000000,2005000000,-13854000000,1257000000.0,-1
22-02-2011,12.21964264,12.33571434,12.06142902,12.09321404,10.22424221,872555600,15351.448,221.187,9.1,0.17,75183000000.0,41678000000.0,11261000000,25684000000.0,65225000000.0,18385000000.0,0,155000000,14013000000,2005000000,-13854000000,1257000000.0,-1
23-02-2011,12.09892941,12.30857086,12.09321404,12.23642921,10.34532166,671854400,15351.448,221.187,9.1,0.17,75183000000.0,41678000000.0,11261000000,25684000000.0,65225000000.0,18385000000.0,0,155000000,14013000000,2005000000,-13854000000,1257000000.0,1
24-02-2011,12.28642941,12.32678604,12.08464336,12.24571419,10.35317326,499900800,15351.448,221.187,9.1,0.17,75183000000.0,41678000000.0,11261000000,25684000000.0,65225000000.0,18385000000.0,0,155000000,14013000000,2005000000,-13854000000,1257000000.0,-1
25-02-2011,12.33071423,12.44392872,12.31428623,12.43428612,10.51260376,380018800,15351.448,221.187,9.1,0.17,75183000000.0,41678000000.0,11261000000,25684000000.0,65225000000.0,18385000000.0,0,155000000,14013000000,2005000000,-13854000000,1257000000.0,1
28-02-2011,12.54428577,12.68035698,12.53999996,12.6146431,10.66508675,403074000,15351.448,221.187,9.1,0.17,75183000000.0,41678000000.0,11261000000,25684000000.0,65225000000.0,18385000000.0,0,155000000,14013000000,2005000000,-13854000000,1257000000.0,1
01-03-2011,12.69535732,12.70428562,12.41714287,12.47535706,10.547328,456136800,15351.448,221.187,9.1,0.17,75183000000.0,41678000000.0,11261000000,25684000000.0,65225000000.0,18385000000.0,0,155000000,14013000000,2005000000,-13854000000,1257000000.0,-1
02-03-2011,12.4985714,12.65535736,12.44285679,12.57571411,10.63217068,602590800,15351.448,221.187,9.1,0.17,75183000000.0,41678000000.0,11261000000,25684000000.0,65225000000.0,18385000000.0,0,155000000,14013000000,2005000000,-13854000000,1257000000.0,1
03-03-2011,12.75678635,12.84964275,12.71142864,12.84142876,10.85682011,500788400,15351.448,221.187,9.1,0.17,75183000000.0,41678000000.0,11261000000,25684000000.0,65225000000.0,18385000000.0,0,155000000,14013000000,2005000000,-13854000000,1257000000.0,1
04-03-2011,12.85964298,12.86750031,12.77678585,12.8571434,10.87011147,453266800,15351.448,221.187,9.1,0.17,75183000000.0,41678000000.0,11261000000,25684000000.0,65225000000.0,18385000000.0,0,155000000,14013000000,2005000000,-13854000000,1257000000.0,-1
07-03-2011,12.90714264,12.91678619,12.54678631,12.69142914,10.73000145,546123200,15351.448,221.187,9.1,0.17,75183000000.0,41678000000.0,11261000000,25684000000.0,65225000000.0,18385000000.0,0,155000000,14013000000,2005000000,-13854000000,1257000000.0,-1
08-03-2011,12.67535686,12.76428604,12.5803566,12.70571423,10.74208164,356316800,15351.448,221.187,9.1,0.17,75183000000.0,41678000000.0,11261000000,25684000000.0,65225000000.0,18385000000.0,0,155000000,14013000000,2005000000,-13854000000,1257000000.0,1
09-03-2011,12.66749954,12.67000008,12.52142906,12.58821392,10.64274216,453306000,15351.448,221.187,9.1,0.17,75183000000.0,41678000000.0,11261000000,25684000000.0,65225000000.0,18385000000.0,0,155000000,14013000000,2005000000,-13854000000,1257000000.0,-1
10-03-2011,12.46857071,12.491786,12.31785679,12.38107109,10.46760845,507539200,15351.448,221.187,9.1,0.17,75183000000.0,41678000000.0,11261000000,25684000000.0,65225000000.0,18385000000.0,0,155000000,14013000000,2005000000,-13854000000,1257000000.0,-1
11-03-2011,12.33321381,12.58285713,12.32142925,12.57107067,10.62824249,471080400,15351.448,221.187,9.1,0.17,75183000000.0,41678000000.0,11261000000,25684000000.0,65225000000.0,18385000000.0,0,155000000,14013000000,2005000000,-13854000000,1257000000.0,1
14-03-2011,12.61357117,12.7314291,12.54678631,12.62714291,10.67565346,435957200,15351.448,221.187,9.1,0.17,75183000000.0,41678000000.0,11261000000,25684000000.0,65225000000.0,18385000000.0,0,155000000,14013000000,2005000000,-13854000000,1257000000.0,1
15-03-2011,12.21785736,12.42285728,12.14642906,12.33678627,10.43016911,721081200,15351.448,221.187,9.1,0.17,75183000000.0,41678000000.0,11261000000,25684000000.0,65225000000.0,18385000000.0,0,155000000,14013000000,2005000000,-13854000000,1257000000.0,1
16-03-2011,12.21428585,12.25,11.65214252,11.78607082,9.964564323,1162011200,15351.448,221.187,9.1,0.17,75183000000.0,41678000000.0,11261000000,25684000000.0,65225000000.0,18385000000.0,0,155000000,14013000000,2005000000,-13854000000,1257000000.0,-1
17-03-2011,12.02964306,12.12892914,11.80928612,11.95142937,10.10437012,659422400,15351.448,221.187,9.1,0.17,75183000000.0,41678000000.0,11261000000,25684000000.0,65225000000.0,18385000000.0,0,155000000,14013000000,2005000000,-13854000000,1257000000.0,-1
18-03-2011,12.04035664,12.07857132,11.78571415,11.80964279,9.984493256,753214000,15351.448,221.187,9.1,0.17,75183000000.0,41678000000.0,11261000000,25684000000.0,65225000000.0,18385000000.0,0,155000000,14013000000,2005000000,-13854000000,1257000000.0,-1
21-03-2011,11.99964333,12.13357067,11.97357082,12.11785698,10.24507332,409402000,15351.448,221.187,9.1,0.17,75183000000.0,41678000000.0,11261000000,25684000000.0,65225000000.0,18385000000.0,0,155000000,14013000000,2005000000,-13854000000,1257000000.0,1
22-03-2011,12.23428631,12.23642921,12.11214256,12.18571377,10.30244541,325922800,15351.448,221.187,9.1,0.17,75183000000.0,41678000000.0,11261000000,25684000000.0,65225000000.0,18385000000.0,0,155000000,14013000000,2005000000,-13854000000,1257000000.0,-1
23-03-2011,12.11714268,12.15071392,11.99821377,12.11392879,10.24175358,372996400,15351.448,221.187,9.1,0.17,75183000000.0,41678000000.0,11261000000,25684000000.0,65225000000.0,18385000000.0,0,155000000,14013000000,2005000000,-13854000000,1257000000.0,-1
24-03-2011,12.20892906,12.3571434,12.10214329,12.32035732,10.41627789,404712000,15351.448,221.187,9.1,0.17,75183000000.0,41678000000.0,11261000000,25684000000.0,65225000000.0,18385000000.0,0,155000000,14013000000,2005000000,-13854000000,1257000000.0,1
25-03-2011,12.43107128,12.57357121,12.3935709,12.55500031,10.61466026,448910000,15351.448,221.187,9.1,0.17,75183000000.0,41678000000.0,11261000000,25684000000.0,65225000000.0,18385000000.0,0,155000000,14013000000,2005000000,-13854000000,1257000000.0,1
28-03-2011,12.61250019,12.65428638,12.51571369,12.51571369,10.58144474,309355200,15351.448,221.187,9.1,0.17,75183000000.0,41678000000.0,11261000000,25684000000.0,65225000000.0,18385000000.0,0,155000000,14013000000,2005000000,-13854000000,1257000000.0,-1
29-03-2011,12.41642857,12.53428555,12.35928631,12.53428555,10.59714317,352900800,15351.448,221.187,9.1,0.17,75183000000.0,41678000000.0,11261000000,25684000000.0,65225000000.0,18385000000.0,0,155000000,14013000000,2005000000,-13854000000,1257000000.0,1
30-03-2011,12.52285671,12.53142929,12.40857124,12.45107079,10.52679157,329406000,15351.448,221.187,9.1,0.17,75183000000.0,41678000000.0,11261000000,25684000000.0,65225000000.0,18385000000.0,0,155000000,14013000000,2005000000,-13854000000,1257000000.0,-1
31-03-2011,12.36999989,12.49285698,12.35928631,12.44678593,10.52317142,274019200,15351.448,221.187,9.1,0.17,75183000000.0,41678000000.0,11261000000,25684000000.0,65225000000.0,18385000000.0,0,155000000,14013000000,2005000000,-13854000000,1257000000.0,1
01-04-2011,12.53964329,12.55678558,12.26071358,12.30571365,10.40389824,418661600,15557.539,224.093,9.1,0.1,75183000000.0,41678000000.0,11261000000,25684000000.0,65225000000.0,18385000000.0,0,155000000,14013000000,2005000000,-13854000000,1257000000.0,-1
04-04-2011,12.29678631,12.30714321,12.08571434,12.18535709,10.3021431,460084800,15557.539,224.093,9.1,0.1,75183000000.0,41678000000.0,11261000000,25684000000.0,65225000000.0,18385000000.0,0,155000000,14013000000,2005000000,-13854000000,1257000000.0,-1
05-04-2011,12.03535748,12.22321415,12.0,12.10321426,10.23269844,482731200,15557.539,224.093,9.1,0.1,75183000000.0,41678000000.0,11261000000,25684000000.0,65225000000.0,18385000000.0,0,155000000,14013000000,2005000000,-13854000000,1257000000.0,1
06-04-2011,12.18642902,12.28214264,12.04071426,12.0728569,10.20703125,402539200,15557.539,224.093,9.1,0.1,75183000000.0,41678000000.0,11261000000,25684000000.0,65225000000.0,18385000000.0,0,155000000,14013000000,2005000000,-13854000000,1257000000.0,-1
07-04-2011,12.07499981,12.15821362,12.00107098,12.07428646,10.2082386,373447200,15557.539,224.093,9.1,0.1,75183000000.0,41678000000.0,11261000000,25684000000.0,65225000000.0,18385000000.0,0,155000000,14013000000,2005000000,-13854000000,1257000000.0,-1
08-04-2011,12.14000034,12.14821434,11.92678642,11.96642876,10.11705112,377535200,15557.539,224.093,9.1,0.1,75183000000.0,41678000000.0,11261000000,25684000000.0,65225000000.0,18385000000.0,0,155000000,14013000000,2005000000,-13854000000,1257000000.0,-1
11-04-2011,11.93071365,11.98821354,11.78642941,11.81428623,9.98842144,398946800,15557.539,224.093,9.1,0.1,75183000000.0,41678000000.0,11261000000,25684000000.0,65225000000.0,18385000000.0,0,155000000,14013000000,2005000000,-13854000000,1257000000.0,-1
12-04-2011,11.80321407,11.9189291,11.79285717,11.87142944,10.03673553,425639200,15557.539,224.093,9.1,0.1,75183000000.0,41678000000.0,11261000000,25684000000.0,65225000000.0,18385000000.0,0,155000000,14013000000,2005000000,-13854000000,1257000000.0,1
13-04-2011,11.96500015,12.00500011,11.8757143,12.00464344,10.1493578,346220000,15557.539,224.093,9.1,0.1,75183000000.0,41678000000.0,11261000000,25684000000.0,65225000000.0,18385000000.0,0,155000000,14013000000,2005000000,-13854000000,1257000000.0,1
14-04-2011,11.95714283,12.0,11.85928631,11.87214279,10.03733635,301800800,15557.539,224.093,9.1,0.1,75183000000.0,41678000000.0,11261000000,25684000000.0,65225000000.0,18385000000.0,0,155000000,14013000000,2005000000,-13854000000,1257000000.0,-1
15-04-2011,11.90357113,11.91571426,11.67142868,11.69499969,9.887569427,453605600,15557.539,224.093,9.1,0.1,75183000000.0,41678000000.0,11261000000,25684000000.0,65225000000.0,18385000000.0,0,155000000,14013000000,2005000000,-13854000000,1257000000.0,-1
18-04-2011,11.64642906,11.8653574,11.43428612,11.85178566,10.02012444,609898800,15557.539,224.093,9.1,0.1,75183000000.0,41678000000.0,11261000000,25684000000.0,65225000000.0,18385000000.0,0,155000000,14013000000,2005000000,-13854000000,1257000000.0,1
19-04-2011,11.89642906,12.070714,11.84678555,12.06642914,10.20159817,419378400,15557.539,224.093,9.1,0.1,75183000000.0,41678000000.0,11261000000,25684000000.0,65225000000.0,18385000000.0,0,155000000,14013000000,2005000000,-13854000000,1257000000.0,1
20-04-2011,12.26821423,12.34821415,12.19642925,12.22892857,10.33898163,700666400,15557.539,224.093,9.1,0.1,75183000000.0,41678000000.0,11261000000,25684000000.0,65225000000.0,18385000000.0,0,155000000,14013000000,2005000000,-13854000000,1257000000.0,-1
21-04-2011,12.67857075,12.68321419,12.4471426,12.52499962,10.58929443,753810400,15557.539,224.093,9.1,0.1,75183000000.0,41678000000.0,11261000000,25684000000.0,65225000000.0,18385000000.0,0,155000000,14013000000,2005000000,-13854000000,1257000000.0,-1
25-04-2011,12.51214314,12.63392925,12.51071358,12.60750008,10.6590414,266546000,15557.539,224.093,9.1,0.1,75183000000.0,41678000000.0,11261000000,25684000000.0,65225000000.0,18385000000.0,0,155000000,14013000000,2005000000,-13854000000,1257000000.0,1
26-04-2011,12.62928581,12.67821407,12.47678566,12.51500034,10.58084011,338800000,15557.539,224.093,9.1,0.1,75183000000.0,41678000000.0,11261000000,25684000000.0,65225000000.0,18385000000.0,0,155000000,14013000000,2005000000,-13854000000,1257000000.0,-1
27-04-2011,12.57999992,12.58392906,12.39642906,12.50535679,10.5726862,356213200,15557.539,224.093,9.1,0.1,75183000000.0,41678000000.0,11261000000,25684000000.0,65225000000.0,18385000000.0,0,155000000,14013000000,2005000000,-13854000000,1257000000.0,-1
28-04-2011,12.36392879,12.49107075,12.34000015,12.38392925,10.47002792,360959200,15557.539,224.093,9.1,0.1,75183000000.0,41678000000.0,11261000000,25684000000.0,65225000000.0,18385000000.0,0,155000000,14013000000,2005000000,-13854000000,1257000000.0,1
29-04-2011,12.38500023,12.64107132,12.38107109,12.50464344,10.57208729,1006345200,15557.539,224.093,9.1,0.1,75183000000.0,41678000000.0,11261000000,25684000000.0,65225000000.0,18385000000.0,0,155000000,14013000000,2005000000,-13854000000,1257000000.0,1
02-05-2011,12.49071407,12.51678562,12.33928585,12.36714268,10.4558363,442713600,15557.539,224.093,9.1,0.1,75183000000.0,41678000000.0,11261000000,25684000000.0,65225000000.0,18385000000.0,0,155000000,14013000000,2005000000,-13854000000,1257000000.0,-1
03-05-2011,12.42821407,12.49607086,12.34357071,12.43571377,10.51381016,313348000,15557.539,224.093,9.1,0.1,75183000000.0,41678000000.0,11261000000,25684000000.0,65225000000.0,18385000000.0,0,155000000,14013000000,2005000000,-13854000000,1257000000.0,1
04-05-2011,12.43785667,12.56535721,12.38857079,12.48464298,10.55517387,389250400,15557.539,224.093,9.1,0.1,75183000000.0,41678000000.0,11261000000,25684000000.0,65225000000.0,18385000000.0,0,155000000,14013000000,2005000000,-13854000000,1257000000.0,1
05-05-2011,12.44285679,12.53392887,12.35892868,12.38392925,10.47002792,335969200,15557.539,224.093,9.1,0.1,75183000000.0,41678000000.0,11261000000,25684000000.0,65225000000.0,18385000000.0,0,155000000,14013000000,2005000000,-13854000000,1257000000.0,-1
06-05-2011,12.48892879,12.5,12.3646431,12.38071442,10.46730709,280134400,15557.539,224.093,9.1,0.1,75183000000.0,41678000000.0,11261000000,25684000000.0,65225000000.0,18385000000.0,0,155000000,14013000000,2005000000,-13854000000,1257000000.0,-1
09-05-2011,12.42357063,12.47142887,12.37607098,12.41428566,10.49569035,204747200,15557.539,224.093,9.1,0.1,75183000000.0,41678000000.0,11261000000,25684000000.0,65225000000.0,18385000000.0,0,155000000,14013000000,2005000000,-13854000000,1257000000.0,-1
10-05-2011,12.46035671,12.48892879,12.38071442,12.48035717,10.55155468,282091600,15557.539,224.093,9.1,0.1,75183000000.0,41678000000.0,11261000000,25684000000.0,65225000000.0,18385000000.0,0,155000000,14013000000,2005000000,-13854000000,1257000000.0,1
11-05-2011,12.46500015,12.5,12.32999992,12.40107059,10.48451805,336000000,15557.539,224.093,9.1,0.1,75183000000.0,41678000000.0,11261000000,25684000000.0,65225000000.0,18385000000.0,0,155000000,14013000000,2005000000,-13854000000,1257000000.0,-1
12-05-2011,12.36142921,12.39714336,12.22392941,12.37749958,10.46459007,322000000,15557.539,224.093,9.1,0.1,75183000000.0,41678000000.0,11261000000,25684000000.0,65225000000.0,18385000000.0,0,155000000,14013000000,2005000000,-13854000000,1257000000.0,1
13-05-2011,12.34500027,12.36607075,12.15535736,12.16071415,10.28130913,326116000,15557.539,224.093,9.1,0.1,75183000000.0,41678000000.0,11261000000,25684000000.0,65225000000.0,18385000000.0,0,155000000,14013000000,2005000000,-13854000000,1257000000.0,-1
16-05-2011,12.11428642,12.18642902,11.87857056,11.90357113,10.06390667,449775200,15557.539,224.093,9.1,0.1,75183000000.0,41678000000.0,11261000000,25684000000.0,65225000000.0,18385000000.0,0,155000000,14013000000,2005000000,-13854000000,1257000000.0,-1
17-05-2011,11.8571434,12.00500011,11.8117857,12.00500011,10.14966297,452334400,15557.539,224.093,9.1,0.1,75183000000.0,41678000000.0,11261000000,25684000000.0,65225000000.0,18385000000.0,0,155000000,14013000000,2005000000,-13854000000,1257000000.0,1
18-05-2011,12.01678562,12.18035698,12.0,12.13821411,10.26228619,334776400,15557.539,224.093,9.1,0.1,75183000000.0,41678000000.0,11261000000,25684000000.0,65225000000.0,18385000000.0,0,155000000,14013000000,2005000000,-13854000000,1257000000.0,1
19-05-2011,12.21714306,12.22892857,12.09535694,12.16178608,10.28221416,261170000,15557.539,224.093,9.1,0.1,75183000000.0,41678000000.0,11261000000,25684000000.0,65225000000.0,18385000000.0,0,155000000,14013000000,2005000000,-13854000000,1257000000.0,-1
20-05-2011,12.12714291,12.17678642,11.96500015,11.97214317,10.12188244,337968400,15557.539,224.093,9.1,0.1,75183000000.0,41678000000.0,11261000000,25684000000.0,65225000000.0,18385000000.0,0,155000000,14013000000,2005000000,-13854000000,1257000000.0,-1
23-05-2011,11.78464317,11.9992857,11.76500034,11.94285679,10.09712124,383600000,15557.539,224.093,9.1,0.1,75183000000.0,41678000000.0,11261000000,25684000000.0,65225000000.0,18385000000.0,0,155000000,14013000000,2005000000,-13854000000,1257000000.0,1
24-05-2011,11.9821434,11.99642944,11.83357143,11.86392879,10.03038979,321927200,15557.539,224.093,9.1,0.1,75183000000.0,41678000000.0,11261000000,25684000000.0,65225000000.0,18385000000.0,0,155000000,14013000000,2005000000,-13854000000,1257000000.0,-1
25-05-2011,11.90821362,12.09142876,11.88749981,12.02785683,10.16898537,294224000,15557.539,224.093,9.1,0.1,75183000000.0,41678000000.0,11261000000,25684000000.0,65225000000.0,18385000000.0,0,155000000,14013000000,2005000000,-13854000000,1257000000.0,1
26-05-2011,11.99892902,12.03178596,11.94392872,11.96428585,10.11523819,222560800,15557.539,224.093,9.1,0.1,75183000000.0,41678000000.0,11261000000,25684000000.0,65225000000.0,18385000000.0,0,155000000,14013000000,2005000000,-13854000000,1257000000.0,-1
27-05-2011,11.95714283,12.05821419,11.93964291,12.05035686,10.18800735,203599200,15557.539,224.093,9.1,0.1,75183000000.0,41678000000.0,11261000000,25684000000.0,65225000000.0,18385000000.0,0,155000000,14013000000,2005000000,-13854000000,1257000000.0,1
31-05-2011,12.18214321,12.42249966,12.17857075,12.42249966,10.50263786,417754400,15557.539,224.093,9.1,0.1,75183000000.0,41678000000.0,11261000000,25684000000.0,65225000000.0,18385000000.0,0,155000000,14013000000,2005000000,-13854000000,1257000000.0,1
01-06-2011,12.45964336,12.57607079,12.30892944,12.33964252,10.43258286,554682800,15557.539,224.093,9.1,0.1,75183000000.0,41678000000.0,11261000000,25684000000.0,65225000000.0,18385000000.0,0,155000000,14013000000,2005000000,-13854000000,1257000000.0,-1
02-06-2011,12.375,12.4278574,12.29642868,12.36071396,10.4503994,338783200,15557.539,224.093,9.1,0.1,75183000000.0,41678000000.0,11261000000,25684000000.0,65225000000.0,18385000000.0,0,155000000,14013000000,2005000000,-13854000000,1257000000.0,-1
03-06-2011,12.25642872,12.33321381,12.21464252,12.26571369,10.37007904,313250000,15557.539,224.093,9.1,0.1,75183000000.0,41678000000.0,11261000000,25684000000.0,65225000000.0,18385000000.0,0,155000000,14013000000,2005000000,-13854000000,1257000000.0,1
06-06-2011,12.34642887,12.39464283,12.06464291,12.0728569,10.20703125,461941200,15557.539,224.093,9.1,0.1,75183000000.0,41678000000.0,11261000000,25684000000.0,65225000000.0,18385000000.0,0,155000000,14013000000,2005000000,-13854000000,1257000000.0,-1
07-06-2011,12.07750034,12.07928562,11.85357094,11.85857105,10.02585983,529785200,15557.539,224.093,9.1,0.1,75183000000.0,41678000000.0,11261000000,25684000000.0,65225000000.0,18385000000.0,0,155000000,14013000000,2005000000,-13854000000,1257000000.0,-1
08-06-2011,11.84928608,11.95714283,11.80892944,11.86571407,10.03190136,333723600,15557.539,224.093,9.1,0.1,75183000000.0,41678000000.0,11261000000,25684000000.0,65225000000.0,18385000000.0,0,155000000,14013000000,2005000000,-13854000000,1257000000.0,1
09-06-2011,11.90178585,11.91678619,11.8125,11.83892918,10.00925636,275088800,15557.539,224.093,9.1,0.1,75183000000.0,41678000000.0,11261000000,25684000000.0,65225000000.0,18385000000.0,0,155000000,14013000000,2005000000,-13854000000,1257000000.0,-1
10-06-2011,11.80535698,11.84500027,11.62535667,11.63928604,9.840465546,433955200,15557.539,224.093,9.1,0.1,75183000000.0,41678000000.0,11261000000,25684000000.0,65225000000.0,18385000000.0,0,155000000,14013000000,2005000000,-13854000000,1257000000.0,-1
13-06-2011,11.68571377,11.72535706,11.60964298,11.66428566,9.861600876,329473200,15557.539,224.093,9.1,0.1,75183000000.0,41678000000.0,11261000000,25684000000.0,65225000000.0,18385000000.0,0,155000000,14013000000,2005000000,-13854000000,1257000000.0,-1
14-06-2011,11.78571415,11.90178585,11.76107121,11.87285709,10.03794289,334569200,15557.539,224.093,9.1,0.1,75183000000.0,41678000000.0,11261000000,25684000000.0,65225000000.0,18385000000.0,0,155000000,14013000000,2005000000,-13854000000,1257000000.0,1
15-06-2011,11.77678585,11.79642868,11.60285664,11.6696434,9.866131783,399196000,15557.539,224.093,9.1,0.1,75183000000.0,41678000000.0,11261000000,25684000000.0,65225000000.0,18385000000.0,0,155000000,14013000000,2005000000,-13854000000,1257000000.0,-1
16-06-2011,11.67500019,11.73857117,11.36892891,11.61285686,9.818120956,510591200,15557.539,224.093,9.1,0.1,75183000000.0,41678000000.0,11261000000,25684000000.0,65225000000.0,18385000000.0,0,155000000,14013000000,2005000000,-13854000000,1257000000.0,-1
17-06-2011,11.74964333,11.75892925,11.40571404,11.43785667,9.670163155,615020000,15557.539,224.093,9.1,0.1,75183000000.0,41678000000.0,11261000000,25684000000.0,65225000000.0,18385000000.0,0,155000000,14013000000,2005000000,-13854000000,1257000000.0,-1
20-06-2011,11.33428574,11.34642887,11.08928585,11.26142883,9.521001816,640645600,15557.539,224.093,9.1,0.1,75183000000.0,41678000000.0,11261000000,25684000000.0,65225000000.0,18385000000.0,0,155000000,14013000000,2005000000,-13854000000,1257000000.0,-1
21-06-2011,11.31000042,11.63571358,11.25714302,11.61785698,9.822348595,493382400,15557.539,224.093,9.1,0.1,75183000000.0,41678000000.0,11261000000,25684000000.0,65225000000.0,18385000000.0,0,155000000,14013000000,2005000000,-13854000000,1257000000.0,1
22-06-2011,11.61285686,11.74642944,11.51357079,11.52178574,9.741125107,390583200,15557.539,224.093,9.1,0.1,75183000000.0,41678000000.0,11261000000,25684000000.0,65225000000.0,18385000000.0,0,155000000,14013000000,2005000000,-13854000000,1257000000.0,-1
23-06-2011,11.39071369,11.84607124,11.36142921,11.82964325,10.00140381,559759200,15557.539,224.093,9.1,0.1,75183000000.0,41678000000.0,11261000000,25684000000.0,65225000000.0,18385000000.0,0,155000000,14013000000,2005000000,-13854000000,1257000000.0,1
24-06-2011,11.83464336,11.89821434,11.61035728,11.65535736,9.854052544,439807200,15557.539,224.093,9.1,0.1,75183000000.0,41678000000.0,11261000000,25684000000.0,65225000000.0,18385000000.0,0,155000000,14013000000,2005000000,-13854000000,1257000000.0,-1
27-06-2011,11.69964314,11.92500019,11.6875,11.85857105,10.02585983,339813600,15557.539,224.093,9.1,0.1,75183000000.0,41678000000.0,11261000000,25684000000.0,65225000000.0,18385000000.0,0,155000000,14013000000,2005000000,-13854000000,1257000000.0,1
28-06-2011,11.91607094,12.02499962,11.90857124,11.97357082,10.12308979,294299600,15557.539,224.093,9.1,0.1,75183000000.0,41678000000.0,11261000000,25684000000.0,65225000000.0,18385000000.0,0,155000000,14013000000,2005000000,-13854000000,1257000000.0,1
29-06-2011,12.0014286,12.01321411,11.85285664,11.93000031,10.08625031,352545200,15557.539,224.093,9.1,0.1,75183000000.0,41678000000.0,11261000000,25684000000.0,65225000000.0,18385000000.0,0,155000000,14013000000,2005000000,-13854000000,1257000000.0,-1
30-06-2011,11.95357132,12.00464344,11.88714314,11.98821354,10.13546562,322954800,15557.539,224.093,9.1,0.1,75183000000.0,41678000000.0,11261000000,25684000000.0,65225000000.0,18385000000.0,0,155000000,14013000000,2005000000,-13854000000,1257000000.0,1
01-07-2011,11.99821377,12.2678566,11.93571377,12.25928593,10.36465073,435313200,15647.68,225.395,9.0,0.07,75183000000.0,41678000000.0,11261000000,25684000000.0,65225000000.0,18385000000.0,0,155000000,14013000000,2005000000,-13854000000,1257000000.0,1
05-07-2011,12.25,12.49392891,12.2321434,12.47964287,10.55094433,355054000,15647.68,225.395,9.0,0.07,75183000000.0,41678000000.0,11261000000,25684000000.0,65225000000.0,18385000000.0,0,155000000,14013000000,2005000000,-13854000000,1257000000.0,1
06-07-2011,12.46249962,12.64642906,12.38249969,12.56285667,10.62129974,444626000,15647.68,225.395,9.0,0.07,75183000000.0,41678000000.0,11261000000,25684000000.0,65225000000.0,18385000000.0,0,155000000,14013000000,2005000000,-13854000000,1257000000.0,1
07-07-2011,12.66678619,12.78571415,12.6428566,12.75714302,10.78555775,399663600,15647.68,225.395,9.0,0.07,75183000000.0,41678000000.0,11261000000,25684000000.0,65225000000.0,18385000000.0,0,155000000,14013000000,2005000000,-13854000000,1257000000.0,1
08-07-2011,12.61928558,12.8571434,12.57857132,12.84678555,10.86134911,489633200,15647.68,225.395,9.0,0.07,75183000000.0,41678000000.0,11261000000,25684000000.0,65225000000.0,18385000000.0,0,155000000,14013000000,2005000000,-13854000000,1257000000.0,1
11-07-2011,12.72642899,12.84892941,12.60071373,12.6428566,10.68894005,442674400,15647.68,225.395,9.0,0.07,75183000000.0,41678000000.0,11261000000,25684000000.0,65225000000.0,18385000000.0,0,155000000,14013000000,2005000000,-13854000000,1257000000.0,-1
12-07-2011,12.62607098,12.77428627,12.45071411,12.63392925,10.68139076,451609200,15647.68,225.395,9.0,0.07,75183000000.0,41678000000.0,11261000000,25684000000.0,65225000000.0,18385000000.0,0,155000000,14013000000,2005000000,-13854000000,1257000000.0,1
13-07-2011,12.79749966,12.8571434,12.72785664,12.78642941,10.81032085,391638800,15647.68,225.395,9.0,0.07,75183000000.0,41678000000.0,11261000000,25684000000.0,65225000000.0,18385000000.0,0,155000000,14013000000,2005000000,-13854000000,1257000000.0,-1
14-07-2011,12.89321423,12.91464329,12.72642899,12.77750015,10.80277061,430533600,15647.68,225.395,9.0,0.07,75183000000.0,41678000000.0,11261000000,25684000000.0,65225000000.0,18385000000.0,0,155000000,14013000000,2005000000,-13854000000,1257000000.0,-1
15-07-2011,12.89892864,13.03571415,12.82750034,13.03285694,11.01866245,484467200,15647.68,225.395,9.0,0.07,75183000000.0,41678000000.0,11261000000,25684000000.0,65225000000.0,18385000000.0,0,155000000,14013000000,2005000000,-13854000000,1257000000.0,1
18-07-2011,13.05107117,13.38035679,13.04571438,13.35000038,11.28679562,572653200,15647.68,225.395,9.0,0.07,75183000000.0,41678000000.0,11261000000,25684000000.0,65225000000.0,18385000000.0,0,155000000,14013000000,2005000000,-13854000000,1257000000.0,1
19-07-2011,13.5,13.52321434,13.33285713,13.45892906,11.37888813,819145600,15647.68,225.395,9.0,0.07,75183000000.0,41678000000.0,11261000000,25684000000.0,65225000000.0,18385000000.0,0,155000000,14013000000,2005000000,-13854000000,1257000000.0,-1
20-07-2011,14.14714336,14.15250015,13.78571415,13.81785679,11.68234444,941340400,15647.68,225.395,9.0,0.07,75183000000.0,41678000000.0,11261000000,25684000000.0,65225000000.0,18385000000.0,0,155000000,14013000000,2005000000,-13854000000,1257000000.0,-1
21-07-2011,13.81964302,13.93071365,13.71071434,13.83178616,11.69412041,526534400,15647.68,225.395,9.0,0.07,75183000000.0,41678000000.0,11261000000,25684000000.0,65225000000.0,18385000000.0,0,155000000,14013000000,2005000000,-13854000000,1257000000.0,1
22-07-2011,13.86857128,14.10892868,13.84821415,14.04642868,11.87559509,516728800,15647.68,225.395,9.0,0.07,75183000000.0,41678000000.0,11261000000,25684000000.0,65225000000.0,18385000000.0,0,155000000,14013000000,2005000000,-13854000000,1257000000.0,1
25-07-2011,13.94107056,14.28571415,13.91499996,14.2321434,12.03260612,589806000,15647.68,225.395,9.0,0.07,75183000000.0,41678000000.0,11261000000,25684000000.0,65225000000.0,18385000000.0,0,155000000,14013000000,2005000000,-13854000000,1257000000.0,1
26-07-2011,14.28571415,14.44642925,14.27428627,14.40750027,12.18085861,476582400,15647.68,225.395,9.0,0.07,75183000000.0,41678000000.0,11261000000,25684000000.0,65225000000.0,18385000000.0,0,155000000,14013000000,2005000000,-13854000000,1257000000.0,1
27-07-2011,14.30678558,14.38000011,14.00535679,14.02107143,11.85415268,659324400,15647.68,225.395,9.0,0.07,75183000000.0,41678000000.0,11261000000,25684000000.0,65225000000.0,18385000000.0,0,155000000,14013000000,2005000000,-13854000000,1257000000.0,-1
28-07-2011,13.98642921,14.17821407,13.86178589,13.99357128,11.83090401,594034000,15647.68,225.395,9.0,0.07,75183000000.0,41678000000.0,11261000000,25684000000.0,65225000000.0,18385000000.0,0,155000000,14013000000,2005000000,-13854000000,1257000000.0,1
29-07-2011,13.84428596,14.11250019,13.71428585,13.945714,11.79044151,632584400,15647.68,225.395,9.0,0.07,75183000000.0,41678000000.0,11261000000,25684000000.0,65225000000.0,18385000000.0,0,155000000,14013000000,2005000000,-13854000000,1257000000.0,1
01-08-2011,14.20642853,14.2678566,14.01321411,14.1696434,11.97976685,612836000,15647.68,225.395,9.0,0.07,75183000000.0,41678000000.0,11261000000,25684000000.0,65225000000.0,18385000000.0,0,155000000,14013000000,2005000000,-13854000000,1257000000.0,-1
02-08-2011,14.20178604,14.21071434,13.86964321,13.88964272,11.74303722,639539600,15647.68,225.395,9.0,0.07,75183000000.0,41678000000.0,11261000000,25684000000.0,65225000000.0,18385000000.0,0,155000000,14013000000,2005000000,-13854000000,1257000000.0,-1
03-08-2011,13.96357059,14.05535698,13.65142918,14.02035713,11.85354805,732508000,15647.68,225.395,9.0,0.07,75183000000.0,41678000000.0,11261000000,25684000000.0,65225000000.0,18385000000.0,0,155000000,14013000000,2005000000,-13854000000,1257000000.0,1
04-08-2011,13.90750027,13.97571373,13.47678566,13.47749996,11.39458942,871407600,15647.68,225.395,9.0,0.07,75183000000.0,41678000000.0,11261000000,25684000000.0,65225000000.0,18385000000.0,0,155000000,14013000000,2005000000,-13854000000,1257000000.0,-1
05-08-2011,13.58714294,13.69642925,12.94892883,13.34357071,11.28135967,1204590800,15647.68,225.395,9.0,0.07,75183000000.0,41678000000.0,11261000000,25684000000.0,65225000000.0,18385000000.0,0,155000000,14013000000,2005000000,-13854000000,1257000000.0,-1
08-08-2011,12.91749954,13.1346426,12.60785675,12.6146431,10.66508675,1143833600,15647.68,225.395,9.0,0.07,75183000000.0,41678000000.0,11261000000,25684000000.0,65225000000.0,18385000000.0,0,155000000,14013000000,2005000000,-13854000000,1257000000.0,-1
09-08-2011,12.90357113,13.37892914,12.67857075,13.35750008,11.29313469,1082583600,15647.68,225.395,9.0,0.07,75183000000.0,41678000000.0,11261000000,25684000000.0,65225000000.0,18385000000.0,0,155000000,14013000000,2005000000,-13854000000,1257000000.0,1
10-08-2011,13.25535679,13.38035679,12.94642925,12.98892879,10.98152542,878656800,15647.68,225.395,9.0,0.07,75183000000.0,41678000000.0,11261000000,25684000000.0,65225000000.0,18385000000.0,0,155000000,14013000000,2005000000,-13854000000,1257000000.0,-1
11-08-2011,13.23285675,13.40892887,13.02571392,13.34642887,11.28377151,741969200,15647.68,225.395,9.0,0.07,75183000000.0,41678000000.0,11261000000,25684000000.0,65225000000.0,18385000000.0,0,155000000,14013000000,2005000000,-13854000000,1257000000.0,1
12-08-2011,13.50249958,13.55857086,13.3653574,13.46392918,11.38311577,528976000,15647.68,225.395,9.0,0.07,75183000000.0,41678000000.0,11261000000,25684000000.0,65225000000.0,18385000000.0,0,155000000,14013000000,2005000000,-13854000000,1257000000.0,-1
15-08-2011,13.55821419,13.74892902,13.50321388,13.69321442,11.57696819,460544000,15647.68,225.395,9.0,0.07,75183000000.0,41678000000.0,11261000000,25684000000.0,65225000000.0,18385000000.0,0,155000000,14013000000,2005000000,-13854000000,1257000000.0,1
16-08-2011,13.6257143,13.69178581,13.43071365,13.58857059,11.48849583,498750000,15647.68,225.395,9.0,0.07,75183000000.0,41678000000.0,11261000000,25684000000.0,65225000000.0,18385000000.0,0,155000000,14013000000,2005000000,-13854000000,1257000000.0,-1
17-08-2011,13.65392876,13.73285675,13.5,13.58714294,11.48728943,442061200,15647.68,225.395,9.0,0.07,75183000000.0,41678000000.0,11261000000,25684000000.0,65225000000.0,18385000000.0,0,155000000,14013000000,2005000000,-13854000000,1257000000.0,-1
18-08-2011,13.24428558,13.30892944,12.90607071,13.07321358,11.05278301,851435200,15647.68,225.395,9.0,0.07,75183000000.0,41678000000.0,11261000000,25684000000.0,65225000000.0,18385000000.0,0,155000000,14013000000,2005000000,-13854000000,1257000000.0,-1
19-08-2011,12.93464279,13.1071434,12.71428585,12.71535683,10.75023365,775888400,15647.68,225.395,9.0,0.07,75183000000.0,41678000000.0,11261000000,25684000000.0,65225000000.0,18385000000.0,0,155000000,14013000000,2005000000,-13854000000,1257000000.0,-1
22-08-2011,13.01821423,13.03142929,12.68178558,12.72999954,10.76261044,535315200,15647.68,225.395,9.0,0.07,75183000000.0,41678000000.0,11261000000,25684000000.0,65225000000.0,18385000000.0,0,155000000,14013000000,2005000000,-13854000000,1257000000.0,-1
23-08-2011,12.86785698,13.34428596,12.75,13.34285736,11.28075409,656835200,15647.68,225.395,9.0,0.07,75183000000.0,41678000000.0,11261000000,25684000000.0,65225000000.0,18385000000.0,0,155000000,14013000000,2005000000,-13854000000,1257000000.0,1
24-08-2011,13.33821392,13.53428555,13.23571396,13.43500042,11.35865688,626267600,15647.68,225.395,9.0,0.07,75183000000.0,41678000000.0,11261000000,25684000000.0,65225000000.0,18385000000.0,0,155000000,14013000000,2005000000,-13854000000,1257000000.0,1
25-08-2011,13.03857136,13.40892887,13.03571415,13.34714317,11.28437614,871346000,15647.68,225.395,9.0,0.07,75183000000.0,41678000000.0,11261000000,25684000000.0,65225000000.0,18385000000.0,0,155000000,14013000000,2005000000,-13854000000,1257000000.0,1
26-08-2011,13.25607109,13.70714283,13.24285698,13.69928646,11.58210182,641477200,15647.68,225.395,9.0,0.07,75183000000.0,41678000000.0,11261000000,25684000000.0,65225000000.0,18385000000.0,0,155000000,14013000000,2005000000,-13854000000,1257000000.0,1
29-08-2011,13.86357117,13.9821434,13.8571434,13.92749977,11.77504444,405269200,15647.68,225.395,9.0,0.07,75183000000.0,41678000000.0,11261000000,25684000000.0,65225000000.0,18385000000.0,0,155000000,14013000000,2005000000,-13854000000,1257000000.0,1
30-08-2011,13.86607075,13.99428558,13.79321384,13.92821407,11.77564812,417922400,15647.68,225.395,9.0,0.07,75183000000.0,41678000000.0,11261000000,25684000000.0,65225000000.0,18385000000.0,0,155000000,14013000000,2005000000,-13854000000,1257000000.0,1
31-08-2011,13.94892883,14.00285721,13.63785744,13.74392891,11.61984444,522586400,15647.68,225.395,9.0,0.07,75183000000.0,41678000000.0,11261000000,25684000000.0,65225000000.0,18385000000.0,0,155000000,14013000000,2005000000,-13854000000,1257000000.0,-1
01-09-2011,13.77928638,13.83357143,13.59714317,13.60821438,11.50510025,343725200,15647.68,225.395,9.0,0.07,75183000000.0,41678000000.0,11261000000,25684000000.0,65225000000.0,18385000000.0,0,155000000,14013000000,2005000000,-13854000000,1257000000.0,-1
02-09-2011,13.38357067,13.5,13.27964306,13.35892868,11.29434299,438939200,15647.68,225.395,9.0,0.07,75183000000.0,41678000000.0,11261000000,25684000000.0,65225000000.0,18385000000.0,0,155000000,14013000000,2005000000,-13854000000,1257000000.0,-1
06-09-2011,13.12035656,13.58321381,13.08857059,13.56214333,11.46615028,509698000,15647.68,225.395,9.0,0.07,75183000000.0,41678000000.0,11261000000,25684000000.0,65225000000.0,18385000000.0,0,155000000,14013000000,2005000000,-13854000000,1257000000.0,1
07-09-2011,13.77000046,13.77142906,13.6428566,13.71178627,11.59266472,350576800,15647.68,225.395,9.0,0.07,75183000000.0,41678000000.0,11261000000,25684000000.0,65225000000.0,18385000000.0,0,155000000,14013000000,2005000000,-13854000000,1257000000.0,-1
08-09-2011,13.65714264,13.87892914,13.65392876,13.71928596,11.59900856,416158400,15647.68,225.395,9.0,0.07,75183000000.0,41678000000.0,11261000000,25684000000.0,65225000000.0,18385000000.0,0,155000000,14013000000,2005000000,-13854000000,1257000000.0,1
09-09-2011,13.71178627,13.78571415,13.3935709,13.4814291,11.39791584,564813200,15647.68,225.395,9.0,0.07,75183000000.0,41678000000.0,11261000000,25684000000.0,65225000000.0,18385000000.0,0,155000000,14013000000,2005000000,-13854000000,1257000000.0,-1
12-09-2011,13.32142925,13.60285664,13.28214264,13.56928635,11.47219086,467832400,15647.68,225.395,9.0,0.07,75183000000.0,41678000000.0,11261000000,25684000000.0,65225000000.0,18385000000.0,0,155000000,14013000000,2005000000,-13854000000,1257000000.0,1
13-09-2011,13.64785671,13.79321384,13.5803566,13.73642921,11.61350536,440560400,15647.68,225.395,9.0,0.07,75183000000.0,41678000000.0,11261000000,25684000000.0,65225000000.0,18385000000.0,0,155000000,14013000000,2005000000,-13854000000,1257000000.0,1
14-09-2011,13.8221426,14.00749969,13.77714252,13.90357113,11.75481224,534724400,15647.68,225.395,9.0,0.07,75183000000.0,41678000000.0,11261000000,25684000000.0,65225000000.0,18385000000.0,0,155000000,14013000000,2005000000,-13854000000,1257000000.0,1
15-09-2011,13.97964287,14.05928612,13.92500019,14.03428555,11.86532593,417818800,15647.68,225.395,9.0,0.07,75183000000.0,41678000000.0,11261000000,25684000000.0,65225000000.0,18385000000.0,0,155000000,14013000000,2005000000,-13854000000,1257000000.0,1
16-09-2011,14.1264286,14.30357075,14.10821438,14.30357075,12.09299183,698513200,15647.68,225.395,9.0,0.07,75183000000.0,41678000000.0,11261000000,25684000000.0,65225000000.0,18385000000.0,0,155000000,14013000000,2005000000,-13854000000,1257000000.0,1
19-09-2011,14.17857075,14.758214,14.11428642,14.70107079,12.42905712,823860800,15647.68,225.395,9.0,0.07,75183000000.0,41678000000.0,11261000000,25684000000.0,65225000000.0,18385000000.0,0,155000000,14013000000,2005000000,-13854000000,1257000000.0,1
20-09-2011,14.8303566,15.10214329,14.68535709,14.76607132,12.48401546,775754000,15647.68,225.395,9.0,0.07,75183000000.0,41678000000.0,11261000000,25684000000.0,65225000000.0,18385000000.0,0,155000000,14013000000,2005000000,-13854000000,1257000000.0,-1
21-09-2011,14.98714256,15.05678558,14.71428585,14.71928596,12.44446278,605976000,15647.68,225.395,9.0,0.07,75183000000.0,41678000000.0,11261000000,25684000000.0,65225000000.0,18385000000.0,0,155000000,14013000000,2005000000,-13854000000,1257000000.0,-1
22-09-2011,14.32250023,14.63642883,14.16785717,14.35071373,12.1328516,968480800,15647.68,225.395,9.0,0.07,75183000000.0,41678000000.0,11261000000,25684000000.0,65225000000.0,18385000000.0,0,155000000,14013000000,2005000000,-13854000000,1257000000.0,1
23-09-2011,14.29571438,14.52642918,14.28035736,14.43928623,12.2077322,546277200,15647.68,225.395,9.0,0.07,75183000000.0,41678000000.0,11261000000,25684000000.0,65225000000.0,18385000000.0,0,155000000,14013000000,2005000000,-13854000000,1257000000.0,1
26-09-2011,14.28071404,14.4278574,13.97500038,14.39892864,12.17361546,812876400,15647.68,225.395,9.0,0.07,75183000000.0,41678000000.0,11261000000,25684000000.0,65225000000.0,18385000000.0,0,155000000,14013000000,2005000000,-13854000000,1257000000.0,1
27-09-2011,14.59749985,14.61607075,14.21642876,14.25928593,12.05555344,632497600,15647.68,225.395,9.0,0.07,75183000000.0,41678000000.0,11261000000,25684000000.0,65225000000.0,18385000000.0,0,155000000,14013000000,2005000000,-13854000000,1257000000.0,-1
28-09-2011,14.29249954,14.41928577,14.16107082,14.17892933,11.98761368,429637600,15647.68,225.395,9.0,0.07,75183000000.0,41678000000.0,11261000000,25684000000.0,65225000000.0,18385000000.0,0,155000000,14013000000,2005000000,-13854000000,1257000000.0,-1
29-09-2011,14.35428619,14.3646431,13.79321384,13.94892883,11.79316235,651086800,15647.68,225.395,9.0,0.07,75183000000.0,41678000000.0,11261000000,25684000000.0,65225000000.0,18385000000.0,0,155000000,14013000000,2005000000,-13854000000,1257000000.0,-1
30-09-2011,13.82571411,13.88892937,13.61357117,13.61857128,11.51385593,547640800,15647.68,225.395,9.0,0.07,116000000000.0,44988000000.0,9815000000,43818000000.0,108000000000.0,33790000000.0,519000000,0,25922000000,4260000000,-40419000000,1444000000.0,-1
03-10-2011,13.58464336,13.66571426,13.32750034,13.37857056,11.31095314,669099200,15842.259,226.75,8.8,0.07,116000000000.0,44988000000.0,9815000000,43818000000.0,108000000000.0,33790000000.0,519000000,0,25922000000,4260000000,-40419000000,1444000000.0,-1
04-10-2011,13.37749958,13.63571358,12.65142918,13.30357075,11.24754143,1233677200,15842.259,226.75,8.8,0.07,116000000000.0,44988000000.0,9815000000,43818000000.0,108000000000.0,33790000000.0,519000000,0,25922000000,4260000000,-40419000000,1444000000.0,-1
05-10-2011,13.13785744,13.56499958,12.86785698,13.50892925,11.42115974,786469600,15842.259,226.75,8.8,0.07,116000000000.0,44988000000.0,9815000000,43818000000.0,108000000000.0,33790000000.0,519000000,0,25922000000,4260000000,-40419000000,1444000000.0,1
06-10-2011,13.33321381,13.74214268,13.27857113,13.47749996,11.39458942,812582400,15842.259,226.75,8.8,0.07,116000000000.0,44988000000.0,9815000000,43818000000.0,108000000000.0,33790000000.0,519000000,0,25922000000,4260000000,-40419000000,1444000000.0,1
07-10-2011,13.42071438,13.49071407,13.16035748,13.20714283,11.16601372,535458000,15842.259,226.75,8.8,0.07,116000000000.0,44988000000.0,9815000000,43818000000.0,108000000000.0,33790000000.0,519000000,0,25922000000,4260000000,-40419000000,1444000000.0,-1
10-10-2011,13.53892899,13.88607121,13.50749969,13.88607121,11.74001503,442514800,15842.259,226.75,8.8,0.07,116000000000.0,44988000000.0,9815000000,43818000000.0,108000000000.0,33790000000.0,519000000,0,25922000000,4260000000,-40419000000,1444000000.0,1
11-10-2011,14.02035713,14.39928627,13.9821434,14.29607105,12.08665085,605687600,15842.259,226.75,8.8,0.07,116000000000.0,44988000000.0,9815000000,43818000000.0,108000000000.0,33790000000.0,519000000,0,25922000000,4260000000,-40419000000,1444000000.0,1
12-10-2011,14.54785728,14.61607075,14.29071426,14.36392879,12.14402485,622286000,15842.259,226.75,8.8,0.07,116000000000.0,44988000000.0,9815000000,43818000000.0,108000000000.0,33790000000.0,519000000,0,25922000000,4260000000,-40419000000,1444000000.0,-1
13-10-2011,14.46357059,14.58678627,14.38749981,14.58678627,12.33243847,426185200,15842.259,226.75,8.8,0.07,116000000000.0,44988000000.0,9815000000,43818000000.0,108000000000.0,33790000000.0,519000000,0,25922000000,4260000000,-40419000000,1444000000.0,1
14-10-2011,14.88678646,15.07142925,14.8310709,15.07142925,12.74218273,573367200,15842.259,226.75,8.8,0.07,116000000000.0,44988000000.0,9815000000,43818000000.0,108000000000.0,33790000000.0,519000000,0,25922000000,4260000000,-40419000000,1444000000.0,1
17-10-2011,15.06214333,15.23928642,14.85499954,14.99964333,12.68149185,686044800,15842.259,226.75,8.8,0.07,116000000000.0,44988000000.0,9815000000,43818000000.0,108000000000.0,33790000000.0,519000000,0,25922000000,4260000000,-40419000000,1444000000.0,-1
18-10-2011,15.06285667,15.17178631,14.85678577,15.07999992,12.74942589,881602400,15842.259,226.75,8.8,0.07,116000000000.0,44988000000.0,9815000000,43818000000.0,108000000000.0,33790000000.0,519000000,0,25922000000,4260000000,-40419000000,1444000000.0,1
19-10-2011,14.33392906,14.58642864,14.20714283,14.23642921,12.03622913,1104059600,15842.259,226.75,8.8,0.07,116000000000.0,44988000000.0,9815000000,43818000000.0,108000000000.0,33790000000.0,519000000,0,25922000000,4260000000,-40419000000,1444000000.0,-1
20-10-2011,14.28571415,14.29821396,14.07892895,14.11821365,11.93628407,549270400,15842.259,226.75,8.8,0.07,116000000000.0,44988000000.0,9815000000,43818000000.0,108000000000.0,33790000000.0,519000000,0,25922000000,4260000000,-40419000000,1444000000.0,-1
21-10-2011,14.21785736,14.25500011,13.9553566,14.03107071,11.86261082,621244400,15842.259,226.75,8.8,0.07,116000000000.0,44988000000.0,9815000000,43818000000.0,108000000000.0,33790000000.0,519000000,0,25922000000,4260000000,-40419000000,1444000000.0,-1
24-10-2011,14.14928627,14.5178566,14.12142944,14.491786,12.25212002,502138000,15842.259,226.75,8.8,0.07,116000000000.0,44988000000.0,9815000000,43818000000.0,108000000000.0,33790000000.0,519000000,0,25922000000,4260000000,-40419000000,1444000000.0,1
25-10-2011,14.46535683,14.51964283,14.19214344,14.2060709,12.0105629,430427200,15842.259,226.75,8.8,0.07,116000000000.0,44988000000.0,9815000000,43818000000.0,108000000000.0,33790000000.0,519000000,0,25922000000,4260000000,-40419000000,1444000000.0,-1
26-10-2011,14.34857082,14.37678623,14.04107094,14.30714321,12.09601116,456304800,15842.259,226.75,8.8,0.07,116000000000.0,44988000000.0,9815000000,43818000000.0,108000000000.0,33790000000.0,519000000,0,25922000000,4260000000,-40419000000,1444000000.0,-1
27-10-2011,14.55571365,14.6071434,14.35321426,14.45321369,12.21950722,494664800,15842.259,226.75,8.8,0.07,116000000000.0,44988000000.0,9815000000,43818000000.0,108000000000.0,33790000000.0,519000000,0,25922000000,4260000000,-40419000000,1444000000.0,-1
28-10-2011,14.3928566,14.51249981,14.37535667,14.46249962,12.22736168,322842800,15842.259,226.75,8.8,0.07,116000000000.0,44988000000.0,9815000000,43818000000.0,108000000000.0,33790000000.0,519000000,0,25922000000,4260000000,-40419000000,1444000000.0,1
31-10-2011,14.37214279,14.61892891,14.32321358,14.45642853,12.22222614,385501200,15842.259,226.75,8.8,0.07,116000000000.0,44988000000.0,9815000000,43818000000.0,108000000000.0,33790000000.0,519000000,0,25922000000,4260000000,-40419000000,1444000000.0,1
01-11-2011,14.19321442,14.2678566,14.04357147,14.16107082,11.97251797,531790000,15842.259,226.75,8.8,0.07,116000000000.0,44988000000.0,9815000000,43818000000.0,108000000000.0,33790000000.0,519000000,0,25922000000,4260000000,-40419000000,1444000000.0,-1
02-11-2011,14.28892899,14.30142879,14.11107063,14.19321442,11.99969387,327350800,15842.259,226.75,8.8,0.07,116000000000.0,44988000000.0,9815000000,43818000000.0,108000000000.0,33790000000.0,519000000,0,25922000000,4260000000,-40419000000,1444000000.0,-1
03-11-2011,14.25249958,14.40714264,14.11999989,14.39535713,12.17059612,441386400,15842.259,226.75,8.8,0.07,116000000000.0,44988000000.0,9815000000,43818000000.0,108000000000.0,33790000000.0,519000000,0,25922000000,4260000000,-40419000000,1444000000.0,1
04-11-2011,14.35821438,14.40857124,14.25571442,14.29428577,12.08514118,302229200,15842.259,226.75,8.8,0.07,116000000000.0,44988000000.0,9815000000,43818000000.0,108000000000.0,33790000000.0,519000000,0,25922000000,4260000000,-40419000000,1444000000.0,-1
07-11-2011,14.28250027,14.28571415,14.14750004,14.27607059,12.0697403,270275600,15842.259,226.75,8.8,0.07,116000000000.0,44988000000.0,9815000000,43818000000.0,108000000000.0,33790000000.0,519000000,0,25922000000,4260000000,-40419000000,1444000000.0,-1
08-11-2011,14.3646431,14.57142925,14.34142876,14.508214,12.26600933,400442000,15842.259,226.75,8.8,0.07,116000000000.0,44988000000.0,9815000000,43818000000.0,108000000000.0,33790000000.0,519000000,0,25922000000,4260000000,-40419000000,1444000000.0,1
09-11-2011,14.17749977,14.31750011,14.07964325,14.11714268,11.93537235,558684000,15842.259,226.75,8.8,0.07,116000000000.0,44988000000.0,9815000000,43818000000.0,108000000000.0,33790000000.0,519000000,0,25922000000,4260000000,-40419000000,1444000000.0,-1
10-11-2011,14.17964268,14.1860714,13.64821434,13.75785732,11.63161945,744752400,15842.259,226.75,8.8,0.07,116000000000.0,44988000000.0,9815000000,43818000000.0,108000000000.0,33790000000.0,519000000,0,25922000000,4260000000,-40419000000,1444000000.0,-1
11-11-2011,13.80749989,13.88214302,13.58071423,13.73642921,11.61350536,653786000,15842.259,226.75,8.8,0.07,116000000000.0,44988000000.0,9815000000,43818000000.0,108000000000.0,33790000000.0,519000000,0,25922000000,4260000000,-40419000000,1444000000.0,-1
14-11-2011,13.6971426,13.75892925,13.50714302,13.54500008,11.4516573,432905200,15842.259,226.75,8.8,0.07,116000000000.0,44988000000.0,9815000000,43818000000.0,108000000000.0,33790000000.0,519000000,0,25922000000,4260000000,-40419000000,1444000000.0,-1
15-11-2011,13.60000038,13.91071415,13.55178642,13.88678646,11.74062252,430810800,15842.259,226.75,8.8,0.07,116000000000.0,44988000000.0,9815000000,43818000000.0,108000000000.0,33790000000.0,519000000,0,25922000000,4260000000,-40419000000,1444000000.0,1
16-11-2011,13.90178585,13.96928596,13.72571373,13.741786,11.6180315,349210400,15842.259,226.75,8.8,0.07,116000000000.0,44988000000.0,9815000000,43818000000.0,108000000000.0,33790000000.0,519000000,0,25922000000,4260000000,-40419000000,1444000000.0,-1
17-11-2011,13.71357059,13.73499966,13.41071415,13.47892857,11.39579773,479900400,15842.259,226.75,8.8,0.07,116000000000.0,44988000000.0,9815000000,43818000000.0,108000000000.0,33790000000.0,519000000,0,25922000000,4260000000,-40419000000,1444000000.0,-1
18-11-2011,13.53285694,13.57107067,13.38857079,13.39071369,11.32121563,371938000,15842.259,226.75,8.8,0.07,116000000000.0,44988000000.0,9815000000,43818000000.0,108000000000.0,33790000000.0,519000000,0,25922000000,4260000000,-40419000000,1444000000.0,-1
21-11-2011,13.22857094,13.27428627,13.06821442,13.17892933,11.14216328,447980400,15842.259,226.75,8.8,0.07,116000000000.0,44988000000.0,9815000000,43818000000.0,108000000000.0,33790000000.0,519000000,0,25922000000,4260000000,-40419000000,1444000000.0,-1
22-11-2011,13.2507143,13.49750042,13.24785709,13.44678593,11.36862278,409021200,15842.259,226.75,8.8,0.07,116000000000.0,44988000000.0,9815000000,43818000000.0,108000000000.0,33790000000.0,519000000,0,25922000000,4260000000,-40419000000,1444000000.0,1
23-11-2011,13.37535667,13.42285728,13.10285664,13.10678577,11.08116913,428271200,15842.259,226.75,8.8,0.07,116000000000.0,44988000000.0,9815000000,43818000000.0,108000000000.0,33790000000.0,519000000,0,25922000000,4260000000,-40419000000,1444000000.0,-1
25-11-2011,13.15785694,13.25535679,12.97571373,12.98464298,10.97790241,254760800,15842.259,226.75,8.8,0.07,116000000000.0,44988000000.0,9815000000,43818000000.0,108000000000.0,33790000000.0,519000000,0,25922000000,4260000000,-40419000000,1444000000.0,-1
28-11-2011,13.29821396,13.45428562,13.22607136,13.43285656,11.3568449,346413200,15842.259,226.75,8.8,0.07,116000000000.0,44988000000.0,9815000000,43818000000.0,108000000000.0,33790000000.0,519000000,0,25922000000,4260000000,-40419000000,1444000000.0,1
29-11-2011,13.42285728,13.52964306,13.22142887,13.32857132,11.26867485,375855200,15842.259,226.75,8.8,0.07,116000000000.0,44988000000.0,9815000000,43818000000.0,108000000000.0,33790000000.0,519000000,0,25922000000,4260000000,-40419000000,1444000000.0,-1
30-11-2011,13.61750031,13.65285683,13.51071358,13.64999962,11.54042816,405938400,15842.259,226.75,8.8,0.07,116000000000.0,44988000000.0,9815000000,43818000000.0,108000000000.0,33790000000.0,519000000,0,25922000000,4260000000,-40419000000,1444000000.0,1
01-12-2011,13.66214275,13.8928566,13.59821415,13.85464287,11.71344471,387181200,15842.259,226.75,8.8,0.07,116000000000.0,44988000000.0,9815000000,43818000000.0,108000000000.0,33790000000.0,519000000,0,25922000000,4260000000,-40419000000,1444000000.0,1
02-12-2011,13.92249966,14.05821419,13.87785721,13.91785717,11.76689243,379055600,15842.259,226.75,8.8,0.07,116000000000.0,44988000000.0,9815000000,43818000000.0,108000000000.0,33790000000.0,519000000,0,25922000000,4260000000,-40419000000,1444000000.0,-1
05-12-2011,14.05321407,14.15750027,13.94250011,14.03607082,11.86683369,357210000,15842.259,226.75,8.8,0.07,116000000000.0,44988000000.0,9815000000,43818000000.0,108000000000.0,33790000000.0,519000000,0,25922000000,4260000000,-40419000000,1444000000.0,-1
06-12-2011,14.01821423,14.09392929,13.90642929,13.96249962,11.80463219,283598000,15842.259,226.75,8.8,0.07,116000000000.0,44988000000.0,9815000000,43818000000.0,108000000000.0,33790000000.0,519000000,0,25922000000,4260000000,-40419000000,1444000000.0,-1
07-12-2011,13.92607117,13.96214294,13.81285667,13.89607143,11.74846745,304746400,15842.259,226.75,8.8,0.07,116000000000.0,44988000000.0,9815000000,43818000000.0,108000000000.0,33790000000.0,519000000,0,25922000000,4260000000,-40419000000,1444000000.0,-1
08-12-2011,13.98035717,14.125,13.9367857,13.95214272,11.79587746,376356400,15842.259,226.75,8.8,0.07,116000000000.0,44988000000.0,9815000000,43818000000.0,108000000000.0,33790000000.0,519000000,0,25922000000,4260000000,-40419000000,1444000000.0,-1
09-12-2011,14.03035736,14.0728569,13.96535683,14.05785656,11.88525295,296993200,15842.259,226.75,8.8,0.07,116000000000.0,44988000000.0,9815000000,43818000000.0,108000000000.0,33790000000.0,519000000,0,25922000000,4260000000,-40419000000,1444000000.0,1
12-12-2011,13.98857117,14.06785679,13.90892887,13.99428558,11.83151054,301067200,15842.259,226.75,8.8,0.07,116000000000.0,44988000000.0,9815000000,43818000000.0,108000000000.0,33790000000.0,519000000,0,25922000000,4260000000,-40419000000,1444000000.0,1
13-12-2011,14.03571415,14.12142944,13.82499981,13.88607121,11.74001503,338928800,15842.259,226.75,8.8,0.07,116000000000.0,44988000000.0,9815000000,43818000000.0,108000000000.0,33790000000.0,519000000,0,25922000000,4260000000,-40419000000,1444000000.0,-1
14-12-2011,13.81071377,13.83500004,13.48857117,13.57821369,11.47973824,406887600,15842.259,226.75,8.8,0.07,116000000000.0,44988000000.0,9815000000,43818000000.0,108000000000.0,33790000000.0,519000000,0,25922000000,4260000000,-40419000000,1444000000.0,-1
15-12-2011,13.69035721,13.70499992,13.51107121,13.53357124,11.44199657,256200000,15842.259,226.75,8.8,0.07,116000000000.0,44988000000.0,9815000000,43818000000.0,108000000000.0,33790000000.0,519000000,0,25922000000,4260000000,-40419000000,1444000000.0,-1
16-12-2011,13.58428574,13.71964264,13.55607128,13.60785675,11.50479984,421478400,15842.259,226.75,8.8,0.07,116000000000.0,44988000000.0,9815000000,43818000000.0,108000000000.0,33790000000.0,519000000,0,25922000000,4260000000,-40419000000,1444000000.0,1
19-12-2011,13.65964317,13.74464321,13.58857059,13.65035725,11.54073334,235530400,15842.259,226.75,8.8,0.07,116000000000.0,44988000000.0,9815000000,43818000000.0,108000000000.0,33790000000.0,519000000,0,25922000000,4260000000,-40419000000,1444000000.0,-1
20-12-2011,13.84857082,14.14642906,13.83071423,14.14107132,11.95561028,337215200,15842.259,226.75,8.8,0.07,116000000000.0,44988000000.0,9815000000,43818000000.0,108000000000.0,33790000000.0,519000000,0,25922000000,4260000000,-40419000000,1444000000.0,1
21-12-2011,14.16749954,14.18928623,14.00035667,14.15892887,11.97070503,262948000,15842.259,226.75,8.8,0.07,116000000000.0,44988000000.0,9815000000,43818000000.0,108000000000.0,33790000000.0,519000000,0,25922000000,4260000000,-40419000000,1444000000.0,-1
22-12-2011,14.17857075,14.25464344,14.14642906,14.23392868,12.03411198,202358800,15842.259,226.75,8.8,0.07,116000000000.0,44988000000.0,9815000000,43818000000.0,108000000000.0,33790000000.0,519000000,0,25922000000,4260000000,-40419000000,1444000000.0,1
23-12-2011,14.27464294,14.41392899,14.26749992,14.40464306,12.17844296,269399200,15842.259,226.75,8.8,0.07,116000000000.0,44988000000.0,9815000000,43818000000.0,108000000000.0,33790000000.0,519000000,0,25922000000,4260000000,-40419000000,1444000000.0,1
27-12-2011,14.39642906,14.61035728,14.3935709,14.51892853,12.27506924,265076000,15842.259,226.75,8.8,0.07,116000000000.0,44988000000.0,9815000000,43818000000.0,108000000000.0,33790000000.0,519000000,0,25922000000,4260000000,-40419000000,1444000000.0,1
28-12-2011,14.53178596,14.5803566,14.33357143,14.38000011,12.15760994,228662000,15842.259,226.75,8.8,0.07,116000000000.0,44988000000.0,9815000000,43818000000.0,108000000000.0,33790000000.0,519000000,0,25922000000,4260000000,-40419000000,1444000000.0,-1
29-12-2011,14.40714264,14.48750019,14.30392933,14.46857071,12.23249149,215978000,15842.259,226.75,8.8,0.07,116000000000.0,44988000000.0,9815000000,43818000000.0,108000000000.0,33790000000.0,519000000,0,25922000000,4260000000,-40419000000,1444000000.0,1
30-12-2011,14.41107082,14.51000023,14.41035748,14.46428585,12.22887039,179662000,15842.259,226.75,8.8,0.07,116000000000.0,44988000000.0,9815000000,43818000000.0,108000000000.0,33790000000.0,519000000,0,25922000000,4260000000,-40419000000,1444000000.0,1
03-01-2012,14.62142944,14.7321434,14.6071434,14.6867857,12.41698265,302220800,16068.805,227.842,8.3,0.08,116000000000.0,44988000000.0,9815000000,43818000000.0,108000000000.0,33790000000.0,519000000,0,25922000000,4260000000,-40419000000,1444000000.0,1
04-01-2012,14.6428566,14.81000042,14.61714268,14.76571369,12.48371029,260022000,16068.805,227.842,8.3,0.08,116000000000.0,44988000000.0,9815000000,43818000000.0,108000000000.0,33790000000.0,519000000,0,25922000000,4260000000,-40419000000,1444000000.0,1
05-01-2012,14.81964302,14.94821358,14.73821354,14.92964268,12.62230587,271269600,16068.805,227.842,8.3,0.08,116000000000.0,44988000000.0,9815000000,43818000000.0,108000000000.0,33790000000.0,519000000,0,25922000000,4260000000,-40419000000,1444000000.0,1
06-01-2012,14.991786,15.09821415,14.97214317,15.08571434,12.75426292,318292800,16068.805,227.842,8.3,0.08,116000000000.0,44988000000.0,9815000000,43818000000.0,108000000000.0,33790000000.0,519000000,0,25922000000,4260000000,-40419000000,1444000000.0,1
09-01-2012,15.19642925,15.27678585,15.04821396,15.0617857,12.73402691,394024400,16068.805,227.842,8.3,0.08,116000000000.0,44988000000.0,9815000000,43818000000.0,108000000000.0,33790000000.0,519000000,0,25922000000,4260000000,-40419000000,1444000000.0,-1
10-01-2012,15.21107101,15.21428585,15.05357075,15.11571407,12.77961826,258196400,16068.805,227.842,8.3,0.08,116000000000.0,44988000000.0,9815000000,43818000000.0,108000000000.0,33790000000.0,519000000,0,25922000000,4260000000,-40419000000,1444000000.0,-1
11-01-2012,15.09571362,15.10178566,14.97535706,15.09107113,12.75878811,215084800,16068.805,227.842,8.3,0.08,116000000000.0,44988000000.0,9815000000,43818000000.0,108000000000.0,33790000000.0,519000000,0,25922000000,4260000000,-40419000000,1444000000.0,-1
12-01-2012,15.08142853,15.10357094,14.9553566,15.04964256,12.72376251,212587200,16068.805,227.842,8.3,0.08,116000000000.0,44988000000.0,9815000000,43818000000.0,108000000000.0,33790000000.0,519000000,0,25922000000,4260000000,-40419000000,1444000000.0,-1
13-01-2012,14.98928642,15.01607132,14.95214272,14.99321365,12.67605305,226021600,16068.805,227.842,8.3,0.08,116000000000.0,44988000000.0,9815000000,43818000000.0,108000000000.0,33790000000.0,519000000,0,25922000000,4260000000,-40419000000,1444000000.0,1
17-01-2012,15.14999962,15.21392918,15.10571384,15.16785717,12.82370281,242897200,16068.805,227.842,8.3,0.08,116000000000.0,44988000000.0,9815000000,43818000000.0,108000000000.0,33790000000.0,519000000,0,25922000000,4260000000,-40419000000,1444000000.0,1
18-01-2012,15.2485714,15.33821392,15.22500038,15.32535744,12.95686245,276791200,16068.805,227.842,8.3,0.08,116000000000.0,44988000000.0,9815000000,43818000000.0,108000000000.0,33790000000.0,519000000,0,25922000000,4260000000,-40419000000,1444000000.0,1
19-01-2012,15.36250019,15.40607071,15.23250008,15.27678585,12.91579723,261738400,16068.805,227.842,8.3,0.08,116000000000.0,44988000000.0,9815000000,43818000000.0,108000000000.0,33790000000.0,519000000,0,25922000000,4260000000,-40419000000,1444000000.0,-1
20-01-2012,15.26749992,15.2678566,14.99107075,15.01071358,12.69084835,413974400,16068.805,227.842,8.3,0.08,116000000000.0,44988000000.0,9815000000,43818000000.0,108000000000.0,33790000000.0,519000000,0,25922000000,4260000000,-40419000000,1444000000.0,-1
23-01-2012,15.09535694,15.30178642,15.08214283,15.26464272,12.90553379,306062400,16068.805,227.842,8.3,0.08,116000000000.0,44988000000.0,9815000000,43818000000.0,108000000000.0,33790000000.0,519000000,0,25922000000,4260000000,-40419000000,1444000000.0,1
24-01-2012,15.18214321,15.18214321,14.98392868,15.01464272,12.69416809,547638000,16068.805,227.842,8.3,0.08,116000000000.0,44988000000.0,9815000000,43818000000.0,108000000000.0,33790000000.0,519000000,0,25922000000,4260000000,-40419000000,1444000000.0,-1
25-01-2012,16.22999954,16.23035622,15.84749985,15.95214272,13.48678017,958314000,16068.805,227.842,8.3,0.08,116000000000.0,44988000000.0,9815000000,43818000000.0,108000000000.0,33790000000.0,519000000,0,25922000000,4260000000,-40419000000,1444000000.0,-1
26-01-2012,16.01285744,16.0282135,15.82642937,15.87964344,13.42548656,323985200,16068.805,227.842,8.3,0.08,116000000000.0,44988000000.0,9815000000,43818000000.0,108000000000.0,33790000000.0,519000000,0,25922000000,4260000000,-40419000000,1444000000.0,-1
27-01-2012,15.86928558,16.01714325,15.84892941,15.97428608,13.50550365,299709200,16068.805,227.842,8.3,0.08,116000000000.0,44988000000.0,9815000000,43818000000.0,108000000000.0,33790000000.0,519000000,0,25922000000,4260000000,-40419000000,1444000000.0,1
30-01-2012,15.91821384,16.21071434,15.90678596,16.17892838,13.67851925,379341200,16068.805,227.842,8.3,0.08,116000000000.0,44988000000.0,9815000000,43818000000.0,108000000000.0,33790000000.0,519000000,0,25922000000,4260000000,-40419000000,1444000000.0,1
31-01-2012,16.27107048,16.36571312,16.18107033,16.30285645,13.78329468,391683600,16068.805,227.842,8.3,0.08,116000000000.0,44988000000.0,9815000000,43818000000.0,108000000000.0,33790000000.0,519000000,0,25922000000,4260000000,-40419000000,1444000000.0,1
01-02-2012,16.37178612,16.39249992,16.26964378,16.29249954,13.77453709,270046000,16068.805,227.842,8.3,0.08,116000000000.0,44988000000.0,9815000000,43818000000.0,108000000000.0,33790000000.0,519000000,0,25922000000,4260000000,-40419000000,1444000000.0,-1
02-02-2012,16.28214264,16.32749939,16.21357155,16.25428581,13.74222755,186796400,16068.805,227.842,8.3,0.08,116000000000.0,44988000000.0,9815000000,43818000000.0,108000000000.0,33790000000.0,519000000,0,25922000000,4260000000,-40419000000,1444000000.0,-1
03-02-2012,16.33214378,16.4285717,16.27000046,16.41714287,13.87992001,286599600,16068.805,227.842,8.3,0.08,116000000000.0,44988000000.0,9815000000,43818000000.0,108000000000.0,33790000000.0,519000000,0,25922000000,4260000000,-40419000000,1444000000.0,1
06-02-2012,16.37071419,16.60642815,16.36428642,16.57035637,14.00945282,249412800,16068.805,227.842,8.3,0.08,116000000000.0,44988000000.0,9815000000,43818000000.0,108000000000.0,33790000000.0,519000000,0,25922000000,4260000000,-40419000000,1444000000.0,1
07-02-2012,16.6160717,16.7767868,16.59214211,16.74392891,14.15619755,316223600,16068.805,227.842,8.3,0.08,116000000000.0,44988000000.0,9815000000,43818000000.0,108000000000.0,33790000000.0,519000000,0,25922000000,4260000000,-40419000000,1444000000.0,1
08-02-2012,16.8035717,17.0282135,16.77499962,17.02428627,14.3932333,407890000,16068.805,227.842,8.3,0.08,116000000000.0,44988000000.0,9815000000,43818000000.0,108000000000.0,33790000000.0,519000000,0,25922000000,4260000000,-40419000000,1444000000.0,1
09-02-2012,17.17000008,17.7410717,17.16285706,17.61321449,14.89113712,884214800,16068.805,227.842,8.3,0.08,116000000000.0,44988000000.0,9815000000,43818000000.0,108000000000.0,33790000000.0,519000000,0,25922000000,4260000000,-40419000000,1444000000.0,1
10-02-2012,17.5342865,17.77214241,17.44821358,17.62214279,14.89868355,631302000,16068.805,227.842,8.3,0.08,116000000000.0,44988000000.0,9815000000,43818000000.0,108000000000.0,33790000000.0,519000000,0,25922000000,4260000000,-40419000000,1444000000.0,1
13-02-2012,17.84035683,17.99392891,17.75321388,17.95000076,15.17588139,517216000,16068.805,227.842,8.3,0.08,116000000000.0,44988000000.0,9815000000,43818000000.0,108000000000.0,33790000000.0,519000000,0,25922000000,4260000000,-40419000000,1444000000.0,1
14-02-2012,18.02357101,18.19857025,17.9285717,18.19499969,15.38300896,460398400,16068.805,227.842,8.3,0.08,116000000000.0,44988000000.0,9815000000,43818000000.0,108000000000.0,33790000000.0,519000000,0,25922000000,4260000000,-40419000000,1444000000.0,1
15-02-2012,18.36642838,18.7960701,17.74607086,17.7739296,15.02701283,1506120000,16068.805,227.842,8.3,0.08,116000000000.0,44988000000.0,9815000000,43818000000.0,108000000000.0,33790000000.0,519000000,0,25922000000,4260000000,-40419000000,1444000000.0,-1
16-02-2012,17.5535717,18.03178596,17.37964249,17.9360714,15.16410065,944552000,16068.805,227.842,8.3,0.08,116000000000.0,44988000000.0,9815000000,43818000000.0,108000000000.0,33790000000.0,519000000,0,25922000000,4260000000,-40419000000,1444000000.0,1
17-02-2012,17.96821404,18.13464355,17.86785698,17.93285751,15.16138554,535805200,16068.805,227.842,8.3,0.08,116000000000.0,44988000000.0,9815000000,43818000000.0,108000000000.0,33790000000.0,519000000,0,25922000000,4260000000,-40419000000,1444000000.0,-1
21-02-2012,18.10285759,18.38750076,18.00428581,18.38750076,15.54576015,605595200,16068.805,227.842,8.3,0.08,116000000000.0,44988000000.0,9815000000,43818000000.0,108000000000.0,33790000000.0,519000000,0,25922000000,4260000000,-40419000000,1444000000.0,1
22-02-2012,18.32428551,18.41035652,18.18107033,18.3228569,15.49110985,483302400,16068.805,227.842,8.3,0.08,116000000000.0,44988000000.0,9815000000,43818000000.0,108000000000.0,33790000000.0,519000000,0,25922000000,4260000000,-40419000000,1444000000.0,-1
23-02-2012,18.39571381,18.49392891,18.1964283,18.44249916,15.59226131,568027600,16068.805,227.842,8.3,0.08,116000000000.0,44988000000.0,9815000000,43818000000.0,108000000000.0,33790000000.0,519000000,0,25922000000,4260000000,-40419000000,1444000000.0,1
24-02-2012,18.55964279,18.67499924,18.52285767,18.65749931,15.77403164,415072000,16068.805,227.842,8.3,0.08,116000000000.0,44988000000.0,9815000000,43818000000.0,108000000000.0,33790000000.0,519000000,0,25922000000,4260000000,-40419000000,1444000000.0,1
27-02-2012,18.61821365,18.875,18.43857193,18.77714348,15.87518597,547582000,16068.805,227.842,8.3,0.08,116000000000.0,44988000000.0,9815000000,43818000000.0,108000000000.0,33790000000.0,519000000,0,25922000000,4260000000,-40419000000,1444000000.0,1
28-02-2012,18.8557148,19.12178612,18.78035736,19.12178612,16.16656113,600387200,16068.805,227.842,8.3,0.08,116000000000.0,44988000000.0,9815000000,43818000000.0,108000000000.0,33790000000.0,519000000,0,25922000000,4260000000,-40419000000,1444000000.0,1
29-02-2012,19.34142876,19.55750084,19.13214302,19.37285614,16.37883377,952011200,16068.805,227.842,8.3,0.08,116000000000.0,44988000000.0,9815000000,43818000000.0,108000000000.0,33790000000.0,519000000,0,25922000000,4260000000,-40419000000,1444000000.0,1
01-03-2012,19.57749939,19.5789299,19.24178505,19.44535637,16.44013405,683270000,16068.805,227.842,8.3,0.08,116000000000.0,44988000000.0,9815000000,43818000000.0,108000000000.0,33790000000.0,519000000,0,25922000000,4260000000,-40419000000,1444000000.0,-1
02-03-2012,19.43714333,19.52857018,19.37571335,19.47071457,16.46156883,431712400,16068.805,227.842,8.3,0.08,116000000000.0,44988000000.0,9815000000,43818000000.0,108000000000.0,33790000000.0,519000000,0,25922000000,4260000000,-40419000000,1444000000.0,1
05-03-2012,19.47928619,19.55285645,18.7857132,19.04142952,16.09863472,809124400,16068.805,227.842,8.3,0.08,116000000000.0,44988000000.0,9815000000,43818000000.0,108000000000.0,33790000000.0,519000000,0,25922000000,4260000000,-40419000000,1444000000.0,-1
06-03-2012,18.70214272,19.06035614,18.43642807,18.93785667,16.01106262,810238800,16068.805,227.842,8.3,0.08,116000000000.0,44988000000.0,9815000000,43818000000.0,108000000000.0,33790000000.0,519000000,0,25922000000,4260000000,-40419000000,1444000000.0,1
07-03-2012,19.17142868,19.20642853,18.68928528,18.95321465,16.02404976,798520800,16068.805,227.842,8.3,0.08,116000000000.0,44988000000.0,9815000000,43818000000.0,108000000000.0,33790000000.0,519000000,0,25922000000,4260000000,-40419000000,1444000000.0,-1
08-03-2012,19.09607124,19.39249992,19.00428581,19.35678673,16.36524963,516457200,16068.805,227.842,8.3,0.08,116000000000.0,44988000000.0,9815000000,43818000000.0,108000000000.0,33790000000.0,519000000,0,25922000000,4260000000,-40419000000,1444000000.0,1
09-03-2012,19.4360714,19.56214333,19.39678574,19.47035789,16.46126366,418919200,16068.805,227.842,8.3,0.08,116000000000.0,44988000000.0,9815000000,43818000000.0,108000000000.0,33790000000.0,519000000,0,25922000000,4260000000,-40419000000,1444000000.0,1
12-03-2012,19.60642815,19.7142868,19.5357132,19.7142868,16.66750145,407282400,16068.805,227.842,8.3,0.08,116000000000.0,44988000000.0,9815000000,43818000000.0,108000000000.0,33790000000.0,519000000,0,25922000000,4260000000,-40419000000,1444000000.0,1
13-03-2012,19.91214371,20.29214287,19.8482132,20.28928566,17.1536274,690855200,16068.805,227.842,8.3,0.08,116000000000.0,44988000000.0,9815000000,43818000000.0,108000000000.0,33790000000.0,519000000,0,25922000000,4260000000,-40419000000,1444000000.0,1
14-03-2012,20.64464378,21.23999977,20.54999924,21.05642891,17.80221748,1418844000,16068.805,227.842,8.3,0.08,116000000000.0,44988000000.0,9815000000,43818000000.0,108000000000.0,33790000000.0,519000000,0,25922000000,4260000000,-40419000000,1444000000.0,1
15-03-2012,21.41464233,21.42892838,20.66250038,20.91285706,17.68083191,1159718000,16068.805,227.842,8.3,0.08,116000000000.0,44988000000.0,9815000000,43818000000.0,108000000000.0,33790000000.0,519000000,0,25922000000,4260000000,-40419000000,1444000000.0,-1
16-03-2012,20.88285637,21.04285622,20.6428566,20.91321373,17.68112564,825487600,16068.805,227.842,8.3,0.08,116000000000.0,44988000000.0,9815000000,43818000000.0,108000000000.0,33790000000.0,519000000,0,25922000000,4260000000,-40419000000,1444000000.0,1
19-03-2012,21.37035751,21.49178505,21.03750038,21.46785736,18.15005684,901236000,16068.805,227.842,8.3,0.08,116000000000.0,44988000000.0,9815000000,43818000000.0,108000000000.0,33790000000.0,519000000,0,25922000000,4260000000,-40419000000,1444000000.0,1
20-03-2012,21.41107178,21.67499924,21.12428665,21.6414299,18.29680061,816662000,16068.805,227.842,8.3,0.08,116000000000.0,44988000000.0,9815000000,43818000000.0,108000000000.0,33790000000.0,519000000,0,25922000000,4260000000,-40419000000,1444000000.0,1
21-03-2012,21.52642822,21.77321434,21.47892952,21.5178566,18.19233131,644042000,16068.805,227.842,8.3,0.08,116000000000.0,44988000000.0,9815000000,43818000000.0,108000000000.0,33790000000.0,519000000,0,25922000000,4260000000,-40419000000,1444000000.0,-1
22-03-2012,21.34928513,21.5892868,21.26892853,21.40500069,18.09691811,623870800,16068.805,227.842,8.3,0.08,116000000000.0,44988000000.0,9815000000,43818000000.0,108000000000.0,33790000000.0,519000000,0,25922000000,4260000000,-40419000000,1444000000.0,1
23-03-2012,21.44607162,21.49285698,21.22857094,21.28750038,17.99758148,430488800,16068.805,227.842,8.3,0.08,116000000000.0,44988000000.0,9815000000,43818000000.0,108000000000.0,33790000000.0,519000000,0,25922000000,4260000000,-40419000000,1444000000.0,-1
26-03-2012,21.4210701,21.68392944,21.25928688,21.67785645,18.32759857,595742000,16068.805,227.842,8.3,0.08,116000000000.0,44988000000.0,9815000000,43818000000.0,108000000000.0,33790000000.0,519000000,0,25922000000,4260000000,-40419000000,1444000000.0,1
27-03-2012,21.64928627,22.01000023,21.64500046,21.94571495,18.5540657,607129600,16068.805,227.842,8.3,0.08,116000000000.0,44988000000.0,9815000000,43818000000.0,108000000000.0,33790000000.0,519000000,0,25922000000,4260000000,-40419000000,1444000000.0,1
28-03-2012,22.08499908,22.19464302,21.79678535,22.05785751,18.6488781,655460400,16068.805,227.842,8.3,0.08,116000000000.0,44988000000.0,9815000000,43818000000.0,108000000000.0,33790000000.0,519000000,0,25922000000,4260000000,-40419000000,1444000000.0,-1
29-03-2012,21.88500023,22.02000046,21.68678665,21.78071404,18.41456604,608238400,16068.805,227.842,8.3,0.08,116000000000.0,44988000000.0,9815000000,43818000000.0,108000000000.0,33790000000.0,519000000,0,25922000000,4260000000,-40419000000,1444000000.0,-1
30-03-2012,21.74178505,21.80571365,21.35499954,21.41250038,18.10325813,731038000,16068.805,227.842,8.3,0.08,116000000000.0,44988000000.0,9815000000,43818000000.0,108000000000.0,33790000000.0,519000000,0,25922000000,4260000000,-40419000000,1444000000.0,-1
02-04-2012,21.49392891,22.09892845,21.44214249,22.09392929,18.67936897,598351600,16207.115,229.187,8.2,0.14,116000000000.0,44988000000.0,9815000000,43818000000.0,108000000000.0,33790000000.0,519000000,0,25922000000,4260000000,-40419000000,1444000000.0,1
03-04-2012,22.40357018,22.5789299,22.23250008,22.47571373,19.00215149,834559600,16207.115,229.187,8.2,0.14,116000000000.0,44988000000.0,9815000000,43818000000.0,108000000000.0,33790000000.0,519000000,0,25922000000,4260000000,-40419000000,1444000000.0,1
04-04-2012,22.29821396,22.35214233,22.0357132,22.29678535,18.85087585,572980800,16207.115,229.187,8.2,0.14,116000000000.0,44988000000.0,9815000000,43818000000.0,108000000000.0,33790000000.0,519000000,0,25922000000,4260000000,-40419000000,1444000000.0,-1
05-04-2012,22.39214325,22.66642952,22.26428604,22.63142967,19.13379669,641298000,16207.115,229.187,8.2,0.14,116000000000.0,44988000000.0,9815000000,43818000000.0,108000000000.0,33790000000.0,519000000,0,25922000000,4260000000,-40419000000,1444000000.0,1
09-04-2012,22.36178589,22.85142899,22.33214378,22.72249985,19.21079636,597536800,16207.115,229.187,8.2,0.14,116000000000.0,44988000000.0,9815000000,43818000000.0,108000000000.0,33790000000.0,519000000,0,25922000000,4260000000,-40419000000,1444000000.0,1
10-04-2012,22.85464287,23.0,22.3571434,22.44428635,18.97557831,889725200,16207.115,229.187,8.2,0.14,116000000000.0,44988000000.0,9815000000,43818000000.0,108000000000.0,33790000000.0,519000000,0,25922000000,4260000000,-40419000000,1444000000.0,-1
11-04-2012,22.72142982,22.74535751,22.26214218,22.36428642,18.90793991,696614800,16207.115,229.187,8.2,0.14,116000000000.0,44988000000.0,9815000000,43818000000.0,108000000000.0,33790000000.0,519000000,0,25922000000,4260000000,-40419000000,1444000000.0,-1
12-04-2012,22.3214283,22.54750061,22.1607132,22.24178505,18.80437469,614336800,16207.115,229.187,8.2,0.14,116000000000.0,44988000000.0,9815000000,43818000000.0,108000000000.0,33790000000.0,519000000,0,25922000000,4260000000,-40419000000,1444000000.0,-1
13-04-2012,22.28964233,22.31071472,21.55392838,21.61535645,18.27475929,859644800,16207.115,229.187,8.2,0.14,116000000000.0,44988000000.0,9815000000,43818000000.0,108000000000.0,33790000000.0,519000000,0,25922000000,4260000000,-40419000000,1444000000.0,-1
16-04-2012,21.78785706,21.79571342,20.6517868,20.71892929,17.51688385,1050786800,16207.115,229.187,8.2,0.14,116000000000.0,44988000000.0,9815000000,43818000000.0,108000000000.0,33790000000.0,519000000,0,25922000000,4260000000,-40419000000,1444000000.0,-1
17-04-2012,20.67642975,21.7857132,20.42535782,21.77499962,18.40973282,1025528000,16207.115,229.187,8.2,0.14,116000000000.0,44988000000.0,9815000000,43818000000.0,108000000000.0,33790000000.0,519000000,0,25922000000,4260000000,-40419000000,1444000000.0,1
18-04-2012,21.91857147,22.1517868,21.52535629,21.72642899,18.3686657,954531200,16207.115,229.187,8.2,0.14,116000000000.0,44988000000.0,9815000000,43818000000.0,108000000000.0,33790000000.0,519000000,0,25922000000,4260000000,-40419000000,1444000000.0,-1
19-04-2012,21.43642807,21.59749985,20.87571335,20.97999954,17.73759651,834719200,16207.115,229.187,8.2,0.14,116000000000.0,44988000000.0,9815000000,43818000000.0,108000000000.0,33790000000.0,519000000,0,25922000000,4260000000,-40419000000,1444000000.0,-1
20-04-2012,21.12071419,21.23642921,20.37214279,20.46357155,17.30098343,1030985200,16207.115,229.187,8.2,0.14,116000000000.0,44988000000.0,9815000000,43818000000.0,108000000000.0,33790000000.0,519000000,0,25922000000,4260000000,-40419000000,1444000000.0,-1
23-04-2012,20.37892914,20.59535789,19.87928581,20.41785622,17.26233292,966529200,16207.115,229.187,8.2,0.14,116000000000.0,44988000000.0,9815000000,43818000000.0,108000000000.0,33790000000.0,519000000,0,25922000000,4260000000,-40419000000,1444000000.0,1
24-04-2012,20.09321404,20.27464294,19.8214283,20.01000023,16.91751099,1076149200,16207.115,229.187,8.2,0.14,116000000000.0,44988000000.0,9815000000,43818000000.0,108000000000.0,33790000000.0,519000000,0,25922000000,4260000000,-40419000000,1444000000.0,-1
25-04-2012,21.98714256,22.0714283,21.6428566,21.7857132,18.418787,905777600,16207.115,229.187,8.2,0.14,116000000000.0,44988000000.0,9815000000,43818000000.0,108000000000.0,33790000000.0,519000000,0,25922000000,4260000000,-40419000000,1444000000.0,-1
26-04-2012,21.93821335,21.95321465,21.50464249,21.70357132,18.34934235,536068400,16207.115,229.187,8.2,0.14,116000000000.0,44988000000.0,9815000000,43818000000.0,108000000000.0,33790000000.0,519000000,0,25922000000,4260000000,-40419000000,1444000000.0,-1
27-04-2012,21.60964394,21.64928627,21.4464283,21.5357132,18.20742416,406722400,16207.115,229.187,8.2,0.14,116000000000.0,44988000000.0,9815000000,43818000000.0,108000000000.0,33790000000.0,519000000,0,25922000000,4260000000,-40419000000,1444000000.0,-1
30-04-2012,21.35000038,21.37142944,20.8214283,20.85642815,17.6331234,506144800,16207.115,229.187,8.2,0.14,116000000000.0,44988000000.0,9815000000,43818000000.0,108000000000.0,33790000000.0,519000000,0,25922000000,4260000000,-40419000000,1444000000.0,-1
01-05-2012,20.88928604,21.31285667,20.75821495,20.79035759,17.57726097,610999200,16207.115,229.187,8.2,0.14,116000000000.0,44988000000.0,9815000000,43818000000.0,108000000000.0,33790000000.0,519000000,0,25922000000,4260000000,-40419000000,1444000000.0,-1
02-05-2012,20.72285652,20.97857094,20.67357063,20.92785645,17.69350815,427389200,16207.115,229.187,8.2,0.14,116000000000.0,44988000000.0,9815000000,43818000000.0,108000000000.0,33790000000.0,519000000,0,25922000000,4260000000,-40419000000,1444000000.0,1
03-05-2012,21.0892868,21.12142944,20.72500038,20.77928543,17.56790161,390549600,16207.115,229.187,8.2,0.14,116000000000.0,44988000000.0,9815000000,43818000000.0,108000000000.0,33790000000.0,519000000,0,25922000000,4260000000,-40419000000,1444000000.0,-1
04-05-2012,20.61000061,20.65571404,20.18464279,20.1875,17.06757355,529992400,16207.115,229.187,8.2,0.14,116000000000.0,44988000000.0,9815000000,43818000000.0,108000000000.0,33790000000.0,519000000,0,25922000000,4260000000,-40419000000,1444000000.0,-1
07-05-2012,20.0535717,20.45607185,20.04392815,20.33857155,17.19530106,460118400,16207.115,229.187,8.2,0.14,116000000000.0,44988000000.0,9815000000,43818000000.0,108000000000.0,33790000000.0,519000000,0,25922000000,4260000000,-40419000000,1444000000.0,1
08-05-2012,20.34214211,20.4107132,19.95464325,20.29214287,17.15605164,497252000,16207.115,229.187,8.2,0.14,116000000000.0,44988000000.0,9815000000,43818000000.0,108000000000.0,33790000000.0,519000000,0,25922000000,4260000000,-40419000000,1444000000.0,-1
09-05-2012,20.13214302,20.49928665,20.03035736,20.32785606,17.18623734,480704000,16207.115,229.187,8.2,0.14,116000000000.0,44988000000.0,9815000000,43818000000.0,108000000000.0,33790000000.0,519000000,0,25922000000,4260000000,-40419000000,1444000000.0,1
10-05-2012,20.52071381,20.56714249,20.30142975,20.37571335,17.22670364,333200000,16207.115,229.187,8.2,0.14,116000000000.0,44988000000.0,9815000000,43818000000.0,108000000000.0,33790000000.0,519000000,0,25922000000,4260000000,-40419000000,1444000000.0,-1
11-05-2012,20.1785717,20.51678658,20.15535736,20.2396431,17.11166,399546000,16207.115,229.187,8.2,0.14,116000000000.0,44988000000.0,9815000000,43818000000.0,108000000000.0,33790000000.0,519000000,0,25922000000,4260000000,-40419000000,1444000000.0,1
14-05-2012,20.09178543,20.26821327,19.91428566,19.93642807,16.85530663,352626400,16207.115,229.187,8.2,0.14,116000000000.0,44988000000.0,9815000000,43818000000.0,108000000000.0,33790000000.0,519000000,0,25922000000,4260000000,-40419000000,1444000000.0,-1
15-05-2012,20.05178642,20.11499977,19.7053566,19.75607109,16.70282555,476336000,16207.115,229.187,8.2,0.14,116000000000.0,44988000000.0,9815000000,43818000000.0,108000000000.0,33790000000.0,519000000,0,25922000000,4260000000,-40419000000,1444000000.0,-1
16-05-2012,19.78750038,19.88892937,19.3228569,19.50285721,16.48874664,560896000,16207.115,229.187,8.2,0.14,116000000000.0,44988000000.0,9815000000,43818000000.0,108000000000.0,33790000000.0,519000000,0,25922000000,4260000000,-40419000000,1444000000.0,-1
17-05-2012,19.47535706,19.5535717,18.93285751,18.93285751,16.00683403,717220000,16207.115,229.187,8.2,0.14,116000000000.0,44988000000.0,9815000000,43818000000.0,108000000000.0,33790000000.0,519000000,0,25922000000,4260000000,-40419000000,1444000000.0,-1
18-05-2012,19.06999969,19.40749931,18.64928627,18.94214249,16.01468658,732292400,16207.115,229.187,8.2,0.14,116000000000.0,44988000000.0,9815000000,43818000000.0,108000000000.0,33790000000.0,519000000,0,25922000000,4260000000,-40419000000,1444000000.0,-1
21-05-2012,19.0892868,20.05500031,19.07321358,20.04571342,16.9477005,631106000,16207.115,229.187,8.2,0.14,116000000000.0,44988000000.0,9815000000,43818000000.0,108000000000.0,33790000000.0,519000000,0,25922000000,4260000000,-40419000000,1444000000.0,1
22-05-2012,20.34107018,20.49571419,19.73500061,19.89178658,16.81757355,694870400,16207.115,229.187,8.2,0.14,116000000000.0,44988000000.0,9815000000,43818000000.0,108000000000.0,33790000000.0,519000000,0,25922000000,4260000000,-40419000000,1444000000.0,-1
23-05-2012,19.9107132,20.45714378,19.75821495,20.37714386,17.22790337,584897600,16207.115,229.187,8.2,0.14,116000000000.0,44988000000.0,9815000000,43818000000.0,108000000000.0,33790000000.0,519000000,0,25922000000,4260000000,-40419000000,1444000000.0,1
24-05-2012,20.56678581,20.5892868,20.04392815,20.19000053,17.06968307,496230000,16207.115,229.187,8.2,0.14,116000000000.0,44988000000.0,9815000000,43818000000.0,108000000000.0,33790000000.0,519000000,0,25922000000,4260000000,-40419000000,1444000000.0,-1
25-05-2012,20.16392899,20.20892906,19.94535637,20.0817852,16.97819519,328507200,16207.115,229.187,8.2,0.14,116000000000.0,44988000000.0,9815000000,43818000000.0,108000000000.0,33790000000.0,519000000,0,25922000000,4260000000,-40419000000,1444000000.0,-1
29-05-2012,20.38928604,20.5,20.18964386,20.43821335,17.27954292,380508800,16207.115,229.187,8.2,0.14,116000000000.0,44988000000.0,9815000000,43818000000.0,108000000000.0,33790000000.0,519000000,0,25922000000,4260000000,-40419000000,1444000000.0,1
30-05-2012,20.32857132,20.71392822,20.23428535,20.68464279,17.48788643,529429600,16207.115,229.187,8.2,0.14,116000000000.0,44988000000.0,9815000000,43818000000.0,108000000000.0,33790000000.0,519000000,0,25922000000,4260000000,-40419000000,1444000000.0,1
31-05-2012,20.74071312,20.7678566,20.4092865,20.63321495,17.44440651,491674400,16207.115,229.187,8.2,0.14,116000000000.0,44988000000.0,9815000000,43818000000.0,108000000000.0,33790000000.0,519000000,0,25922000000,4260000000,-40419000000,1444000000.0,-1
01-06-2012,20.32714272,20.45178604,20.01857185,20.03535652,16.93895149,520987600,16207.115,229.187,8.2,0.14,116000000000.0,44988000000.0,9815000000,43818000000.0,108000000000.0,33790000000.0,519000000,0,25922000000,4260000000,-40419000000,1444000000.0,-1
04-06-2012,20.0535717,20.2678566,19.5892868,20.1532135,17.03858757,556995600,16207.115,229.187,8.2,0.14,116000000000.0,44988000000.0,9815000000,43818000000.0,108000000000.0,33790000000.0,519000000,0,25922000000,4260000000,-40419000000,1444000000.0,1
05-06-2012,20.04535675,20.23107147,19.94035721,20.1010704,16.99450493,388214400,16207.115,229.187,8.2,0.14,116000000000.0,44988000000.0,9815000000,43818000000.0,108000000000.0,33790000000.0,519000000,0,25922000000,4260000000,-40419000000,1444000000.0,1
06-06-2012,20.27750015,20.49464226,20.1964283,20.4092865,17.25508499,401455600,16207.115,229.187,8.2,0.14,116000000000.0,44988000000.0,9815000000,43818000000.0,108000000000.0,33790000000.0,519000000,0,25922000000,4260000000,-40419000000,1444000000.0,1
07-06-2012,20.61750031,20.61857033,20.375,20.41857147,17.26294327,379766800,16207.115,229.187,8.2,0.14,116000000000.0,44988000000.0,9815000000,43818000000.0,108000000000.0,33790000000.0,519000000,0,25922000000,4260000000,-40419000000,1444000000.0,-1
08-06-2012,20.41428566,20.73500061,20.3214283,20.72571373,17.52261543,347516400,16207.115,229.187,8.2,0.14,116000000000.0,44988000000.0,9815000000,43818000000.0,108000000000.0,33790000000.0,519000000,0,25922000000,4260000000,-40419000000,1444000000.0,1
11-06-2012,20.98999977,21.0178566,20.37964249,20.3989296,17.24632835,591264800,16207.115,229.187,8.2,0.14,116000000000.0,44988000000.0,9815000000,43818000000.0,108000000000.0,33790000000.0,519000000,0,25922000000,4260000000,-40419000000,1444000000.0,-1
12-06-2012,20.5164299,20.59357071,20.23928642,20.57714272,17.39700317,435380400,16207.115,229.187,8.2,0.14,116000000000.0,44988000000.0,9815000000,43818000000.0,108000000000.0,33790000000.0,519000000,0,25922000000,4260000000,-40419000000,1444000000.0,1
13-06-2012,20.51857185,20.65999985,20.37071419,20.43428612,17.27621841,293580000,16207.115,229.187,8.2,0.14,116000000000.0,44988000000.0,9815000000,43818000000.0,108000000000.0,33790000000.0,519000000,0,25922000000,4260000000,-40419000000,1444000000.0,-1
14-06-2012,20.40142822,20.4821434,20.25928688,20.41178513,17.25720024,345573200,16207.115,229.187,8.2,0.14,116000000000.0,44988000000.0,9815000000,43818000000.0,108000000000.0,33790000000.0,519000000,0,25922000000,4260000000,-40419000000,1444000000.0,1
15-06-2012,20.3928566,20.52214241,20.34107018,20.50464249,17.3357029,335255200,16207.115,229.187,8.2,0.14,116000000000.0,44988000000.0,9815000000,43818000000.0,108000000000.0,33790000000.0,519000000,0,25922000000,4260000000,-40419000000,1444000000.0,1
18-06-2012,20.3914299,20.99607086,20.37035751,20.92071342,17.68746948,440412000,16207.115,229.187,8.2,0.14,116000000000.0,44988000000.0,9815000000,43818000000.0,108000000000.0,33790000000.0,519000000,0,25922000000,4260000000,-40419000000,1444000000.0,1
19-06-2012,20.83571434,21.0714283,20.82500076,20.97892952,17.73668861,361404400,16207.115,229.187,8.2,0.14,116000000000.0,44988000000.0,9815000000,43818000000.0,108000000000.0,33790000000.0,519000000,0,25922000000,4260000000,-40419000000,1444000000.0,1
20-06-2012,21.00749969,21.0446434,20.74285698,20.91928673,17.68626595,358943200,16207.115,229.187,8.2,0.14,116000000000.0,44988000000.0,9815000000,43818000000.0,108000000000.0,33790000000.0,519000000,0,25922000000,4260000000,-40419000000,1444000000.0,-1
21-06-2012,20.90857124,21.00785637,20.62285614,20.63107109,17.44259834,326351200,16207.115,229.187,8.2,0.14,116000000000.0,44988000000.0,9815000000,43818000000.0,108000000000.0,33790000000.0,519000000,0,25922000000,4260000000,-40419000000,1444000000.0,-1
22-06-2012,20.68000031,20.79249954,20.55071449,20.78928566,17.57635498,284471600,16207.115,229.187,8.2,0.14,116000000000.0,44988000000.0,9815000000,43818000000.0,108000000000.0,33790000000.0,519000000,0,25922000000,4260000000,-40419000000,1444000000.0,1
25-06-2012,20.61785698,20.70714378,20.37035751,20.38464355,17.23425484,304382400,16207.115,229.187,8.2,0.14,116000000000.0,44988000000.0,9815000000,43818000000.0,108000000000.0,33790000000.0,519000000,0,25922000000,4260000000,-40419000000,1444000000.0,-1
26-06-2012,20.40464211,20.51749992,20.26178551,20.42964363,17.27229881,276536400,16207.115,229.187,8.2,0.14,116000000000.0,44988000000.0,9815000000,43818000000.0,108000000000.0,33790000000.0,519000000,0,25922000000,4260000000,-40419000000,1444000000.0,1
27-06-2012,20.5357132,20.59785652,20.42571449,20.5178566,17.34687614,202997200,16207.115,229.187,8.2,0.14,116000000000.0,44988000000.0,9815000000,43818000000.0,108000000000.0,33790000000.0,519000000,0,25922000000,4260000000,-40419000000,1444000000.0,-1
28-06-2012,20.41678619,20.5,20.20035744,20.32321358,17.18231201,282836400,16207.115,229.187,8.2,0.14,116000000000.0,44988000000.0,9815000000,43818000000.0,108000000000.0,33790000000.0,519000000,0,25922000000,4260000000,-40419000000,1444000000.0,-1
29-06-2012,20.6428566,20.8571434,20.5089283,20.8571434,17.63372612,421500800,16207.115,229.187,8.2,0.14,116000000000.0,44988000000.0,9815000000,43818000000.0,108000000000.0,33790000000.0,519000000,0,25922000000,4260000000,-40419000000,1444000000.0,1
02-07-2012,20.88321495,21.19535637,20.84285736,21.16142845,17.89099121,400092000,16319.541,228.59,8.2,0.16,116000000000.0,44988000000.0,9815000000,43818000000.0,108000000000.0,33790000000.0,519000000,0,25922000000,4260000000,-40419000000,1444000000.0,1
03-07-2012,21.24571419,21.4285717,21.2142868,21.40749931,18.09902954,241712800,16319.541,228.59,8.2,0.16,116000000000.0,44988000000.0,9815000000,43818000000.0,108000000000.0,33790000000.0,519000000,0,25922000000,4260000000,-40419000000,1444000000.0,1
05-07-2012,21.44857025,21.94071388,21.41607094,21.78357124,18.41698265,484383200,16319.541,228.59,8.2,0.16,116000000000.0,44988000000.0,9815000000,43818000000.0,108000000000.0,33790000000.0,519000000,0,25922000000,4260000000,-40419000000,1444000000.0,1
06-07-2012,21.68178558,21.72999954,21.48500061,21.63857079,18.29438782,418930400,16319.541,228.59,8.2,0.16,116000000000.0,44988000000.0,9815000000,43818000000.0,108000000000.0,33790000000.0,519000000,0,25922000000,4260000000,-40419000000,1444000000.0,-1
09-07-2012,21.61785698,21.92499924,21.57535744,21.92464256,18.53625488,379405600,16319.541,228.59,8.2,0.16,116000000000.0,44988000000.0,9815000000,43818000000.0,108000000000.0,33790000000.0,519000000,0,25922000000,4260000000,-40419000000,1444000000.0,1
10-07-2012,22.07035637,22.13821411,21.61821365,21.7217865,18.364748,511957600,16319.541,228.59,8.2,0.16,116000000000.0,44988000000.0,9815000000,43818000000.0,108000000000.0,33790000000.0,519000000,0,25922000000,4260000000,-40419000000,1444000000.0,-1
11-07-2012,21.64714241,21.70214272,21.32928658,21.58678627,18.25060654,469322000,16319.541,228.59,8.2,0.16,116000000000.0,44988000000.0,9815000000,43818000000.0,108000000000.0,33790000000.0,519000000,0,25922000000,4260000000,-40419000000,1444000000.0,-1
12-07-2012,21.43714333,21.55249977,21.16714287,21.38928604,18.0836277,428041600,16319.541,228.59,8.2,0.16,116000000000.0,44988000000.0,9815000000,43818000000.0,108000000000.0,33790000000.0,519000000,0,25922000000,4260000000,-40419000000,1444000000.0,-1
13-07-2012,21.53392982,21.68535614,21.4285717,21.60607147,18.26691055,311427200,16319.541,228.59,8.2,0.16,116000000000.0,44988000000.0,9815000000,43818000000.0,108000000000.0,33790000000.0,519000000,0,25922000000,4260000000,-40419000000,1444000000.0,1
16-07-2012,21.61142921,21.84357071,21.60785675,21.67535782,18.32549286,301260400,16319.541,228.59,8.2,0.16,116000000000.0,44988000000.0,9815000000,43818000000.0,108000000000.0,33790000000.0,519000000,0,25922000000,4260000000,-40419000000,1444000000.0,1
17-07-2012,21.8139286,21.8392868,21.54107094,21.67642975,18.32639122,293624800,16319.541,228.59,8.2,0.16,116000000000.0,44988000000.0,9815000000,43818000000.0,108000000000.0,33790000000.0,519000000,0,25922000000,4260000000,-40419000000,1444000000.0,-1
18-07-2012,21.66392899,21.72642899,21.55571365,21.65214348,18.30586052,252700000,16319.541,228.59,8.2,0.16,116000000000.0,44988000000.0,9815000000,43818000000.0,108000000000.0,33790000000.0,519000000,0,25922000000,4260000000,-40419000000,1444000000.0,-1
19-07-2012,21.83142853,21.97678566,21.6428566,21.94000053,18.54922867,436861600,16319.541,228.59,8.2,0.16,116000000000.0,44988000000.0,9815000000,43818000000.0,108000000000.0,33790000000.0,519000000,0,25922000000,4260000000,-40419000000,1444000000.0,1
20-07-2012,21.89392853,21.94428635,21.56071472,21.58214378,18.24669075,397471200,16319.541,228.59,8.2,0.16,116000000000.0,44988000000.0,9815000000,43818000000.0,108000000000.0,33790000000.0,519000000,0,25922000000,4260000000,-40419000000,1444000000.0,-1
23-07-2012,21.22857094,21.63928604,20.9896431,21.56535721,18.23248863,487975600,16319.541,228.59,8.2,0.16,116000000000.0,44988000000.0,9815000000,43818000000.0,108000000000.0,33790000000.0,519000000,0,25922000000,4260000000,-40419000000,1444000000.0,1
24-07-2012,21.69214249,21.77428627,21.37535667,21.4614296,18.1446228,565132400,16319.541,228.59,8.2,0.16,116000000000.0,44988000000.0,9815000000,43818000000.0,108000000000.0,33790000000.0,519000000,0,25922000000,4260000000,-40419000000,1444000000.0,-1
25-07-2012,20.5164299,20.74285698,20.3571434,20.53464317,17.36106873,877312800,16319.541,228.59,8.2,0.16,116000000000.0,44988000000.0,9815000000,43818000000.0,108000000000.0,33790000000.0,519000000,0,25922000000,4260000000,-40419000000,1444000000.0,1
26-07-2012,20.70571327,20.72857094,20.37000084,20.53142929,17.35835266,406632800,16319.541,228.59,8.2,0.16,116000000000.0,44988000000.0,9815000000,43818000000.0,108000000000.0,33790000000.0,519000000,0,25922000000,4260000000,-40419000000,1444000000.0,-1
27-07-2012,20.53607178,20.92250061,20.41392899,20.89857101,17.66875839,403936400,16319.541,228.59,8.2,0.16,116000000000.0,44988000000.0,9815000000,43818000000.0,108000000000.0,33790000000.0,519000000,0,25922000000,4260000000,-40419000000,1444000000.0,1
30-07-2012,21.10428619,21.40857124,20.99357033,21.25107193,17.96677208,379142400,16319.541,228.59,8.2,0.16,116000000000.0,44988000000.0,9815000000,43818000000.0,108000000000.0,33790000000.0,519000000,0,25922000000,4260000000,-40419000000,1444000000.0,1
31-07-2012,21.54392815,21.84642982,21.52571487,21.81285667,18.44174194,462327600,16319.541,228.59,8.2,0.16,116000000000.0,44988000000.0,9815000000,43818000000.0,108000000000.0,33790000000.0,519000000,0,25922000000,4260000000,-40419000000,1444000000.0,1
01-08-2012,21.99678612,22.01428604,21.5357132,21.67178535,18.32247353,384501600,16319.541,228.59,8.2,0.16,116000000000.0,44988000000.0,9815000000,43818000000.0,108000000000.0,33790000000.0,519000000,0,25922000000,4260000000,-40419000000,1444000000.0,-1
02-08-2012,21.53000069,21.81035614,21.4375,21.7067852,18.35205841,332158400,16319.541,228.59,8.2,0.16,116000000000.0,44988000000.0,9815000000,43818000000.0,108000000000.0,33790000000.0,519000000,0,25922000000,4260000000,-40419000000,1444000000.0,1
03-08-2012,21.91535759,22.07071495,21.84142876,21.98928642,18.59090424,344920800,16319.541,228.59,8.2,0.16,116000000000.0,44988000000.0,9815000000,43818000000.0,108000000000.0,33790000000.0,519000000,0,25922000000,4260000000,-40419000000,1444000000.0,1
06-08-2012,22.0460701,22.31678581,21.97357178,22.23392868,18.79773521,302103200,16319.541,228.59,8.2,0.16,116000000000.0,44988000000.0,9815000000,43818000000.0,108000000000.0,33790000000.0,519000000,0,25922000000,4260000000,-40419000000,1444000000.0,1
07-08-2012,22.24178505,22.3214283,22.0728569,22.17535782,18.74821663,290446800,16319.541,228.59,8.2,0.16,116000000000.0,44988000000.0,9815000000,43818000000.0,108000000000.0,33790000000.0,519000000,0,25922000000,4260000000,-40419000000,1444000000.0,-1
08-08-2012,22.12107086,22.28142929,22.03928566,22.13785744,18.7165184,244706000,16319.541,228.59,8.2,0.16,116000000000.0,44988000000.0,9815000000,43818000000.0,108000000000.0,33790000000.0,519000000,0,25922000000,4260000000,-40419000000,1444000000.0,1
09-08-2012,22.06607056,22.20464325,22.06428528,22.16892815,18.82325363,221642400,16319.541,228.59,8.2,0.16,116000000000.0,44988000000.0,9815000000,43818000000.0,108000000000.0,33790000000.0,519000000,0,25922000000,4260000000,-40419000000,1444000000.0,1
10-08-2012,22.0967865,22.20571327,22.09642982,22.20357132,18.85266685,194938800,16319.541,228.59,8.2,0.16,116000000000.0,44988000000.0,9815000000,43818000000.0,108000000000.0,33790000000.0,519000000,0,25922000000,4260000000,-40419000000,1444000000.0,1
13-08-2012,22.26392937,22.5,22.2589283,22.5,19.1043663,278832400,16319.541,228.59,8.2,0.16,116000000000.0,44988000000.0,9815000000,43818000000.0,108000000000.0,33790000000.0,519000000,0,25922000000,4260000000,-40419000000,1444000000.0,1
14-08-2012,22.56678581,22.80750084,22.50749969,22.56035614,19.15560913,340169200,16319.541,228.59,8.2,0.16,116000000000.0,44988000000.0,9815000000,43818000000.0,108000000000.0,33790000000.0,519000000,0,25922000000,4260000000,-40419000000,1444000000.0,-1
15-08-2012,22.54642868,22.6428566,22.4196434,22.52964211,19.12952995,257342400,16319.541,228.59,8.2,0.16,116000000000.0,44988000000.0,9815000000,43818000000.0,108000000000.0,33790000000.0,519000000,0,25922000000,4260000000,-40419000000,1444000000.0,-1
16-08-2012,22.5432148,22.74142838,22.5178566,22.72642899,19.29662132,254534000,16319.541,228.59,8.2,0.16,116000000000.0,44988000000.0,9815000000,43818000000.0,108000000000.0,33790000000.0,519000000,0,25922000000,4260000000,-40419000000,1444000000.0,1
17-08-2012,22.8571434,23.14964294,22.81464386,23.14678574,19.65353394,442761200,16319.541,228.59,8.2,0.16,116000000000.0,44988000000.0,9815000000,43818000000.0,108000000000.0,33790000000.0,519000000,0,25922000000,4260000000,-40419000000,1444000000.0,1
20-08-2012,23.21464348,23.75535774,23.21071434,23.75535774,20.1702652,613384800,16319.541,228.59,8.2,0.16,116000000000.0,44988000000.0,9815000000,43818000000.0,108000000000.0,33790000000.0,519000000,0,25922000000,4260000000,-40419000000,1444000000.0,1
21-08-2012,23.95785713,24.10285759,23.2260704,23.43071365,19.89460754,812719600,16319.541,228.59,8.2,0.16,116000000000.0,44988000000.0,9815000000,43818000000.0,108000000000.0,33790000000.0,519000000,0,25922000000,4260000000,-40419000000,1444000000.0,-1
22-08-2012,23.37214279,23.8928566,23.14678574,23.88821411,20.28307152,565322800,16319.541,228.59,8.2,0.16,116000000000.0,44988000000.0,9815000000,43818000000.0,108000000000.0,33790000000.0,519000000,0,25922000000,4260000000,-40419000000,1444000000.0,1
23-08-2012,23.78964233,23.92499924,23.61249924,23.66535759,20.09384727,420128800,16319.541,228.59,8.2,0.16,116000000000.0,44988000000.0,9815000000,43818000000.0,108000000000.0,33790000000.0,519000000,0,25922000000,4260000000,-40419000000,1444000000.0,-1
24-08-2012,23.55392838,23.90999985,23.41250038,23.68642807,20.11174011,437340400,16319.541,228.59,8.2,0.16,116000000000.0,44988000000.0,9815000000,43818000000.0,108000000000.0,33790000000.0,519000000,0,25922000000,4260000000,-40419000000,1444000000.0,1
27-08-2012,24.28535652,24.31678581,24.05500031,24.13142967,20.48957825,427008400,16319.541,228.59,8.2,0.16,116000000000.0,44988000000.0,9815000000,43818000000.0,108000000000.0,33790000000.0,519000000,0,25922000000,4260000000,-40419000000,1444000000.0,-1
28-08-2012,24.10642815,24.14642906,23.95249939,24.10000038,20.46289825,267416800,16319.541,228.59,8.2,0.16,116000000000.0,44988000000.0,9815000000,43818000000.0,108000000000.0,33790000000.0,519000000,0,25922000000,4260000000,-40419000000,1444000000.0,-1
29-08-2012,24.1160717,24.20249939,24.02142906,24.05249977,20.42255974,202806800,16319.541,228.59,8.2,0.16,116000000000.0,44988000000.0,9815000000,43818000000.0,108000000000.0,33790000000.0,519000000,0,25922000000,4260000000,-40419000000,1444000000.0,-1
30-08-2012,23.95142937,23.98392868,23.67321396,23.70964241,20.13144493,302699600,16319.541,228.59,8.2,0.16,116000000000.0,44988000000.0,9815000000,43818000000.0,108000000000.0,33790000000.0,519000000,0,25922000000,4260000000,-40419000000,1444000000.0,-1
31-08-2012,23.8303566,23.87857056,23.4732132,23.75857162,20.17299652,338321200,16319.541,228.59,8.2,0.16,116000000000.0,44988000000.0,9815000000,43818000000.0,108000000000.0,33790000000.0,519000000,0,25922000000,4260000000,-40419000000,1444000000.0,-1
04-09-2012,23.77714348,24.11214256,23.7321434,24.10607147,20.46804619,367892000,16319.541,228.59,8.2,0.16,116000000000.0,44988000000.0,9815000000,43818000000.0,108000000000.0,33790000000.0,519000000,0,25922000000,4260000000,-40419000000,1444000000.0,1
05-09-2012,24.12750053,24.15535736,23.91428566,23.93678665,20.32431793,336375200,16319.541,228.59,8.2,0.16,116000000000.0,44988000000.0,9815000000,43818000000.0,108000000000.0,33790000000.0,519000000,0,25922000000,4260000000,-40419000000,1444000000.0,-1
06-09-2012,24.04178619,24.22464371,23.95714378,24.15250015,20.50746918,391196400,16319.541,228.59,8.2,0.16,116000000000.0,44988000000.0,9815000000,43818000000.0,108000000000.0,33790000000.0,519000000,0,25922000000,4260000000,-40419000000,1444000000.0,1
07-09-2012,24.21607018,24.37428665,24.13464355,24.30142975,20.63392258,329666400,16319.541,228.59,8.2,0.16,116000000000.0,44988000000.0,9815000000,43818000000.0,108000000000.0,33790000000.0,519000000,0,25922000000,4260000000,-40419000000,1444000000.0,1
10-09-2012,24.30178642,24.4032135,23.64642906,23.66928673,20.09717751,487998000,16319.541,228.59,8.2,0.16,116000000000.0,44988000000.0,9815000000,43818000000.0,108000000000.0,33790000000.0,519000000,0,25922000000,4260000000,-40419000000,1444000000.0,-1
11-09-2012,23.75392914,23.93214226,23.4464283,23.59250069,20.03198433,503983200,16319.541,228.59,8.2,0.16,116000000000.0,44988000000.0,9815000000,43818000000.0,108000000000.0,33790000000.0,519000000,0,25922000000,4260000000,-40419000000,1444000000.0,-1
12-09-2012,23.81607056,23.92499924,23.4285717,23.9210701,20.31097603,712233200,16319.541,228.59,8.2,0.16,116000000000.0,44988000000.0,9815000000,43818000000.0,108000000000.0,33790000000.0,519000000,0,25922000000,4260000000,-40419000000,1444000000.0,1
13-09-2012,24.19178581,24.4821434,24.09892845,24.39214325,20.71094513,598360000,16319.541,228.59,8.2,0.16,116000000000.0,44988000000.0,9815000000,43818000000.0,108000000000.0,33790000000.0,519000000,0,25922000000,4260000000,-40419000000,1444000000.0,1
14-09-2012,24.6414299,24.89214325,24.56749916,24.68857193,20.96263695,600474000,16319.541,228.59,8.2,0.16,116000000000.0,44988000000.0,9815000000,43818000000.0,108000000000.0,33790000000.0,519000000,0,25922000000,4260000000,-40419000000,1444000000.0,1
17-09-2012,24.97678566,24.99285698,24.80750084,24.99214363,21.22039604,398031200,16319.541,228.59,8.2,0.16,116000000000.0,44988000000.0,9815000000,43818000000.0,108000000000.0,33790000000.0,519000000,0,25922000000,4260000000,-40419000000,1444000000.0,1
18-09-2012,24.99571419,25.08321381,24.87214279,25.06821442,21.28498268,373503200,16319.541,228.59,8.2,0.16,116000000000.0,44988000000.0,9815000000,43818000000.0,108000000000.0,33790000000.0,519000000,0,25922000000,4260000000,-40419000000,1444000000.0,1
19-09-2012,25.00928688,25.14249992,24.98464394,25.07500076,21.29074669,326874800,16319.541,228.59,8.2,0.16,116000000000.0,44988000000.0,9815000000,43818000000.0,108000000000.0,33790000000.0,519000000,0,25922000000,4260000000,-40419000000,1444000000.0,1
20-09-2012,24.96999931,25.00214386,24.77214241,24.95357132,21.18764114,336568400,16319.541,228.59,8.2,0.16,116000000000.0,44988000000.0,9815000000,43818000000.0,108000000000.0,33790000000.0,519000000,0,25922000000,4260000000,-40419000000,1444000000.0,-1
21-09-2012,25.08607101,25.18107033,24.97714233,25.00321388,21.22979355,571589200,16319.541,228.59,8.2,0.16,116000000000.0,44988000000.0,9815000000,43818000000.0,108000000000.0,33790000000.0,519000000,0,25922000000,4260000000,-40419000000,1444000000.0,-1
24-09-2012,24.53071404,24.82571411,24.3928566,24.6710701,20.94777298,639766400,16319.541,228.59,8.2,0.16,116000000000.0,44988000000.0,9815000000,43818000000.0,108000000000.0,33790000000.0,519000000,0,25922000000,4260000000,-40419000000,1444000000.0,1
25-09-2012,24.58071327,24.74214363,24.0357132,24.05500031,20.42468262,518789600,16319.541,228.59,8.2,0.16,116000000000.0,44988000000.0,9815000000,43818000000.0,108000000000.0,33790000000.0,519000000,0,25922000000,4260000000,-40419000000,1444000000.0,-1
26-09-2012,23.88357162,24.02464294,23.61428642,23.75642967,20.17116928,576503200,16319.541,228.59,8.2,0.16,116000000000.0,44988000000.0,9815000000,43818000000.0,108000000000.0,33790000000.0,519000000,0,25922000000,4260000000,-40419000000,1444000000.0,-1
27-09-2012,23.72464371,24.36321449,23.58392906,24.33285713,20.66060066,594090000,16319.541,228.59,8.2,0.16,116000000000.0,44988000000.0,9815000000,43818000000.0,108000000000.0,33790000000.0,519000000,0,25922000000,4260000000,-40419000000,1444000000.0,1
28-09-2012,24.2410717,24.32535744,23.8125,23.82500076,20.22939873,535110800,16319.541,228.59,8.2,0.16,116000000000.0,44988000000.0,9815000000,43818000000.0,108000000000.0,33790000000.0,519000000,0,25922000000,4260000000,-40419000000,1444000000.0,-1
01-10-2012,23.96999931,24.1696434,23.4464283,23.54964256,19.99559975,543594800,16420.419,231.638,7.8,0.16,176000000000.0,57653000000.0,10746000000,68662000000.0,157000000000.0,55241000000.0,1088000000,0,41733000000,8295000000,-48227000000,-1698000000.0,-1
02-10-2012,23.63607025,23.79821396,23.23749924,23.61821365,20.05381393,627992400,16420.419,231.638,7.8,0.16,176000000000.0,57653000000.0,10746000000,68662000000.0,157000000000.0,55241000000.0,1088000000,0,41733000000,8295000000,-48227000000,-1698000000.0,-1
03-10-2012,23.74500084,23.99500084,23.66535759,23.98035622,20.36130524,424281200,16420.419,231.638,7.8,0.16,176000000000.0,57653000000.0,10746000000,68662000000.0,157000000000.0,55241000000.0,1088000000,0,41733000000,8295000000,-48227000000,-1698000000.0,1
04-10-2012,23.9732132,24.0803566,23.76964378,23.81428528,20.22030258,370725600,16420.419,231.638,7.8,0.16,176000000000.0,57653000000.0,10746000000,68662000000.0,157000000000.0,55241000000.0,1088000000,0,41733000000,8295000000,-48227000000,-1698000000.0,-1
05-10-2012,23.75714302,23.7857132,23.26000023,23.30678558,19.78938675,594006000,16420.419,231.638,7.8,0.16,176000000000.0,57653000000.0,10746000000,68662000000.0,157000000000.0,55241000000.0,1088000000,0,41733000000,8295000000,-48227000000,-1698000000.0,-1
08-10-2012,23.10285759,23.12714386,22.71821404,22.79178619,19.35210991,637994000,16420.419,231.638,7.8,0.16,176000000000.0,57653000000.0,10746000000,68662000000.0,157000000000.0,55241000000.0,1088000000,0,41733000000,8295000000,-48227000000,-1698000000.0,-1
09-10-2012,22.80892944,22.87464333,22.26964378,22.70892906,19.28175735,838597200,16420.419,231.638,7.8,0.16,176000000000.0,57653000000.0,10746000000,68662000000.0,157000000000.0,55241000000.0,1088000000,0,41733000000,8295000000,-48227000000,-1698000000.0,-1
10-10-2012,22.84785652,23.03499985,22.75,22.88964272,19.43519783,510356000,16420.419,231.638,7.8,0.16,176000000000.0,57653000000.0,10746000000,68662000000.0,157000000000.0,55241000000.0,1088000000,0,41733000000,8295000000,-48227000000,-1698000000.0,1
11-10-2012,23.0892868,23.11428642,22.43214226,22.43214226,19.04674721,546081200,16420.419,231.638,7.8,0.16,176000000000.0,57653000000.0,10746000000,68662000000.0,157000000000.0,55241000000.0,1088000000,0,41733000000,8295000000,-48227000000,-1698000000.0,-1
12-10-2012,22.48428535,22.69214249,22.33214378,22.4896431,19.09556389,460014800,16420.419,231.638,7.8,0.16,176000000000.0,57653000000.0,10746000000,68662000000.0,157000000000.0,55241000000.0,1088000000,0,41733000000,8295000000,-48227000000,-1698000000.0,1
15-10-2012,22.58392906,22.68321419,22.28035736,22.67000008,19.2487011,432502000,16420.419,231.638,7.8,0.16,176000000000.0,57653000000.0,10746000000,68662000000.0,157000000000.0,55241000000.0,1088000000,0,41733000000,8295000000,-48227000000,-1698000000.0,1
16-10-2012,22.69178581,23.22500038,22.5357132,23.2067852,19.7044754,549771600,16420.419,231.638,7.8,0.16,176000000000.0,57653000000.0,10746000000,68662000000.0,157000000000.0,55241000000.0,1088000000,0,41733000000,8295000000,-48227000000,-1698000000.0,1
17-10-2012,23.17392921,23.3139286,23.0,23.02178574,19.54739571,389037600,16420.419,231.638,7.8,0.16,176000000000.0,57653000000.0,10746000000,68662000000.0,157000000000.0,55241000000.0,1088000000,0,41733000000,8295000000,-48227000000,-1698000000.0,-1
18-10-2012,22.84250069,22.93071365,22.5,22.59428596,19.18441391,476624400,16420.419,231.638,7.8,0.16,176000000000.0,57653000000.0,10746000000,68662000000.0,157000000000.0,55241000000.0,1088000000,0,41733000000,8295000000,-48227000000,-1698000000.0,-1
19-10-2012,22.53750038,22.56321335,21.77214241,21.78000069,18.49301338,744086000,16420.419,231.638,7.8,0.16,176000000000.0,57653000000.0,10746000000,68662000000.0,157000000000.0,55241000000.0,1088000000,0,41733000000,8295000000,-48227000000,-1698000000.0,-1
22-10-2012,21.87214279,22.69214249,21.81285667,22.64392853,19.22657013,546730800,16420.419,231.638,7.8,0.16,176000000000.0,57653000000.0,10746000000,68662000000.0,157000000000.0,55241000000.0,1088000000,0,41733000000,8295000000,-48227000000,-1698000000.0,1
23-10-2012,22.5357132,22.63928604,21.84642982,21.90571404,18.59976578,707145600,16420.419,231.638,7.8,0.16,176000000000.0,57653000000.0,10746000000,68662000000.0,157000000000.0,55241000000.0,1088000000,0,41733000000,8295000000,-48227000000,-1698000000.0,-1
24-10-2012,22.19428635,22.37678528,21.80857086,22.02964211,18.70498848,558527200,16420.419,231.638,7.8,0.16,176000000000.0,57653000000.0,10746000000,68662000000.0,157000000000.0,55241000000.0,1088000000,0,41733000000,8295000000,-48227000000,-1698000000.0,-1
25-10-2012,22.1428566,22.2142868,21.62678528,21.7692852,18.48392105,656325600,16420.419,231.638,7.8,0.16,176000000000.0,57653000000.0,10746000000,68662000000.0,157000000000.0,55241000000.0,1088000000,0,41733000000,8295000000,-48227000000,-1698000000.0,-1
26-10-2012,21.76535606,21.9285717,21.1071434,21.5714283,18.31593323,1018432800,16420.419,231.638,7.8,0.16,176000000000.0,57653000000.0,10746000000,68662000000.0,157000000000.0,55241000000.0,1088000000,0,41733000000,8295000000,-48227000000,-1698000000.0,-1
31-10-2012,21.24571419,21.4985714,20.98928642,21.26142883,18.05271339,510003200,16420.419,231.638,7.8,0.16,176000000000.0,57653000000.0,10746000000,68662000000.0,157000000000.0,55241000000.0,1088000000,0,41733000000,8295000000,-48227000000,-1698000000.0,1
01-11-2012,21.36499977,21.5357132,21.22035789,21.30500031,18.08970642,361298000,16420.419,231.638,7.8,0.16,176000000000.0,57653000000.0,10746000000,68662000000.0,157000000000.0,55241000000.0,1088000000,0,41733000000,8295000000,-48227000000,-1698000000.0,-1
02-11-2012,21.28178596,21.31964302,20.5267868,20.60000038,17.49110603,599373600,16420.419,231.638,7.8,0.16,176000000000.0,57653000000.0,10746000000,68662000000.0,157000000000.0,55241000000.0,1088000000,0,41733000000,8295000000,-48227000000,-1698000000.0,-1
05-11-2012,20.84000015,20.99178505,20.62857056,20.87928581,17.72824287,529135600,16420.419,231.638,7.8,0.16,176000000000.0,57653000000.0,10746000000,68662000000.0,157000000000.0,55241000000.0,1088000000,0,41733000000,8295000000,-48227000000,-1698000000.0,1
06-11-2012,21.07964325,21.09785652,20.71750069,20.81607056,17.67456055,374917200,16420.419,231.638,7.8,0.16,176000000000.0,57653000000.0,10746000000,68662000000.0,157000000000.0,55241000000.0,1088000000,0,41733000000,8295000000,-48227000000,-1698000000.0,-1
07-11-2012,20.49428558,20.5192852,19.8482132,19.9285717,16.99829674,793648800,16420.419,231.638,7.8,0.16,176000000000.0,57653000000.0,10746000000,68662000000.0,157000000000.0,55241000000.0,1088000000,0,41733000000,8295000000,-48227000000,-1698000000.0,-1
08-11-2012,20.02249908,20.07964325,19.11750031,19.2053566,16.38142204,1056146000,16420.419,231.638,7.8,0.16,176000000000.0,57653000000.0,10746000000,68662000000.0,157000000000.0,55241000000.0,1088000000,0,41733000000,8295000000,-48227000000,-1698000000.0,-1
09-11-2012,19.30071449,19.81714249,19.06142807,19.53785706,16.6650238,929913600,16420.419,231.638,7.8,0.16,176000000000.0,57653000000.0,10746000000,68662000000.0,157000000000.0,55241000000.0,1088000000,0,41733000000,8295000000,-48227000000,-1698000000.0,1
12-11-2012,19.79107094,19.8035717,19.23749924,19.38678551,16.53616142,515802000,16420.419,231.638,7.8,0.16,176000000000.0,57653000000.0,10746000000,68662000000.0,157000000000.0,55241000000.0,1088000000,0,41733000000,8295000000,-48227000000,-1698000000.0,-1
13-11-2012,19.24678612,19.65999985,19.15571404,19.38928604,16.53830338,532949200,16420.419,231.638,7.8,0.16,176000000000.0,57653000000.0,10746000000,68662000000.0,157000000000.0,55241000000.0,1088000000,0,41733000000,8295000000,-48227000000,-1698000000.0,1
14-11-2012,19.4821434,19.55178642,19.14928627,19.17428589,16.3549099,477170400,16420.419,231.638,7.8,0.16,176000000000.0,57653000000.0,10746000000,68662000000.0,157000000000.0,55241000000.0,1088000000,0,41733000000,8295000000,-48227000000,-1698000000.0,-1
15-11-2012,19.19750023,19.2678566,18.66500092,18.77214241,16.01190186,789910800,16420.419,231.638,7.8,0.16,176000000000.0,57653000000.0,10746000000,68662000000.0,157000000000.0,55241000000.0,1088000000,0,41733000000,8295000000,-48227000000,-1698000000.0,-1
16-11-2012,18.75714302,18.9285717,18.0625,18.84571457,16.07465172,1266893600,16420.419,231.638,7.8,0.16,176000000000.0,57653000000.0,10746000000,68662000000.0,157000000000.0,55241000000.0,1088000000,0,41733000000,8295000000,-48227000000,-1698000000.0,1
19-11-2012,19.3110714,20.2678566,19.28142929,20.20464325,17.23376465,823317600,16420.419,231.638,7.8,0.16,176000000000.0,57653000000.0,10746000000,68662000000.0,157000000000.0,55241000000.0,1088000000,0,41733000000,8295000000,-48227000000,-1698000000.0,1
20-11-2012,20.42535782,20.42678642,19.80642891,20.03249931,17.08693123,642754000,16420.419,231.638,7.8,0.16,176000000000.0,57653000000.0,10746000000,68662000000.0,157000000000.0,55241000000.0,1088000000,0,41733000000,8295000000,-48227000000,-1698000000.0,-1
21-11-2012,20.1517868,20.26321411,19.87857056,20.06071472,17.11100197,373002000,16420.419,231.638,7.8,0.16,176000000000.0,57653000000.0,10746000000,68662000000.0,157000000000.0,55241000000.0,1088000000,0,41733000000,8295000000,-48227000000,-1698000000.0,-1
23-11-2012,20.25607109,20.4285717,20.09285736,20.4107132,17.40953255,272826400,16420.419,231.638,7.8,0.16,176000000000.0,57653000000.0,10746000000,68662000000.0,157000000000.0,55241000000.0,1088000000,0,41733000000,8295000000,-48227000000,-1698000000.0,1
26-11-2012,20.56785774,21.0714283,20.4896431,21.05464363,17.95878601,630579600,16420.419,231.638,7.8,0.16,176000000000.0,57653000000.0,10746000000,68662000000.0,157000000000.0,55241000000.0,1088000000,0,41733000000,8295000000,-48227000000,-1698000000.0,1
27-11-2012,21.05535698,21.0864296,20.71785736,20.88500023,17.81408501,533330000,16420.419,231.638,7.8,0.16,176000000000.0,57653000000.0,10746000000,68662000000.0,157000000000.0,55241000000.0,1088000000,0,41733000000,8295000000,-48227000000,-1698000000.0,-1
28-11-2012,20.61678505,20.92142868,20.43785667,20.81928635,17.75803757,520864400,16420.419,231.638,7.8,0.16,176000000000.0,57653000000.0,10746000000,68662000000.0,157000000000.0,55241000000.0,1088000000,0,41733000000,8295000000,-48227000000,-1698000000.0,1
29-11-2012,21.07928658,21.2232132,20.9017868,21.04857063,17.95360756,514698800,16420.419,231.638,7.8,0.16,176000000000.0,57653000000.0,10746000000,68662000000.0,157000000000.0,55241000000.0,1088000000,0,41733000000,8295000000,-48227000000,-1698000000.0,-1
30-11-2012,20.9567852,21.01428604,20.80999947,20.90285683,17.82931709,391319600,16420.419,231.638,7.8,0.16,176000000000.0,57653000000.0,10746000000,68662000000.0,157000000000.0,55241000000.0,1088000000,0,41733000000,8295000000,-48227000000,-1698000000.0,-1
03-12-2012,21.20178604,21.23535728,20.9107132,20.93535614,17.85704231,364280000,16420.419,231.638,7.8,0.16,176000000000.0,57653000000.0,10746000000,68662000000.0,157000000000.0,55241000000.0,1088000000,0,41733000000,8295000000,-48227000000,-1698000000.0,-1
04-12-2012,20.77857018,20.77857018,20.43321419,20.56607056,17.54205322,557068400,16420.419,231.638,7.8,0.16,176000000000.0,57653000000.0,10746000000,68662000000.0,157000000000.0,55241000000.0,1088000000,0,41733000000,8295000000,-48227000000,-1698000000.0,-1
05-12-2012,20.31821442,20.3303566,19.24178505,19.24250031,16.41309929,1044638000,16420.419,231.638,7.8,0.16,176000000000.0,57653000000.0,10746000000,68662000000.0,157000000000.0,55241000000.0,1088000000,0,41733000000,8295000000,-48227000000,-1698000000.0,-1
06-12-2012,18.89071465,19.76107025,18.52249908,19.54428673,16.67051125,1177212400,16420.419,231.638,7.8,0.16,176000000000.0,57653000000.0,10746000000,68662000000.0,157000000000.0,55241000000.0,1088000000,0,41733000000,8295000000,-48227000000,-1698000000.0,1
07-12-2012,19.76428604,19.82857132,18.9285717,19.0446434,16.24432564,787040800,16420.419,231.638,7.8,0.16,176000000000.0,57653000000.0,10746000000,68662000000.0,157000000000.0,55241000000.0,1088000000,0,41733000000,8295000000,-48227000000,-1698000000.0,-1
10-12-2012,18.75,19.23250008,18.62785721,18.92214394,16.1398468,630484400,16420.419,231.638,7.8,0.16,176000000000.0,57653000000.0,10746000000,68662000000.0,157000000000.0,55241000000.0,1088000000,0,41733000000,8295000000,-48227000000,-1698000000.0,1
11-12-2012,19.27750015,19.62714386,19.19178581,19.33535767,16.49230194,592345600,16420.419,231.638,7.8,0.16,176000000000.0,57653000000.0,10746000000,68662000000.0,157000000000.0,55241000000.0,1088000000,0,41733000000,8295000000,-48227000000,-1698000000.0,1
12-12-2012,19.56321335,19.5714283,19.15250015,19.25,16.41949463,487144000,16420.419,231.638,7.8,0.16,176000000000.0,57653000000.0,10746000000,68662000000.0,157000000000.0,55241000000.0,1088000000,0,41733000000,8295000000,-48227000000,-1698000000.0,-1
13-12-2012,18.96964264,19.20142937,18.77857018,18.91749954,16.13588142,625259600,16420.419,231.638,7.8,0.16,176000000000.0,57653000000.0,10746000000,68662000000.0,157000000000.0,55241000000.0,1088000000,0,41733000000,8295000000,-48227000000,-1698000000.0,-1
14-12-2012,18.3839283,18.50464249,18.05642891,18.2067852,15.52966785,1009579200,16420.419,231.638,7.8,0.16,176000000000.0,57653000000.0,10746000000,68662000000.0,157000000000.0,55241000000.0,1088000000,0,41733000000,8295000000,-48227000000,-1698000000.0,-1
17-12-2012,18.17607117,18.5714283,17.90107155,18.52964211,15.80505657,757607200,16420.419,231.638,7.8,0.16,176000000000.0,57653000000.0,10746000000,68662000000.0,157000000000.0,55241000000.0,1088000000,0,41733000000,8295000000,-48227000000,-1698000000.0,1
18-12-2012,18.75,19.10357094,18.5803566,19.06785774,16.26413918,625685200,16420.419,231.638,7.8,0.16,176000000000.0,57653000000.0,10746000000,68662000000.0,157000000000.0,55241000000.0,1088000000,0,41733000000,8295000000,-48227000000,-1698000000.0,1
19-12-2012,18.98107147,19.06071472,18.7678566,18.79678535,16.03292847,449369200,16420.419,231.638,7.8,0.16,176000000000.0,57653000000.0,10746000000,68662000000.0,157000000000.0,55241000000.0,1088000000,0,41733000000,8295000000,-48227000000,-1698000000.0,-1
20-12-2012,18.9285717,18.93571472,18.53142929,18.63321495,15.89339542,481689600,16420.419,231.638,7.8,0.16,176000000000.0,57653000000.0,10746000000,68662000000.0,157000000000.0,55241000000.0,1088000000,0,41733000000,8295000000,-48227000000,-1698000000.0,-1
21-12-2012,18.30249977,18.55964279,18.22285652,18.54750061,15.82028866,596268400,16420.419,231.638,7.8,0.16,176000000000.0,57653000000.0,10746000000,68662000000.0,157000000000.0,55241000000.0,1088000000,0,41733000000,8295000000,-48227000000,-1698000000.0,1
24-12-2012,18.58392906,18.7232132,18.52535629,18.57749939,15.84587669,175753200,16420.419,231.638,7.8,0.16,176000000000.0,57653000000.0,10746000000,68662000000.0,157000000000.0,55241000000.0,1088000000,0,41733000000,8295000000,-48227000000,-1698000000.0,-1
26-12-2012,18.5357132,18.5521431,18.25428581,18.3214283,15.62745762,302436400,16420.419,231.638,7.8,0.16,176000000000.0,57653000000.0,10746000000,68662000000.0,157000000000.0,55241000000.0,1088000000,0,41733000000,8295000000,-48227000000,-1698000000.0,-1
27-12-2012,18.3407135,18.4375,18.02357101,18.39500046,15.6902132,455120400,16420.419,231.638,7.8,0.16,176000000000.0,57653000000.0,10746000000,68662000000.0,157000000000.0,55241000000.0,1088000000,0,41733000000,8295000000,-48227000000,-1698000000.0,1
28-12-2012,18.22464371,18.37428665,18.14714241,18.19964218,15.5235815,354278400,16420.419,231.638,7.8,0.16,176000000000.0,57653000000.0,10746000000,68662000000.0,157000000000.0,55241000000.0,1088000000,0,41733000000,8295000000,-48227000000,-1698000000.0,-1
31-12-2012,18.23321342,19.12142944,18.1785717,19.00607109,16.21143341,659492400,16420.419,231.638,7.8,0.16,176000000000.0,57653000000.0,10746000000,68662000000.0,157000000000.0,55241000000.0,1088000000,0,41733000000,8295000000,-48227000000,-1698000000.0,1
02-01-2013,19.77928543,19.8214283,19.34392929,19.60821342,16.72503853,560518000,16648.189,231.679,8.0,0.14,176000000000.0,57653000000.0,10746000000,68662000000.0,157000000000.0,55241000000.0,1088000000,0,41733000000,8295000000,-48227000000,-1698000000.0,-1
03-01-2013,19.56714249,19.63107109,19.3214283,19.36071396,16.51392555,352965200,16648.189,231.679,8.0,0.14,176000000000.0,57653000000.0,10746000000,68662000000.0,157000000000.0,55241000000.0,1088000000,0,41733000000,8295000000,-48227000000,-1698000000.0,-1
04-01-2013,19.17749977,19.23678589,18.77964211,18.8214283,16.05393982,594333600,16648.189,231.679,8.0,0.14,176000000000.0,57653000000.0,10746000000,68662000000.0,157000000000.0,55241000000.0,1088000000,0,41733000000,8295000000,-48227000000,-1698000000.0,-1
07-01-2013,18.6428566,18.90357018,18.39999962,18.71071434,15.95950031,484156400,16648.189,231.679,8.0,0.14,176000000000.0,57653000000.0,10746000000,68662000000.0,157000000000.0,55241000000.0,1088000000,0,41733000000,8295000000,-48227000000,-1698000000.0,1
08-01-2013,18.90035629,18.99607086,18.6160717,18.76107025,16.00245476,458707200,16648.189,231.679,8.0,0.14,176000000000.0,57653000000.0,10746000000,68662000000.0,157000000000.0,55241000000.0,1088000000,0,41733000000,8295000000,-48227000000,-1698000000.0,-1
09-01-2013,18.6607132,18.75035667,18.42821312,18.46785736,15.75235939,407604400,16648.189,231.679,8.0,0.14,176000000000.0,57653000000.0,10746000000,68662000000.0,157000000000.0,55241000000.0,1088000000,0,41733000000,8295000000,-48227000000,-1698000000.0,-1
10-01-2013,18.87678528,18.88285637,18.41142845,18.69678688,15.94762611,601146000,16648.189,231.679,8.0,0.14,176000000000.0,57653000000.0,10746000000,68662000000.0,157000000000.0,55241000000.0,1088000000,0,41733000000,8295000000,-48227000000,-1698000000.0,-1
11-01-2013,18.6071434,18.76142883,18.53642845,18.58214378,15.84983826,350506800,16648.189,231.679,8.0,0.14,176000000000.0,57653000000.0,10746000000,68662000000.0,157000000000.0,55241000000.0,1088000000,0,41733000000,8295000000,-48227000000,-1698000000.0,-1
14-01-2013,17.95285606,18.125,17.80392838,17.9196434,15.28474903,734207600,16648.189,231.679,8.0,0.14,176000000000.0,57653000000.0,10746000000,68662000000.0,157000000000.0,55241000000.0,1088000000,0,41733000000,8295000000,-48227000000,-1698000000.0,-1
15-01-2013,17.79642868,17.82107162,17.26357079,17.35428619,14.80252075,876772400,16648.189,231.679,8.0,0.14,176000000000.0,57653000000.0,10746000000,68662000000.0,157000000000.0,55241000000.0,1088000000,0,41733000000,8295000000,-48227000000,-1698000000.0,-1
16-01-2013,17.66571426,18.19428635,17.5892868,18.07464218,15.41696167,690804800,16648.189,231.679,8.0,0.14,176000000000.0,57653000000.0,10746000000,68662000000.0,157000000000.0,55241000000.0,1088000000,0,41733000000,8295000000,-48227000000,-1698000000.0,1
17-01-2013,18.22535706,18.2410717,17.92964363,17.95285606,15.31308365,453678400,16648.189,231.679,8.0,0.14,176000000000.0,57653000000.0,10746000000,68662000000.0,157000000000.0,55241000000.0,1088000000,0,41733000000,8295000000,-48227000000,-1698000000.0,-1
18-01-2013,17.80428505,17.93642807,17.72857094,17.8571434,15.23143768,472922800,16648.189,231.679,8.0,0.14,176000000000.0,57653000000.0,10746000000,68662000000.0,157000000000.0,55241000000.0,1088000000,0,41733000000,8295000000,-48227000000,-1698000000.0,1
22-01-2013,18.02000046,18.13857079,17.73678589,18.02750015,15.37674809,461546400,16648.189,231.679,8.0,0.14,176000000000.0,57653000000.0,10746000000,68662000000.0,157000000000.0,55241000000.0,1088000000,0,41733000000,8295000000,-48227000000,-1698000000.0,1
23-01-2013,18.17178535,18.39249992,18.02750015,18.35750008,15.65822887,861509600,16648.189,231.679,8.0,0.14,176000000000.0,57653000000.0,10746000000,68662000000.0,157000000000.0,55241000000.0,1088000000,0,41733000000,8295000000,-48227000000,-1698000000.0,1
24-01-2013,16.4285717,16.63321495,16.0803566,16.0892868,13.72352791,1460852400,16648.189,231.679,8.0,0.14,176000000000.0,57653000000.0,10746000000,68662000000.0,157000000000.0,55241000000.0,1088000000,0,41733000000,8295000000,-48227000000,-1698000000.0,-1
25-01-2013,16.13178635,16.29392815,15.53571415,15.71000004,13.40001392,1208026400,16648.189,231.679,8.0,0.14,176000000000.0,57653000000.0,10746000000,68662000000.0,157000000000.0,55241000000.0,1088000000,0,41733000000,8295000000,-48227000000,-1698000000.0,-1
28-01-2013,15.63678646,16.1860714,15.56642914,16.06535721,13.70311832,785517600,16648.189,231.679,8.0,0.14,176000000000.0,57653000000.0,10746000000,68662000000.0,157000000000.0,55241000000.0,1088000000,0,41733000000,8295000000,-48227000000,-1698000000.0,1
29-01-2013,16.375,16.43571472,16.14714241,16.36678505,13.96022606,571158000,16648.189,231.679,8.0,0.14,176000000000.0,57653000000.0,10746000000,68662000000.0,157000000000.0,55241000000.0,1088000000,0,41733000000,8295000000,-48227000000,-1698000000.0,-1
30-01-2013,16.3214283,16.52142906,16.2321434,16.31535721,13.9163599,417155200,16648.189,231.679,8.0,0.14,176000000000.0,57653000000.0,10746000000,68662000000.0,157000000000.0,55241000000.0,1088000000,0,41733000000,8295000000,-48227000000,-1698000000.0,-1
31-01-2013,16.32071495,16.40285683,16.24928665,16.26749992,13.87553883,319334400,16648.189,231.679,8.0,0.14,176000000000.0,57653000000.0,10746000000,68662000000.0,157000000000.0,55241000000.0,1088000000,0,41733000000,8295000000,-48227000000,-1698000000.0,-1
01-02-2013,16.39678574,16.40999985,16.01250076,16.20071411,13.81857395,539484400,16648.189,231.679,8.0,0.14,176000000000.0,57653000000.0,10746000000,68662000000.0,157000000000.0,55241000000.0,1088000000,0,41733000000,8295000000,-48227000000,-1698000000.0,-1
04-02-2013,16.21107101,16.28357124,15.78571415,15.79714298,13.4743433,477117200,16648.189,231.679,8.0,0.14,176000000000.0,57653000000.0,10746000000,68662000000.0,157000000000.0,55241000000.0,1088000000,0,41733000000,8295000000,-48227000000,-1698000000.0,-1
05-02-2013,15.85892868,16.41928673,15.79357147,16.35142899,13.94712543,573347600,16648.189,231.679,8.0,0.14,176000000000.0,57653000000.0,10746000000,68662000000.0,157000000000.0,55241000000.0,1088000000,0,41733000000,8295000000,-48227000000,-1698000000.0,1
06-02-2013,16.30249977,16.6607132,16.1635704,16.33392906,13.93220043,593706400,16648.189,231.679,8.0,0.14,176000000000.0,57653000000.0,10746000000,68662000000.0,157000000000.0,55241000000.0,1088000000,0,41733000000,8295000000,-48227000000,-1698000000.0,1
07-02-2013,16.5446434,16.7857132,16.21857071,16.72214317,14.34646034,704580800,16648.189,231.679,8.0,0.14,176000000000.0,57653000000.0,10746000000,68662000000.0,157000000000.0,55241000000.0,1088000000,0,41733000000,8295000000,-48227000000,-1698000000.0,1
08-02-2013,16.9285717,17.10035706,16.7232132,16.96357155,14.55359173,633158400,16648.189,231.679,8.0,0.14,176000000000.0,57653000000.0,10746000000,68662000000.0,157000000000.0,55241000000.0,1088000000,0,41733000000,8295000000,-48227000000,-1698000000.0,1
11-02-2013,17.0178566,17.31928635,16.9017868,17.14035606,14.70526218,517490400,16648.189,231.679,8.0,0.14,176000000000.0,57653000000.0,10746000000,68662000000.0,157000000000.0,55241000000.0,1088000000,0,41733000000,8295000000,-48227000000,-1698000000.0,1
12-02-2013,17.12535667,17.22785759,16.70499992,16.71071434,14.33665562,609053200,16648.189,231.679,8.0,0.14,176000000000.0,57653000000.0,10746000000,68662000000.0,157000000000.0,55241000000.0,1088000000,0,41733000000,8295000000,-48227000000,-1698000000.0,-1
13-02-2013,16.6860714,16.91571426,16.54357147,16.67892838,14.30937862,475207600,16648.189,231.679,8.0,0.14,176000000000.0,57653000000.0,10746000000,68662000000.0,157000000000.0,55241000000.0,1088000000,0,41733000000,8295000000,-48227000000,-1698000000.0,-1
14-02-2013,16.59000015,16.84428596,16.57214355,16.66392899,14.29651642,355275200,16648.189,231.679,8.0,0.14,176000000000.0,57653000000.0,10746000000,68662000000.0,157000000000.0,55241000000.0,1088000000,0,41733000000,8295000000,-48227000000,-1698000000.0,1
15-02-2013,16.74464226,16.79142952,16.42571449,16.43428612,14.0994978,391745200,16648.189,231.679,8.0,0.14,176000000000.0,57653000000.0,10746000000,68662000000.0,157000000000.0,55241000000.0,1088000000,0,41733000000,8295000000,-48227000000,-1698000000.0,-1
19-02-2013,16.46785736,16.52607155,16.20892906,16.42821312,14.09428787,435783600,16648.189,231.679,8.0,0.14,176000000000.0,57653000000.0,10746000000,68662000000.0,157000000000.0,55241000000.0,1088000000,0,41733000000,8295000000,-48227000000,-1698000000.0,-1
20-02-2013,16.34607124,16.34607124,16.02857018,16.03035736,13.75295544,476302400,16648.189,231.679,8.0,0.14,176000000000.0,57653000000.0,10746000000,68662000000.0,157000000000.0,55241000000.0,1088000000,0,41733000000,8295000000,-48227000000,-1698000000.0,-1
21-02-2013,15.92857075,16.04178619,15.81499958,15.93071365,13.66746807,447182400,16648.189,231.679,8.0,0.14,176000000000.0,57653000000.0,10746000000,68662000000.0,157000000000.0,55241000000.0,1088000000,0,41733000000,8295000000,-48227000000,-1698000000.0,1
22-02-2013,16.0446434,16.12857056,15.94999981,16.10035706,13.81301117,330654800,16648.189,231.679,8.0,0.14,176000000000.0,57653000000.0,10746000000,68662000000.0,157000000000.0,55241000000.0,1088000000,0,41733000000,8295000000,-48227000000,-1698000000.0,1
25-02-2013,16.20892906,16.25428581,15.80607128,15.81428623,13.56757832,372579200,16648.189,231.679,8.0,0.14,176000000000.0,57653000000.0,10746000000,68662000000.0,157000000000.0,55241000000.0,1088000000,0,41733000000,8295000000,-48227000000,-1698000000.0,-1
26-02-2013,15.85071373,16.1264286,15.63071442,16.03464317,13.75663185,501499600,16648.189,231.679,8.0,0.14,176000000000.0,57653000000.0,10746000000,68662000000.0,157000000000.0,55241000000.0,1088000000,0,41733000000,8295000000,-48227000000,-1698000000.0,1
27-02-2013,16.01535606,16.15857124,15.73750019,15.87749958,13.62181282,587350400,16648.189,231.679,8.0,0.14,176000000000.0,57653000000.0,10746000000,68662000000.0,157000000000.0,55241000000.0,1088000000,0,41733000000,8295000000,-48227000000,-1698000000.0,-1
28-02-2013,15.85892868,15.99535656,15.76428604,15.76428604,13.52468586,322515200,16648.189,231.679,8.0,0.14,176000000000.0,57653000000.0,10746000000,68662000000.0,157000000000.0,55241000000.0,1088000000,0,41733000000,8295000000,-48227000000,-1698000000.0,-1
01-03-2013,15.6428566,15.64928627,15.3564291,15.37392902,13.1897831,552448400,16648.189,231.679,8.0,0.14,176000000000.0,57653000000.0,10746000000,68662000000.0,157000000000.0,55241000000.0,1088000000,0,41733000000,8295000000,-48227000000,-1698000000.0,-1
04-03-2013,15.27857113,15.29285717,14.96428585,15.00178623,12.87051105,582755600,16648.189,231.679,8.0,0.14,176000000000.0,57653000000.0,10746000000,68662000000.0,157000000000.0,55241000000.0,1088000000,0,41733000000,8295000000,-48227000000,-1698000000.0,-1
05-03-2013,15.0528574,15.54249954,15.02678585,15.39785671,13.2103138,638433600,16648.189,231.679,8.0,0.14,176000000000.0,57653000000.0,10746000000,68662000000.0,157000000000.0,55241000000.0,1088000000,0,41733000000,8295000000,-48227000000,-1698000000.0,1
06-03-2013,15.51821423,15.5446434,15.15821362,15.20214272,13.04240513,460250000,16648.189,231.679,8.0,0.14,176000000000.0,57653000000.0,10746000000,68662000000.0,157000000000.0,55241000000.0,1088000000,0,41733000000,8295000000,-48227000000,-1698000000.0,-1
07-03-2013,15.16071415,15.42892933,15.03785706,15.37785721,13.19315338,468473600,16648.189,231.679,8.0,0.14,176000000000.0,57653000000.0,10746000000,68662000000.0,157000000000.0,55241000000.0,1088000000,0,41733000000,8295000000,-48227000000,-1698000000.0,1
08-03-2013,15.35000038,15.55107117,15.30749989,15.41857147,13.22808552,391482000,16648.189,231.679,8.0,0.14,176000000000.0,57653000000.0,10746000000,68662000000.0,157000000000.0,55241000000.0,1088000000,0,41733000000,8295000000,-48227000000,-1698000000.0,1
11-03-2013,15.34821415,15.67892933,15.18357086,15.63821411,13.41652203,474236000,16648.189,231.679,8.0,0.14,176000000000.0,57653000000.0,10746000000,68662000000.0,157000000000.0,55241000000.0,1088000000,0,41733000000,8295000000,-48227000000,-1698000000.0,1
12-03-2013,15.55714321,15.67428589,15.27035713,15.30107117,13.12727642,465911600,16648.189,231.679,8.0,0.14,176000000000.0,57653000000.0,10746000000,68662000000.0,157000000000.0,55241000000.0,1088000000,0,41733000000,8295000000,-48227000000,-1698000000.0,-1
13-03-2013,15.30178642,15.5178566,15.19142914,15.29821396,13.12482452,405549200,16648.189,231.679,8.0,0.14,176000000000.0,57653000000.0,10746000000,68662000000.0,157000000000.0,55241000000.0,1088000000,0,41733000000,8295000000,-48227000000,-1698000000.0,-1
14-03-2013,15.45821381,15.52285671,15.37321377,15.44642925,13.2519846,303875600,16648.189,231.679,8.0,0.14,176000000000.0,57653000000.0,10746000000,68662000000.0,157000000000.0,55241000000.0,1088000000,0,41733000000,8295000000,-48227000000,-1698000000.0,-1
15-03-2013,15.64035702,15.8653574,15.61607075,15.84500027,13.59393024,643960800,16648.189,231.679,8.0,0.14,176000000000.0,57653000000.0,10746000000,68662000000.0,157000000000.0,55241000000.0,1088000000,0,41733000000,8295000000,-48227000000,-1698000000.0,1
18-03-2013,15.76607132,16.33785629,15.75714302,16.27571487,13.96345711,606197200,16648.189,231.679,8.0,0.14,176000000000.0,57653000000.0,10746000000,68662000000.0,157000000000.0,55241000000.0,1088000000,0,41733000000,8295000000,-48227000000,-1698000000.0,1
19-03-2013,16.4107132,16.46321487,16.0178566,16.23178673,13.92576599,526775200,16648.189,231.679,8.0,0.14,176000000000.0,57653000000.0,10746000000,68662000000.0,157000000000.0,55241000000.0,1088000000,0,41733000000,8295000000,-48227000000,-1698000000.0,-1
20-03-2013,16.3364296,16.34392929,16.05678558,16.14571381,13.85192013,308660800,16648.189,231.679,8.0,0.14,176000000000.0,57653000000.0,10746000000,68662000000.0,157000000000.0,55241000000.0,1088000000,0,41733000000,8295000000,-48227000000,-1698000000.0,-1
21-03-2013,16.07928658,16.35642815,16.07500076,16.16892815,13.87183857,383255600,16648.189,231.679,8.0,0.14,176000000000.0,57653000000.0,10746000000,68662000000.0,157000000000.0,55241000000.0,1088000000,0,41733000000,8295000000,-48227000000,-1698000000.0,1
22-03-2013,16.23500061,16.50357056,16.18250084,16.49678612,14.15312386,395105200,16648.189,231.679,8.0,0.14,176000000000.0,57653000000.0,10746000000,68662000000.0,157000000000.0,55241000000.0,1088000000,0,41733000000,8295000000,-48227000000,-1698000000.0,1
25-03-2013,16.59607124,16.78392982,16.49214363,16.55642891,14.20429039,501135600,16648.189,231.679,8.0,0.14,176000000000.0,57653000000.0,10746000000,68662000000.0,157000000000.0,55241000000.0,1088000000,0,41733000000,8295000000,-48227000000,-1698000000.0,-1
26-03-2013,16.62285614,16.63714218,16.44750023,16.46928596,14.12952423,294294000,16648.189,231.679,8.0,0.14,176000000000.0,57653000000.0,10746000000,68662000000.0,157000000000.0,55241000000.0,1088000000,0,41733000000,8295000000,-48227000000,-1698000000.0,-1
27-03-2013,16.3021431,16.31428528,16.09749985,16.14571381,13.85192013,331237200,16648.189,231.679,8.0,0.14,176000000000.0,57653000000.0,10746000000,68662000000.0,157000000000.0,55241000000.0,1088000000,0,41733000000,8295000000,-48227000000,-1698000000.0,-1
28-03-2013,16.06500053,16.13642883,15.77214336,15.80928612,13.56328964,442839600,16648.189,231.679,8.0,0.14,176000000000.0,57653000000.0,10746000000,68662000000.0,157000000000.0,55241000000.0,1088000000,0,41733000000,8295000000,-48227000000,-1698000000.0,-1
01-04-2013,15.78214264,15.84642887,15.27642918,15.31821442,13.14198208,389732000,16728.687,231.797,7.6,0.15,176000000000.0,57653000000.0,10746000000,68662000000.0,157000000000.0,55241000000.0,1088000000,0,41733000000,8295000000,-48227000000,-1698000000.0,-1
02-04-2013,15.27142906,15.64785671,15.22857094,15.34964275,13.16894913,529519200,16728.687,231.797,7.6,0.15,176000000000.0,57653000000.0,10746000000,68662000000.0,157000000000.0,55241000000.0,1088000000,0,41733000000,8295000000,-48227000000,-1698000000.0,1
03-04-2013,15.40607071,15.61714268,15.36821365,15.42821407,13.23635864,363216000,16728.687,231.797,7.6,0.15,176000000000.0,57653000000.0,10746000000,68662000000.0,157000000000.0,55241000000.0,1088000000,0,41733000000,8295000000,-48227000000,-1698000000.0,1
04-04-2013,15.49142933,15.53571415,15.1875,15.27571392,13.10552216,358447600,16728.687,231.797,7.6,0.15,176000000000.0,57653000000.0,10746000000,68662000000.0,157000000000.0,55241000000.0,1088000000,0,41733000000,8295000000,-48227000000,-1698000000.0,-1
05-04-2013,15.16071415,15.17678642,14.98857117,15.11428642,12.96703148,383695200,16728.687,231.797,7.6,0.15,176000000000.0,57653000000.0,10746000000,68662000000.0,157000000000.0,55241000000.0,1088000000,0,41733000000,8295000000,-48227000000,-1698000000.0,-1
08-04-2013,15.17321396,15.2678566,15.08892918,15.22178555,13.05925846,300829200,16728.687,231.797,7.6,0.15,176000000000.0,57653000000.0,10746000000,68662000000.0,157000000000.0,55241000000.0,1088000000,0,41733000000,8295000000,-48227000000,-1698000000.0,1
09-04-2013,15.22714329,15.30357075,15.09821415,15.2492857,13.08284855,306614000,16728.687,231.797,7.6,0.15,176000000000.0,57653000000.0,10746000000,68662000000.0,157000000000.0,55241000000.0,1088000000,0,41733000000,8295000000,-48227000000,-1698000000.0,1
10-04-2013,15.28928566,15.60928631,15.21464252,15.56035709,13.34972477,375928000,16728.687,231.797,7.6,0.15,176000000000.0,57653000000.0,10746000000,68662000000.0,157000000000.0,55241000000.0,1088000000,0,41733000000,8295000000,-48227000000,-1698000000.0,1
11-04-2013,15.48999977,15.64249992,15.39999962,15.51178646,13.30805397,328364400,16728.687,231.797,7.6,0.15,176000000000.0,57653000000.0,10746000000,68662000000.0,157000000000.0,55241000000.0,1088000000,0,41733000000,8295000000,-48227000000,-1698000000.0,1
12-04-2013,15.50535679,15.50535679,15.32464314,15.35000038,13.1692524,238613200,16728.687,231.797,7.6,0.15,176000000000.0,57653000000.0,10746000000,68662000000.0,157000000000.0,55241000000.0,1088000000,0,41733000000,8295000000,-48227000000,-1698000000.0,-1
15-04-2013,15.25,15.28178596,14.98392868,14.99464321,12.8643856,317520000,16728.687,231.797,7.6,0.15,176000000000.0,57653000000.0,10746000000,68662000000.0,157000000000.0,55241000000.0,1088000000,0,41733000000,8295000000,-48227000000,-1698000000.0,-1
16-04-2013,15.05607128,15.23607063,15.02035713,15.22285748,13.06017494,305771200,16728.687,231.797,7.6,0.15,176000000000.0,57653000000.0,10746000000,68662000000.0,157000000000.0,55241000000.0,1088000000,0,41733000000,8295000000,-48227000000,-1698000000.0,1
17-04-2013,15.0096426,15.02142906,14.21821404,14.38571358,12.34196091,945056000,16728.687,231.797,7.6,0.15,176000000000.0,57653000000.0,10746000000,68662000000.0,157000000000.0,55241000000.0,1088000000,0,41733000000,8295000000,-48227000000,-1698000000.0,-1
18-04-2013,14.46392918,14.49250031,13.91928577,14.00178623,12.01258278,666299200,16728.687,231.797,7.6,0.15,176000000000.0,57653000000.0,10746000000,68662000000.0,157000000000.0,55241000000.0,1088000000,0,41733000000,8295000000,-48227000000,-1698000000.0,-1
19-04-2013,13.85607147,14.27142906,13.75357056,13.94750023,11.96600628,609274400,16728.687,231.797,7.6,0.15,176000000000.0,57653000000.0,10746000000,68662000000.0,157000000000.0,55241000000.0,1088000000,0,41733000000,8295000000,-48227000000,-1698000000.0,1
22-04-2013,14.02285671,14.36428642,13.97392941,14.23821354,12.21541977,429920400,16728.687,231.797,7.6,0.15,176000000000.0,57653000000.0,10746000000,68662000000.0,157000000000.0,55241000000.0,1088000000,0,41733000000,8295000000,-48227000000,-1698000000.0,1
23-04-2013,14.42821407,14.58500004,14.24321365,14.50464344,12.44399643,664238400,16728.687,231.797,7.6,0.15,176000000000.0,57653000000.0,10746000000,68662000000.0,157000000000.0,55241000000.0,1088000000,0,41733000000,8295000000,-48227000000,-1698000000.0,1
24-04-2013,14.05500031,14.8303566,14.0178566,14.48071384,12.42346478,969651200,16728.687,231.797,7.6,0.15,176000000000.0,57653000000.0,10746000000,68662000000.0,157000000000.0,55241000000.0,1088000000,0,41733000000,8295000000,-48227000000,-1698000000.0,1
25-04-2013,14.6867857,14.78357124,14.53571415,14.58500004,12.51293564,384837600,16728.687,231.797,7.6,0.15,176000000000.0,57653000000.0,10746000000,68662000000.0,157000000000.0,55241000000.0,1088000000,0,41733000000,8295000000,-48227000000,-1698000000.0,-1
26-04-2013,14.63607121,14.9560709,14.5803566,14.89999962,12.78318405,764097600,16728.687,231.797,7.6,0.15,176000000000.0,57653000000.0,10746000000,68662000000.0,157000000000.0,55241000000.0,1088000000,0,41733000000,8295000000,-48227000000,-1698000000.0,1
29-04-2013,15.01607132,15.48642921,15.0,15.36142921,13.17905807,640326400,16728.687,231.797,7.6,0.15,176000000000.0,57653000000.0,10746000000,68662000000.0,157000000000.0,55241000000.0,1088000000,0,41733000000,8295000000,-48227000000,-1698000000.0,1
30-04-2013,15.53928566,15.90178585,15.43107128,15.81357098,13.56696415,691538400,16728.687,231.797,7.6,0.15,176000000000.0,57653000000.0,10746000000,68662000000.0,157000000000.0,55241000000.0,1088000000,0,41733000000,8295000000,-48227000000,-1698000000.0,1
01-05-2013,15.8735714,15.89035702,15.51392937,15.6889286,13.46003151,506909200,16728.687,231.797,7.6,0.15,176000000000.0,57653000000.0,10746000000,68662000000.0,157000000000.0,55241000000.0,1088000000,0,41733000000,8295000000,-48227000000,-1698000000.0,-1
02-05-2013,15.77785683,16.02107048,15.73678589,15.91142941,13.65092278,421828400,16728.687,231.797,7.6,0.15,176000000000.0,57653000000.0,10746000000,68662000000.0,157000000000.0,55241000000.0,1088000000,0,41733000000,8295000000,-48227000000,-1698000000.0,1
03-05-2013,16.11821365,16.18678665,16.04107094,16.07071495,13.78758049,361300800,16728.687,231.797,7.6,0.15,176000000000.0,57653000000.0,10746000000,68662000000.0,157000000000.0,55241000000.0,1088000000,0,41733000000,8295000000,-48227000000,-1698000000.0,-1
06-05-2013,16.27535629,16.50714302,16.22535706,16.4539299,14.11635113,496641600,16728.687,231.797,7.6,0.15,176000000000.0,57653000000.0,10746000000,68662000000.0,157000000000.0,55241000000.0,1088000000,0,41733000000,8295000000,-48227000000,-1698000000.0,1
07-05-2013,16.60607147,16.6339283,16.20357132,16.38071442,14.05353546,483753200,16728.687,231.797,7.6,0.15,176000000000.0,57653000000.0,10746000000,68662000000.0,157000000000.0,55241000000.0,1088000000,0,41733000000,8295000000,-48227000000,-1698000000.0,-1
08-05-2013,16.3942852,16.62035751,16.27892876,16.56571388,14.21225739,472598000,16728.687,231.797,7.6,0.15,176000000000.0,57653000000.0,10746000000,68662000000.0,157000000000.0,55241000000.0,1088000000,0,41733000000,8295000000,-48227000000,-1698000000.0,1
09-05-2013,16.42178535,16.5357132,16.27071381,16.31321335,14.08826542,398487600,16728.687,231.797,7.6,0.15,176000000000.0,57653000000.0,10746000000,68662000000.0,157000000000.0,55241000000.0,1088000000,0,41733000000,8295000000,-48227000000,-1698000000.0,-1
10-05-2013,16.35607147,16.4182148,16.08857155,16.17749977,13.97106075,334852000,16728.687,231.797,7.6,0.15,176000000000.0,57653000000.0,10746000000,68662000000.0,157000000000.0,55241000000.0,1088000000,0,41733000000,8295000000,-48227000000,-1698000000.0,-1
13-05-2013,16.12535667,16.35357094,16.125,16.24071312,14.02565002,316948800,16728.687,231.797,7.6,0.15,176000000000.0,57653000000.0,10746000000,68662000000.0,157000000000.0,55241000000.0,1088000000,0,41733000000,8295000000,-48227000000,-1698000000.0,1
14-05-2013,16.20892906,16.25714302,15.79107094,15.85214329,13.69007874,447118000,16728.687,231.797,7.6,0.15,176000000000.0,57653000000.0,10746000000,68662000000.0,157000000000.0,55241000000.0,1088000000,0,41733000000,8295000000,-48227000000,-1698000000.0,-1
15-05-2013,15.68428612,15.75,15.08428574,15.31607056,13.22711945,741613600,16728.687,231.797,7.6,0.15,176000000000.0,57653000000.0,10746000000,68662000000.0,157000000000.0,55241000000.0,1088000000,0,41733000000,8295000000,-48227000000,-1698000000.0,-1
16-05-2013,15.11571407,15.63749981,14.96071434,15.52071381,13.40385151,603204000,16728.687,231.797,7.6,0.15,176000000000.0,57653000000.0,10746000000,68662000000.0,157000000000.0,55241000000.0,1088000000,0,41733000000,8295000000,-48227000000,-1698000000.0,1
17-05-2013,15.68035698,15.71749973,15.39321423,15.47357082,13.36314106,427904400,16728.687,231.797,7.6,0.15,176000000000.0,57653000000.0,10746000000,68662000000.0,157000000000.0,55241000000.0,1088000000,0,41733000000,8295000000,-48227000000,-1698000000.0,-1
20-05-2013,15.42535686,15.92142868,15.36071396,15.81892872,13.66139317,451578400,16728.687,231.797,7.6,0.15,176000000000.0,57653000000.0,10746000000,68662000000.0,157000000000.0,55241000000.0,1088000000,0,41733000000,8295000000,-48227000000,-1698000000.0,1
21-05-2013,15.64821434,15.90999985,15.50714302,15.70214272,13.56053829,456022000,16728.687,231.797,7.6,0.15,176000000000.0,57653000000.0,10746000000,68662000000.0,157000000000.0,55241000000.0,1088000000,0,41733000000,8295000000,-48227000000,-1698000000.0,1
22-05-2013,15.85892868,16.01250076,15.65071392,15.76249981,13.61266422,443038400,16728.687,231.797,7.6,0.15,176000000000.0,57653000000.0,10746000000,68662000000.0,157000000000.0,55241000000.0,1088000000,0,41733000000,8295000000,-48227000000,-1698000000.0,-1
23-05-2013,15.56964302,15.93428612,15.5639286,15.79071426,13.63702869,353021200,16728.687,231.797,7.6,0.15,176000000000.0,57653000000.0,10746000000,68662000000.0,157000000000.0,55241000000.0,1088000000,0,41733000000,8295000000,-48227000000,-1698000000.0,1
24-05-2013,15.74464321,15.91642857,15.72714329,15.89821434,13.72986698,276166800,16728.687,231.797,7.6,0.15,176000000000.0,57653000000.0,10746000000,68662000000.0,157000000000.0,55241000000.0,1088000000,0,41733000000,8295000000,-48227000000,-1698000000.0,1
28-05-2013,16.06785774,16.11107063,15.74464321,15.76571369,13.61543751,386145200,16728.687,231.797,7.6,0.15,176000000000.0,57653000000.0,10746000000,68662000000.0,157000000000.0,55241000000.0,1088000000,0,41733000000,8295000000,-48227000000,-1698000000.0,-1
29-05-2013,15.71428585,15.9821434,15.69285679,15.89107132,13.72369862,330576400,16728.687,231.797,7.6,0.15,176000000000.0,57653000000.0,10746000000,68662000000.0,157000000000.0,55241000000.0,1088000000,0,41733000000,8295000000,-48227000000,-1698000000.0,1
30-05-2013,15.91607094,16.2321434,15.87535667,16.12785721,13.92818832,353519600,16728.687,231.797,7.6,0.15,176000000000.0,57653000000.0,10746000000,68662000000.0,157000000000.0,55241000000.0,1088000000,0,41733000000,8295000000,-48227000000,-1698000000.0,1
31-05-2013,16.1607132,16.32500076,16.0535717,16.06178665,13.87113094,384302800,16728.687,231.797,7.6,0.15,176000000000.0,57653000000.0,10746000000,68662000000.0,157000000000.0,55241000000.0,1088000000,0,41733000000,8295000000,-48227000000,-1698000000.0,-1
03-06-2013,16.09749985,16.15571404,15.8028574,16.09714317,13.90166283,372352400,16728.687,231.797,7.6,0.15,176000000000.0,57653000000.0,10746000000,68662000000.0,157000000000.0,55241000000.0,1088000000,0,41733000000,8295000000,-48227000000,-1698000000.0,-1
04-06-2013,16.18642807,16.22964287,15.97821426,16.04678535,13.85817528,292728800,16728.687,231.797,7.6,0.15,176000000000.0,57653000000.0,10746000000,68662000000.0,157000000000.0,55241000000.0,1088000000,0,41733000000,8295000000,-48227000000,-1698000000.0,-1
05-06-2013,15.91607094,16.09714317,15.84678555,15.89678574,13.72863007,290589600,16728.687,231.797,7.6,0.15,176000000000.0,57653000000.0,10746000000,68662000000.0,157000000000.0,55241000000.0,1088000000,0,41733000000,8295000000,-48227000000,-1698000000.0,-1
06-06-2013,15.90964317,15.96428585,15.50178623,15.65928555,13.5235281,416934000,16728.687,231.797,7.6,0.15,176000000000.0,57653000000.0,10746000000,68662000000.0,157000000000.0,55241000000.0,1088000000,0,41733000000,8295000000,-48227000000,-1698000000.0,-1
07-06-2013,15.58928585,15.82999992,15.4560709,15.77892876,13.62685204,404535600,16728.687,231.797,7.6,0.15,176000000000.0,57653000000.0,10746000000,68662000000.0,157000000000.0,55241000000.0,1088000000,0,41733000000,8295000000,-48227000000,-1698000000.0,1
10-06-2013,15.883214,16.0385704,15.60000038,15.67464256,13.53678703,450153200,16728.687,231.797,7.6,0.15,176000000000.0,57653000000.0,10746000000,68662000000.0,157000000000.0,55241000000.0,1088000000,0,41733000000,8295000000,-48227000000,-1698000000.0,-1
11-06-2013,15.56214333,15.81285667,15.47571373,15.62857056,13.49700069,286112400,16728.687,231.797,7.6,0.15,176000000000.0,57653000000.0,10746000000,68662000000.0,157000000000.0,55241000000.0,1088000000,0,41733000000,8295000000,-48227000000,-1698000000.0,1
12-06-2013,15.69642925,15.75892925,15.41071415,15.43535709,13.33013916,265227200,16728.687,231.797,7.6,0.15,176000000000.0,57653000000.0,10746000000,68662000000.0,157000000000.0,55241000000.0,1088000000,0,41733000000,8295000000,-48227000000,-1698000000.0,-1
13-06-2013,15.44642925,15.61214256,15.3125,15.56999969,13.44641685,285832400,16728.687,231.797,7.6,0.15,176000000000.0,57653000000.0,10746000000,68662000000.0,157000000000.0,55241000000.0,1088000000,0,41733000000,8295000000,-48227000000,-1698000000.0,1
14-06-2013,15.55000019,15.58178616,15.30357075,15.35892868,13.26413441,271866000,16728.687,231.797,7.6,0.15,176000000000.0,57653000000.0,10746000000,68662000000.0,157000000000.0,55241000000.0,1088000000,0,41733000000,8295000000,-48227000000,-1698000000.0,-1
17-06-2013,15.40857124,15.56071377,15.36999989,15.42857075,13.32427692,259414400,16728.687,231.797,7.6,0.15,176000000000.0,57653000000.0,10746000000,68662000000.0,157000000000.0,55241000000.0,1088000000,0,41733000000,8295000000,-48227000000,-1698000000.0,1
18-06-2013,15.41285706,15.53214264,15.3646431,15.42035675,13.31718254,195025600,16728.687,231.797,7.6,0.15,176000000000.0,57653000000.0,10746000000,68662000000.0,157000000000.0,55241000000.0,1088000000,0,41733000000,8295000000,-48227000000,-1698000000.0,1
19-06-2013,15.40714264,15.41642857,15.1071434,15.1071434,13.04669094,310940000,16728.687,231.797,7.6,0.15,176000000000.0,57653000000.0,10746000000,68662000000.0,157000000000.0,55241000000.0,1088000000,0,41733000000,8295000000,-48227000000,-1698000000.0,-1
20-06-2013,14.97500038,15.21357059,14.82750034,14.88714314,12.85669327,357310800,16728.687,231.797,7.6,0.15,176000000000.0,57653000000.0,10746000000,68662000000.0,157000000000.0,55241000000.0,1088000000,0,41733000000,8295000000,-48227000000,-1698000000.0,-1
21-06-2013,14.94607067,15.0,14.57499981,14.7678566,12.75367737,481118400,16728.687,231.797,7.6,0.15,176000000000.0,57653000000.0,10746000000,68662000000.0,157000000000.0,55241000000.0,1088000000,0,41733000000,8295000000,-48227000000,-1698000000.0,-1
24-06-2013,14.55000019,14.59500027,14.21607113,14.3764286,12.41563511,480746000,16728.687,231.797,7.6,0.15,176000000000.0,57653000000.0,10746000000,68662000000.0,157000000000.0,55241000000.0,1088000000,0,41733000000,8295000000,-48227000000,-1698000000.0,-1
25-06-2013,14.48928642,14.5639286,14.24392891,14.37964344,12.41841507,314162800,16728.687,231.797,7.6,0.15,176000000000.0,57653000000.0,10746000000,68662000000.0,157000000000.0,55241000000.0,1088000000,0,41733000000,8295000000,-48227000000,-1698000000.0,-1
26-06-2013,14.42500019,14.45678616,14.13071442,14.21678638,12.27776718,367724000,16728.687,231.797,7.6,0.15,176000000000.0,57653000000.0,10746000000,68662000000.0,157000000000.0,55241000000.0,1088000000,0,41733000000,8295000000,-48227000000,-1698000000.0,-1
27-06-2013,14.25892925,14.33535671,14.05500031,14.06357098,12.14544964,337246000,16728.687,231.797,7.6,0.15,176000000000.0,57653000000.0,10746000000,68662000000.0,157000000000.0,55241000000.0,1088000000,0,41733000000,8295000000,-48227000000,-1698000000.0,-1
28-06-2013,13.97714329,14.29535675,13.88821411,14.16178608,12.23027134,578516400,16728.687,231.797,7.6,0.15,176000000000.0,57653000000.0,10746000000,68662000000.0,157000000000.0,55241000000.0,1088000000,0,41733000000,8295000000,-48227000000,-1698000000.0,1
01-07-2013,14.38178635,14.72392941,14.32928562,14.61499977,12.62167072,391053600,16953.838,232.9,7.3,0.09,176000000000.0,57653000000.0,10746000000,68662000000.0,157000000000.0,55241000000.0,1088000000,0,41733000000,8295000000,-48227000000,-1698000000.0,1
02-07-2013,14.64142895,15.05821419,14.62392902,14.94607067,12.9075861,469865200,16953.838,232.9,7.3,0.09,176000000000.0,57653000000.0,10746000000,68662000000.0,157000000000.0,55241000000.0,1088000000,0,41733000000,8295000000,-48227000000,-1698000000.0,1
03-07-2013,15.03071404,15.1064291,14.90892887,15.02857113,12.97883129,240928800,16953.838,232.9,7.3,0.09,176000000000.0,57653000000.0,10746000000,68662000000.0,157000000000.0,55241000000.0,1088000000,0,41733000000,8295000000,-48227000000,-1698000000.0,-1
05-07-2013,15.01392937,15.11750031,14.83392906,14.90785694,12.8745842,274024800,16953.838,232.9,7.3,0.09,176000000000.0,57653000000.0,10746000000,68662000000.0,157000000000.0,55241000000.0,1088000000,0,41733000000,8295000000,-48227000000,-1698000000.0,-1
08-07-2013,15.00392914,15.03571415,14.66607094,14.82321358,12.80148506,298138400,16953.838,232.9,7.3,0.09,176000000000.0,57653000000.0,10746000000,68662000000.0,157000000000.0,55241000000.0,1088000000,0,41733000000,8295000000,-48227000000,-1698000000.0,-1
09-07-2013,14.77142906,15.125,14.65642929,15.08392906,13.02663994,352584400,16953.838,232.9,7.3,0.09,176000000000.0,57653000000.0,10746000000,68662000000.0,157000000000.0,55241000000.0,1088000000,0,41733000000,8295000000,-48227000000,-1698000000.0,1
10-07-2013,14.98571396,15.17142868,14.9375,15.02607059,12.97667313,281405600,16953.838,232.9,7.3,0.09,176000000000.0,57653000000.0,10746000000,68662000000.0,157000000000.0,55241000000.0,1088000000,0,41733000000,8295000000,-48227000000,-1698000000.0,1
11-07-2013,15.10535717,15.2946434,15.04178619,15.2603569,13.17900467,326292400,16953.838,232.9,7.3,0.09,176000000000.0,57653000000.0,10746000000,68662000000.0,157000000000.0,55241000000.0,1088000000,0,41733000000,8295000000,-48227000000,-1698000000.0,1
12-07-2013,15.27321434,15.34964275,15.12178612,15.23250008,13.15494823,279563200,16953.838,232.9,7.3,0.09,176000000000.0,57653000000.0,10746000000,68662000000.0,157000000000.0,55241000000.0,1088000000,0,41733000000,8295000000,-48227000000,-1698000000.0,-1
15-07-2013,15.17892933,15.40928555,15.17142868,15.26571369,13.1836338,241917200,16953.838,232.9,7.3,0.09,176000000000.0,57653000000.0,10746000000,68662000000.0,157000000000.0,55241000000.0,1088000000,0,41733000000,8295000000,-48227000000,-1698000000.0,1
16-07-2013,15.23285675,15.38249969,15.14892864,15.36428642,13.26876259,216538000,16953.838,232.9,7.3,0.09,176000000000.0,57653000000.0,10746000000,68662000000.0,157000000000.0,55241000000.0,1088000000,0,41733000000,8295000000,-48227000000,-1698000000.0,1
17-07-2013,15.34642887,15.43642902,15.29357147,15.36821365,13.27215099,198990400,16953.838,232.9,7.3,0.09,176000000000.0,57653000000.0,10746000000,68662000000.0,157000000000.0,55241000000.0,1088000000,0,41733000000,8295000000,-48227000000,-1698000000.0,1
18-07-2013,15.47785664,15.53107071,15.37892914,15.42000008,13.31687546,218878800,16953.838,232.9,7.3,0.09,176000000000.0,57653000000.0,10746000000,68662000000.0,157000000000.0,55241000000.0,1088000000,0,41733000000,8295000000,-48227000000,-1698000000.0,-1
19-07-2013,15.46785736,15.4992857,15.15535736,15.17678642,13.10683346,268721600,16953.838,232.9,7.3,0.09,176000000000.0,57653000000.0,10746000000,68662000000.0,157000000000.0,55241000000.0,1088000000,0,41733000000,8295000000,-48227000000,-1698000000.0,-1
22-07-2013,15.33785725,15.34821415,15.19535732,15.22535706,13.14877796,207796400,16953.838,232.9,7.3,0.09,176000000000.0,57653000000.0,10746000000,68662000000.0,157000000000.0,55241000000.0,1088000000,0,41733000000,8295000000,-48227000000,-1698000000.0,-1
23-07-2013,15.21428585,15.2485714,14.95392895,14.96392918,12.92300797,369395600,16953.838,232.9,7.3,0.09,176000000000.0,57653000000.0,10746000000,68662000000.0,157000000000.0,55241000000.0,1088000000,0,41733000000,8295000000,-48227000000,-1698000000.0,-1
24-07-2013,15.67607117,15.87821388,15.54500008,15.73250008,13.58675766,591936800,16953.838,232.9,7.3,0.09,176000000000.0,57653000000.0,10746000000,68662000000.0,157000000000.0,55241000000.0,1088000000,0,41733000000,8295000000,-48227000000,-1698000000.0,1
25-07-2013,15.73928642,15.76428604,15.56464291,15.66071415,13.5247612,229493600,16953.838,232.9,7.3,0.09,176000000000.0,57653000000.0,10746000000,68662000000.0,157000000000.0,55241000000.0,1088000000,0,41733000000,8295000000,-48227000000,-1698000000.0,-1
26-07-2013,15.54642868,15.7514286,15.51214314,15.74964333,13.60155869,200152400,16953.838,232.9,7.3,0.09,176000000000.0,57653000000.0,10746000000,68662000000.0,157000000000.0,55241000000.0,1088000000,0,41733000000,8295000000,-48227000000,-1698000000.0,1
29-07-2013,15.74285698,16.07107162,15.72142887,15.99250031,13.81129169,248057600,16953.838,232.9,7.3,0.09,176000000000.0,57653000000.0,10746000000,68662000000.0,157000000000.0,55241000000.0,1088000000,0,41733000000,8295000000,-48227000000,-1698000000.0,1
30-07-2013,16.06999969,16.32678604,16.04392815,16.19000053,13.9818573,309422400,16953.838,232.9,7.3,0.09,176000000000.0,57653000000.0,10746000000,68662000000.0,157000000000.0,55241000000.0,1088000000,0,41733000000,8295000000,-48227000000,-1698000000.0,1
31-07-2013,16.24964333,16.33357048,16.05107117,16.16178513,13.95748997,322957600,16953.838,232.9,7.3,0.09,176000000000.0,57653000000.0,10746000000,68662000000.0,157000000000.0,55241000000.0,1088000000,0,41733000000,8295000000,-48227000000,-1698000000.0,-1
01-08-2013,16.2767868,16.31428528,16.18785667,16.30999947,14.08548832,206250800,16953.838,232.9,7.3,0.09,176000000000.0,57653000000.0,10746000000,68662000000.0,157000000000.0,55241000000.0,1088000000,0,41733000000,8295000000,-48227000000,-1698000000.0,1
02-08-2013,16.35750008,16.53035736,16.30928612,16.5192852,14.26623058,274783600,16953.838,232.9,7.3,0.09,176000000000.0,57653000000.0,10746000000,68662000000.0,157000000000.0,55241000000.0,1088000000,0,41733000000,8295000000,-48227000000,-1698000000.0,1
05-08-2013,16.59607124,16.80964279,16.50535774,16.76607132,14.47935677,318855600,16953.838,232.9,7.3,0.09,176000000000.0,57653000000.0,10746000000,68662000000.0,157000000000.0,55241000000.0,1088000000,0,41733000000,8295000000,-48227000000,-1698000000.0,1
06-08-2013,16.71500015,16.85321426,16.50607109,16.6160717,14.34981632,334857600,16953.838,232.9,7.3,0.09,176000000000.0,57653000000.0,10746000000,68662000000.0,157000000000.0,55241000000.0,1088000000,0,41733000000,8295000000,-48227000000,-1698000000.0,-1
07-08-2013,16.56428528,16.6785717,16.49178505,16.60642815,14.34148979,298858000,16953.838,232.9,7.3,0.09,176000000000.0,57653000000.0,10746000000,68662000000.0,157000000000.0,55241000000.0,1088000000,0,41733000000,8295000000,-48227000000,-1698000000.0,1
08-08-2013,16.56642914,16.57500076,16.35535622,16.46464348,14.31292629,255777200,16953.838,232.9,7.3,0.09,176000000000.0,57653000000.0,10746000000,68662000000.0,157000000000.0,55241000000.0,1088000000,0,41733000000,8295000000,-48227000000,-1698000000.0,-1
09-08-2013,16.37999916,16.44499969,16.20178604,16.23035622,14.10925961,266865200,16953.838,232.9,7.3,0.09,176000000000.0,57653000000.0,10746000000,68662000000.0,157000000000.0,55241000000.0,1088000000,0,41733000000,8295000000,-48227000000,-1698000000.0,-1
12-08-2013,16.31642914,16.73749924,16.30821419,16.69142914,14.51007271,364434000,16953.838,232.9,7.3,0.09,176000000000.0,57653000000.0,10746000000,68662000000.0,157000000000.0,55241000000.0,1088000000,0,41733000000,8295000000,-48227000000,-1698000000.0,1
13-08-2013,16.81928635,17.66642952,16.71607018,17.48464394,15.19962692,881941200,16953.838,232.9,7.3,0.09,176000000000.0,57653000000.0,10746000000,68662000000.0,157000000000.0,55241000000.0,1088000000,0,41733000000,8295000000,-48227000000,-1698000000.0,1
14-08-2013,17.78142929,18.0089283,17.62142944,17.8035717,15.47687531,756372400,16953.838,232.9,7.3,0.09,176000000000.0,57653000000.0,10746000000,68662000000.0,157000000000.0,55241000000.0,1088000000,0,41733000000,8295000000,-48227000000,-1698000000.0,1
15-08-2013,17.72928619,17.94285774,17.46714211,17.78249931,15.45855141,490294000,16953.838,232.9,7.3,0.09,176000000000.0,57653000000.0,10746000000,68662000000.0,157000000000.0,55241000000.0,1088000000,0,41733000000,8295000000,-48227000000,-1698000000.0,1
16-08-2013,17.86249924,17.96214294,17.81642914,17.94035721,15.59578133,362306000,16953.838,232.9,7.3,0.09,176000000000.0,57653000000.0,10746000000,68662000000.0,157000000000.0,55241000000.0,1088000000,0,41733000000,8295000000,-48227000000,-1698000000.0,1
19-08-2013,18.01214218,18.34785652,18.0,18.13357162,15.76375008,510518400,16953.838,232.9,7.3,0.09,176000000000.0,57653000000.0,10746000000,68662000000.0,157000000000.0,55241000000.0,1088000000,0,41733000000,8295000000,-48227000000,-1698000000.0,1
20-08-2013,18.2039299,18.23464394,17.88642883,17.89535713,15.55666351,358688400,16953.838,232.9,7.3,0.09,176000000000.0,57653000000.0,10746000000,68662000000.0,157000000000.0,55241000000.0,1088000000,0,41733000000,8295000000,-48227000000,-1698000000.0,-1
21-08-2013,17.98535728,18.11249924,17.89999962,17.94142914,15.59671021,335879600,16953.838,232.9,7.3,0.09,176000000000.0,57653000000.0,10746000000,68662000000.0,157000000000.0,55241000000.0,1088000000,0,41733000000,8295000000,-48227000000,-1698000000.0,-1
22-08-2013,18.03499985,18.05678558,17.79285622,17.96285629,15.61535168,244207600,16953.838,232.9,7.3,0.09,176000000000.0,57653000000.0,10746000000,68662000000.0,157000000000.0,55241000000.0,1088000000,0,41733000000,8295000000,-48227000000,-1698000000.0,-1
23-08-2013,17.97392845,17.97678566,17.83392906,17.89357185,15.55511379,222731600,16953.838,232.9,7.3,0.09,176000000000.0,57653000000.0,10746000000,68662000000.0,157000000000.0,55241000000.0,1088000000,0,41733000000,8295000000,-48227000000,-1698000000.0,-1
26-08-2013,17.8839283,18.22142982,17.875,17.96321487,15.61564922,330965600,16953.838,232.9,7.3,0.09,176000000000.0,57653000000.0,10746000000,68662000000.0,157000000000.0,55241000000.0,1088000000,0,41733000000,8295000000,-48227000000,-1698000000.0,1
27-08-2013,17.7857132,17.94678688,17.36785698,17.44964218,15.16919804,424188800,16953.838,232.9,7.3,0.09,176000000000.0,57653000000.0,10746000000,68662000000.0,157000000000.0,55241000000.0,1088000000,0,41733000000,8295000000,-48227000000,-1698000000.0,-1
28-08-2013,17.3571434,17.70714378,17.3571434,17.53214264,15.24091911,307608000,16953.838,232.9,7.3,0.09,176000000000.0,57653000000.0,10746000000,68662000000.0,157000000000.0,55241000000.0,1088000000,0,41733000000,8295000000,-48227000000,-1698000000.0,1
29-08-2013,17.55892944,17.7321434,17.54035759,17.56071472,15.26575661,239657600,16953.838,232.9,7.3,0.09,176000000000.0,57653000000.0,10746000000,68662000000.0,157000000000.0,55241000000.0,1088000000,0,41733000000,8295000000,-48227000000,-1698000000.0,1
30-08-2013,17.5714283,17.60535622,17.375,17.40071487,15.12666798,272297200,16953.838,232.9,7.3,0.09,176000000000.0,57653000000.0,10746000000,68662000000.0,157000000000.0,55241000000.0,1088000000,0,41733000000,8295000000,-48227000000,-1698000000.0,-1
03-09-2013,17.61071396,17.87857056,17.40535736,17.44928551,15.16888905,331928800,16953.838,232.9,7.3,0.09,176000000000.0,57653000000.0,10746000000,68662000000.0,157000000000.0,55241000000.0,1088000000,0,41733000000,8295000000,-48227000000,-1698000000.0,-1
04-09-2013,17.84142876,17.93714333,17.72428513,17.81035614,15.48277378,345032800,16953.838,232.9,7.3,0.09,176000000000.0,57653000000.0,10746000000,68662000000.0,157000000000.0,55241000000.0,1088000000,0,41733000000,8295000000,-48227000000,-1698000000.0,-1
05-09-2013,17.8660717,17.88142967,17.62999916,17.68821335,15.37658978,236367600,16953.838,232.9,7.3,0.09,176000000000.0,57653000000.0,10746000000,68662000000.0,157000000000.0,55241000000.0,1088000000,0,41733000000,8295000000,-48227000000,-1698000000.0,-1
06-09-2013,17.80142975,17.83499908,17.49821472,17.79357147,15.46817684,359525600,16953.838,232.9,7.3,0.09,176000000000.0,57653000000.0,10746000000,68662000000.0,157000000000.0,55241000000.0,1088000000,0,41733000000,8295000000,-48227000000,-1698000000.0,-1
09-09-2013,18.0357132,18.13999939,17.98142815,18.07749939,15.71500492,340687200,16953.838,232.9,7.3,0.09,176000000000.0,57653000000.0,10746000000,68662000000.0,157000000000.0,55241000000.0,1088000000,0,41733000000,8295000000,-48227000000,-1698000000.0,1
10-09-2013,18.07857132,18.12321472,17.4821434,17.66571426,15.3570261,743195600,16953.838,232.9,7.3,0.09,176000000000.0,57653000000.0,10746000000,68662000000.0,157000000000.0,55241000000.0,1088000000,0,41733000000,8295000000,-48227000000,-1698000000.0,-1
11-09-2013,16.67892838,16.91749954,16.60035706,16.7039299,14.52093983,898696400,16953.838,232.9,7.3,0.09,176000000000.0,57653000000.0,10746000000,68662000000.0,157000000000.0,55241000000.0,1088000000,0,41733000000,8295000000,-48227000000,-1698000000.0,1
12-09-2013,16.7321434,16.97857094,16.64321327,16.88178635,14.67555428,404051200,16953.838,232.9,7.3,0.09,176000000000.0,57653000000.0,10746000000,68662000000.0,157000000000.0,55241000000.0,1088000000,0,41733000000,8295000000,-48227000000,-1698000000.0,1
13-09-2013,16.76214218,16.8510704,16.59642982,16.60357094,14.43369865,298835600,16953.838,232.9,7.3,0.09,176000000000.0,57653000000.0,10746000000,68662000000.0,157000000000.0,55241000000.0,1088000000,0,41733000000,8295000000,-48227000000,-1698000000.0,-1
16-09-2013,16.4642868,16.48607063,15.97214317,16.07571411,13.97482586,543706800,16953.838,232.9,7.3,0.09,176000000000.0,57653000000.0,10746000000,68662000000.0,157000000000.0,55241000000.0,1088000000,0,41733000000,8295000000,-48227000000,-1698000000.0,-1
17-09-2013,15.9985714,16.4182148,15.9821434,16.26142883,14.13626957,399380800,16953.838,232.9,7.3,0.09,176000000000.0,57653000000.0,10746000000,68662000000.0,157000000000.0,55241000000.0,1088000000,0,41733000000,8295000000,-48227000000,-1698000000.0,1
18-09-2013,16.54214287,16.65535736,16.45214272,16.59571457,14.42686939,456862000,16953.838,232.9,7.3,0.09,176000000000.0,57653000000.0,10746000000,68662000000.0,157000000000.0,55241000000.0,1088000000,0,41733000000,8295000000,-48227000000,-1698000000.0,1
19-09-2013,16.81071472,16.99392891,16.7589283,16.86785698,14.66344547,404541200,16953.838,232.9,7.3,0.09,176000000000.0,57653000000.0,10746000000,68662000000.0,157000000000.0,55241000000.0,1088000000,0,41733000000,8295000000,-48227000000,-1698000000.0,1
20-09-2013,17.0714283,17.09107018,16.6428566,16.69321442,14.51162338,699302800,16953.838,232.9,7.3,0.09,176000000000.0,57653000000.0,10746000000,68662000000.0,157000000000.0,55241000000.0,1088000000,0,41733000000,8295000000,-48227000000,-1698000000.0,-1
23-09-2013,17.71785736,17.74678612,17.23571396,17.52285767,15.23284721,762106800,16953.838,232.9,7.3,0.09,176000000000.0,57653000000.0,10746000000,68662000000.0,157000000000.0,55241000000.0,1088000000,0,41733000000,8295000000,-48227000000,-1698000000.0,-1
24-09-2013,17.67428589,17.69535637,17.42214394,17.46785736,15.18502903,364344400,16953.838,232.9,7.3,0.09,176000000000.0,57653000000.0,10746000000,68662000000.0,157000000000.0,55241000000.0,1088000000,0,41733000000,8295000000,-48227000000,-1698000000.0,-1
25-09-2013,17.47142982,17.48714256,17.19392967,17.19750023,14.95000744,316957200,16953.838,232.9,7.3,0.09,176000000000.0,57653000000.0,10746000000,68662000000.0,157000000000.0,55241000000.0,1088000000,0,41733000000,8295000000,-48227000000,-1698000000.0,-1
26-09-2013,17.3571434,17.44857025,17.28214264,17.36499977,15.09561443,237221600,16953.838,232.9,7.3,0.09,176000000000.0,57653000000.0,10746000000,68662000000.0,157000000000.0,55241000000.0,1088000000,0,41733000000,8295000000,-48227000000,-1698000000.0,1
27-09-2013,17.27785683,17.30964279,17.16857147,17.2410717,14.98788357,228040400,16953.838,232.9,7.3,0.09,176000000000.0,57653000000.0,10746000000,68662000000.0,157000000000.0,55241000000.0,1088000000,0,41733000000,8295000000,-48227000000,-1698000000.0,-1
30-09-2013,17.0446434,17.20214272,16.94321442,17.0267868,14.80160522,260156400,16953.838,232.9,7.3,0.09,207000000000.0,73286000000.0,14259000000,64304000000.0,171000000000.0,48999000000.0,1616000000,136000000,37037000000,8165000000,-33774000000,-16379000000.0,-1
01-10-2013,17.08749962,17.46928596,17.08499908,17.4271431,15.14964104,353883600,17192.019,233.669,7.2,0.09,207000000000.0,73286000000.0,14259000000,64304000000.0,171000000000.0,48999000000.0,1616000000,136000000,37037000000,8165000000,-33774000000,-16379000000.0,1
02-10-2013,17.34392929,17.56428528,17.2767868,17.48428535,15.19931316,289184000,17192.019,233.669,7.2,0.09,207000000000.0,73286000000.0,14259000000,64304000000.0,171000000000.0,48999000000.0,1616000000,136000000,37037000000,8165000000,-33774000000,-16379000000.0,1
03-10-2013,17.51821327,17.58392906,17.16928673,17.26464272,15.00837326,322753200,17192.019,233.669,7.2,0.09,207000000000.0,73286000000.0,14259000000,64304000000.0,171000000000.0,48999000000.0,1616000000,136000000,37037000000,8165000000,-33774000000,-16379000000.0,-1
04-10-2013,17.28071404,17.30714226,17.09285736,17.25107193,14.99657917,258868400,17192.019,233.669,7.2,0.09,207000000000.0,73286000000.0,14259000000,64304000000.0,171000000000.0,48999000000.0,1616000000,136000000,37037000000,8165000000,-33774000000,-16379000000.0,-1
07-10-2013,17.37714386,17.59464264,17.33392906,17.4196434,15.143116,312292400,17192.019,233.669,7.2,0.09,207000000000.0,73286000000.0,14259000000,64304000000.0,171000000000.0,48999000000.0,1616000000,136000000,37037000000,8165000000,-33774000000,-16379000000.0,1
08-10-2013,17.49785614,17.52285767,17.16214371,17.17642975,14.93169022,290917200,17192.019,233.669,7.2,0.09,207000000000.0,73286000000.0,14259000000,64304000000.0,171000000000.0,48999000000.0,1616000000,136000000,37037000000,8165000000,-33774000000,-16379000000.0,-1
09-10-2013,17.30857086,17.4210701,17.08142853,17.37821388,15.10709763,301725200,17192.019,233.669,7.2,0.09,207000000000.0,73286000000.0,14259000000,64304000000.0,171000000000.0,48999000000.0,1616000000,136000000,37037000000,8165000000,-33774000000,-16379000000.0,1
10-10-2013,17.54714394,17.58499908,17.3942852,17.48714256,15.20179462,278602800,17192.019,233.669,7.2,0.09,207000000000.0,73286000000.0,14259000000,64304000000.0,171000000000.0,48999000000.0,1616000000,136000000,37037000000,8165000000,-33774000000,-16379000000.0,-1
11-10-2013,17.39249992,17.63714218,17.32714272,17.60035706,15.30021191,267738800,17192.019,233.669,7.2,0.09,207000000000.0,73286000000.0,14259000000,64304000000.0,171000000000.0,48999000000.0,1616000000,136000000,37037000000,8165000000,-33774000000,-16379000000.0,1
14-10-2013,17.49392891,17.77071381,17.47678566,17.7157135,15.40049553,261898000,17192.019,233.669,7.2,0.09,207000000000.0,73286000000.0,14259000000,64304000000.0,171000000000.0,48999000000.0,1616000000,136000000,37037000000,8165000000,-33774000000,-16379000000.0,1
15-10-2013,17.76821327,17.9285717,17.69714355,17.80999947,15.48246288,320073600,17192.019,233.669,7.2,0.09,207000000000.0,73286000000.0,14259000000,64304000000.0,171000000000.0,48999000000.0,1616000000,136000000,37037000000,8165000000,-33774000000,-16379000000.0,1
16-10-2013,17.8853569,17.94750023,17.82964325,17.89678574,15.55790997,251101200,17192.019,233.669,7.2,0.09,207000000000.0,73286000000.0,14259000000,64304000000.0,171000000000.0,48999000000.0,1616000000,136000000,37037000000,8165000000,-33774000000,-16379000000.0,1
17-10-2013,17.85642815,18.02785683,17.84571457,18.0178566,15.6631546,253593200,17192.019,233.669,7.2,0.09,207000000000.0,73286000000.0,14259000000,64304000000.0,171000000000.0,48999000000.0,1616000000,136000000,37037000000,8165000000,-33774000000,-16379000000.0,1
18-10-2013,18.07107162,18.18785667,18.0610714,18.17464256,15.79944992,290542000,17192.019,233.669,7.2,0.09,207000000000.0,73286000000.0,14259000000,64304000000.0,171000000000.0,48999000000.0,1616000000,136000000,37037000000,8165000000,-33774000000,-16379000000.0,1
21-10-2013,18.27750015,18.72500038,18.26857185,18.62000084,16.18660164,398106800,17192.019,233.669,7.2,0.09,207000000000.0,73286000000.0,14259000000,64304000000.0,171000000000.0,48999000000.0,1616000000,136000000,37037000000,8165000000,-33774000000,-16379000000.0,1
22-10-2013,18.80035782,18.87321472,18.14392853,18.56678581,16.14034843,534063600,17192.019,233.669,7.2,0.09,207000000000.0,73286000000.0,14259000000,64304000000.0,171000000000.0,48999000000.0,1616000000,136000000,37037000000,8165000000,-33774000000,-16379000000.0,-1
23-10-2013,18.5357132,18.7739296,18.5357132,18.7485714,16.29837418,313723200,17192.019,233.669,7.2,0.09,207000000000.0,73286000000.0,14259000000,64304000000.0,171000000000.0,48999000000.0,1616000000,136000000,37037000000,8165000000,-33774000000,-16379000000.0,1
24-10-2013,18.75,19.01678658,18.65892982,18.99678612,16.5141449,384764800,17192.019,233.669,7.2,0.09,207000000000.0,73286000000.0,14259000000,64304000000.0,171000000000.0,48999000000.0,1616000000,136000000,37037000000,8165000000,-33774000000,-16379000000.0,1
25-10-2013,18.97571373,19.04392815,18.75392914,18.7842865,16.329422,337792000,17192.019,233.669,7.2,0.09,207000000000.0,73286000000.0,14259000000,64304000000.0,171000000000.0,48999000000.0,1616000000,136000000,37037000000,8165000000,-33774000000,-16379000000.0,-1
28-10-2013,18.8942852,18.9642868,18.6860714,18.92428589,16.45112801,550440800,17192.019,233.669,7.2,0.09,207000000000.0,73286000000.0,14259000000,64304000000.0,171000000000.0,48999000000.0,1616000000,136000000,37037000000,8165000000,-33774000000,-16379000000.0,1
29-10-2013,19.15250015,19.2589283,18.3764286,18.45285606,16.04130745,635807200,17192.019,233.669,7.2,0.09,207000000000.0,73286000000.0,14259000000,64304000000.0,171000000000.0,48999000000.0,1616000000,136000000,37037000000,8165000000,-33774000000,-16379000000.0,-1
30-10-2013,18.55750084,18.84000015,18.46500015,18.74642944,16.29651642,354163600,17192.019,233.669,7.2,0.09,207000000000.0,73286000000.0,14259000000,64304000000.0,171000000000.0,48999000000.0,1616000000,136000000,37037000000,8165000000,-33774000000,-16379000000.0,1
31-10-2013,18.75,18.83892822,18.61678505,18.66785622,16.22820663,275696400,17192.019,233.669,7.2,0.09,207000000000.0,73286000000.0,14259000000,64304000000.0,171000000000.0,48999000000.0,1616000000,136000000,37037000000,8165000000,-33774000000,-16379000000.0,-1
01-11-2013,18.71500015,18.74285698,18.42285728,18.57250023,16.14530754,274890000,17192.019,233.669,7.2,0.09,207000000000.0,73286000000.0,14259000000,64304000000.0,171000000000.0,48999000000.0,1616000000,136000000,37037000000,8165000000,-33774000000,-16379000000.0,-1
04-11-2013,18.61071396,18.81500053,18.52892876,18.8125,16.35394287,244627600,17192.019,233.669,7.2,0.09,207000000000.0,73286000000.0,14259000000,64304000000.0,171000000000.0,48999000000.0,1616000000,136000000,37037000000,8165000000,-33774000000,-16379000000.0,1
05-11-2013,18.73500061,18.88892937,18.6785717,18.76607132,16.31358337,265213200,17192.019,233.669,7.2,0.09,207000000000.0,73286000000.0,14259000000,64304000000.0,171000000000.0,48999000000.0,1616000000,136000000,37037000000,8165000000,-33774000000,-16379000000.0,1
06-11-2013,18.71964264,18.74500084,18.50714302,18.60428619,16.26737022,223375600,17192.019,233.669,7.2,0.09,207000000000.0,73286000000.0,14259000000,64304000000.0,171000000000.0,48999000000.0,1616000000,136000000,37037000000,8165000000,-33774000000,-16379000000.0,-1
07-11-2013,18.55642891,18.68535614,18.29928589,18.30321312,16.00411797,262620400,17192.019,233.669,7.2,0.09,207000000000.0,73286000000.0,14259000000,64304000000.0,171000000000.0,48999000000.0,1616000000,136000000,37037000000,8165000000,-33774000000,-16379000000.0,-1
08-11-2013,18.37785721,18.61178589,18.30678558,18.59142876,16.25613022,279316800,17192.019,233.669,7.2,0.09,207000000000.0,73286000000.0,14259000000,64304000000.0,171000000000.0,48999000000.0,1616000000,136000000,37037000000,8165000000,-33774000000,-16379000000.0,1
11-11-2013,18.57107162,18.63107109,18.37178612,18.53750038,16.20896721,227452400,17192.019,233.669,7.2,0.09,207000000000.0,73286000000.0,14259000000,64304000000.0,171000000000.0,48999000000.0,1616000000,136000000,37037000000,8165000000,-33774000000,-16379000000.0,-1
12-11-2013,18.48821449,18.7114296,18.4642868,18.57178688,16.23895836,204276800,17192.019,233.669,7.2,0.09,207000000000.0,73286000000.0,14259000000,64304000000.0,171000000000.0,48999000000.0,1616000000,136000000,37037000000,8165000000,-33774000000,-16379000000.0,1
13-11-2013,18.5,18.6517868,18.46285629,18.59392929,16.25831413,197220800,17192.019,233.669,7.2,0.09,207000000000.0,73286000000.0,14259000000,64304000000.0,171000000000.0,48999000000.0,1616000000,136000000,37037000000,8165000000,-33774000000,-16379000000.0,1
14-11-2013,18.67178535,18.90285683,18.63821411,18.86285782,16.49346352,282419200,17192.019,233.669,7.2,0.09,207000000000.0,73286000000.0,14259000000,64304000000.0,171000000000.0,48999000000.0,1616000000,136000000,37037000000,8165000000,-33774000000,-16379000000.0,1
15-11-2013,18.80642891,18.89607048,18.73178673,18.74964333,16.39447212,317920400,17192.019,233.669,7.2,0.09,207000000000.0,73286000000.0,14259000000,64304000000.0,171000000000.0,48999000000.0,1616000000,136000000,37037000000,8165000000,-33774000000,-16379000000.0,-1
18-11-2013,18.74964333,18.82821465,18.50714302,18.52249908,16.19585419,244944000,17192.019,233.669,7.2,0.09,207000000000.0,73286000000.0,14259000000,64304000000.0,171000000000.0,48999000000.0,1616000000,136000000,37037000000,8165000000,-33774000000,-16379000000.0,-1
19-11-2013,18.53678513,18.69214249,18.49892807,18.55535698,16.22458458,208938800,17192.019,233.669,7.2,0.09,207000000000.0,73286000000.0,14259000000,64304000000.0,171000000000.0,48999000000.0,1616000000,136000000,37037000000,8165000000,-33774000000,-16379000000.0,1
20-11-2013,18.54392815,18.5864296,18.36892891,18.3928566,16.08250618,193916800,17192.019,233.669,7.2,0.09,207000000000.0,73286000000.0,14259000000,64304000000.0,171000000000.0,48999000000.0,1616000000,136000000,37037000000,8165000000,-33774000000,-16379000000.0,-1
21-11-2013,18.48571396,18.6146431,18.34535789,18.61214256,16.2742424,262026800,17192.019,233.669,7.2,0.09,207000000000.0,73286000000.0,14259000000,64304000000.0,171000000000.0,48999000000.0,1616000000,136000000,37037000000,8165000000,-33774000000,-16379000000.0,1
22-11-2013,18.55428505,18.64857101,18.51892853,18.56428528,16.23239708,223725600,17192.019,233.669,7.2,0.09,207000000000.0,73286000000.0,14259000000,64304000000.0,171000000000.0,48999000000.0,1616000000,136000000,37037000000,8165000000,-33774000000,-16379000000.0,1
25-11-2013,18.60785675,18.78107071,18.6071434,18.70499992,16.35543633,229311600,17192.019,233.669,7.2,0.09,207000000000.0,73286000000.0,14259000000,64304000000.0,171000000000.0,48999000000.0,1616000000,136000000,37037000000,8165000000,-33774000000,-16379000000.0,1
26-11-2013,18.71857071,19.14785767,18.7142868,19.04999924,16.65709114,401382800,17192.019,233.669,7.2,0.09,207000000000.0,73286000000.0,14259000000,64304000000.0,171000000000.0,48999000000.0,1616000000,136000000,37037000000,8165000000,-33774000000,-16379000000.0,1
27-11-2013,19.15392876,19.5,19.04999924,19.4985714,17.04932976,363448400,17192.019,233.669,7.2,0.09,207000000000.0,73286000000.0,14259000000,64304000000.0,171000000000.0,48999000000.0,1616000000,136000000,37037000000,8165000000,-33774000000,-16379000000.0,1
29-11-2013,19.62428665,19.94035721,19.56464386,19.85964394,17.36504555,318127600,17192.019,233.669,7.2,0.09,207000000000.0,73286000000.0,14259000000,64304000000.0,171000000000.0,48999000000.0,1616000000,136000000,37037000000,8165000000,-33774000000,-16379000000.0,1
02-12-2013,19.9285717,20.15464211,19.67214394,19.68678665,17.21389771,472544800,17192.019,233.669,7.2,0.09,207000000000.0,73286000000.0,14259000000,64304000000.0,171000000000.0,48999000000.0,1616000000,136000000,37037000000,8165000000,-33774000000,-16379000000.0,-1
03-12-2013,19.93928528,20.22785759,19.91714287,20.22571373,17.68512726,450968000,17192.019,233.669,7.2,0.09,207000000000.0,73286000000.0,14259000000,64304000000.0,171000000000.0,48999000000.0,1616000000,136000000,37037000000,8165000000,-33774000000,-16379000000.0,1
04-12-2013,20.1964283,20.32821465,20.02928543,20.1785717,17.64390755,377809600,17192.019,233.669,7.2,0.09,207000000000.0,73286000000.0,14259000000,64304000000.0,171000000000.0,48999000000.0,1616000000,136000000,37037000000,8165000000,-33774000000,-16379000000.0,-1
05-12-2013,20.45178604,20.54071426,20.22892952,20.28214264,17.73447227,447580000,17192.019,233.669,7.2,0.09,207000000000.0,73286000000.0,14259000000,64304000000.0,171000000000.0,48999000000.0,1616000000,136000000,37037000000,8165000000,-33774000000,-16379000000.0,-1
06-12-2013,20.2067852,20.2410717,19.98464394,20.00071335,17.48838997,344352400,17192.019,233.669,7.2,0.09,207000000000.0,73286000000.0,14259000000,64304000000.0,171000000000.0,48999000000.0,1616000000,136000000,37037000000,8165000000,-33774000000,-16379000000.0,-1
09-12-2013,20.03214264,20.34214211,20.03214264,20.22964287,17.6885643,320493600,17192.019,233.669,7.2,0.09,207000000000.0,73286000000.0,14259000000,64304000000.0,171000000000.0,48999000000.0,1616000000,136000000,37037000000,8165000000,-33774000000,-16379000000.0,1
10-12-2013,20.12785721,20.28142929,20.04285622,20.19821358,17.66108131,278269600,17192.019,233.669,7.2,0.09,207000000000.0,73286000000.0,14259000000,64304000000.0,171000000000.0,48999000000.0,1616000000,136000000,37037000000,8165000000,-33774000000,-16379000000.0,1
11-12-2013,20.25,20.39178658,19.98892975,20.04857063,17.53023529,359718800,17192.019,233.669,7.2,0.09,207000000000.0,73286000000.0,14259000000,64304000000.0,171000000000.0,48999000000.0,1616000000,136000000,37037000000,8165000000,-33774000000,-16379000000.0,-1
12-12-2013,20.07642937,20.19071388,20.00107193,20.0192852,17.50462914,262290000,17192.019,233.669,7.2,0.09,207000000000.0,73286000000.0,14259000000,64304000000.0,171000000000.0,48999000000.0,1616000000,136000000,37037000000,8165000000,-33774000000,-16379000000.0,-1
13-12-2013,20.10178566,20.10285759,19.7739296,19.80107117,17.31382561,332822000,17192.019,233.669,7.2,0.09,207000000000.0,73286000000.0,14259000000,64304000000.0,171000000000.0,48999000000.0,1616000000,136000000,37037000000,8165000000,-33774000000,-16379000000.0,-1
16-12-2013,19.82214355,20.09428596,19.82178688,19.9107132,17.40970039,282592800,17192.019,233.669,7.2,0.09,207000000000.0,73286000000.0,14259000000,64304000000.0,171000000000.0,48999000000.0,1616000000,136000000,37037000000,8165000000,-33774000000,-16379000000.0,1
17-12-2013,19.85035706,19.97999954,19.76357079,19.82107162,17.33131409,229902400,17192.019,233.669,7.2,0.09,207000000000.0,73286000000.0,14259000000,64304000000.0,171000000000.0,48999000000.0,1616000000,136000000,37037000000,8165000000,-33774000000,-16379000000.0,-1
18-12-2013,19.63214302,19.69464302,19.24285698,19.67035675,17.19953156,565863200,17192.019,233.669,7.2,0.09,207000000000.0,73286000000.0,14259000000,64304000000.0,171000000000.0,48999000000.0,1616000000,136000000,37037000000,8165000000,-33774000000,-16379000000.0,1
19-12-2013,19.625,19.6428566,19.41892815,19.44499969,17.00248337,320308800,17192.019,233.669,7.2,0.09,207000000000.0,73286000000.0,14259000000,64304000000.0,171000000000.0,48999000000.0,1616000000,136000000,37037000000,8165000000,-33774000000,-16379000000.0,-1
20-12-2013,19.47964287,19.70035744,19.45785713,19.60785675,17.14487839,436413600,17192.019,233.669,7.2,0.09,207000000000.0,73286000000.0,14259000000,64304000000.0,171000000000.0,48999000000.0,1616000000,136000000,37037000000,8165000000,-33774000000,-16379000000.0,1
23-12-2013,20.2857132,20.38285637,20.09857178,20.36035728,17.80285454,501306400,17192.019,233.669,7.2,0.09,207000000000.0,73286000000.0,14259000000,64304000000.0,171000000000.0,48999000000.0,1616000000,136000000,37037000000,8165000000,-33774000000,-16379000000.0,1
24-12-2013,20.35321426,20.42428589,20.21535683,20.2739296,17.72728729,167554800,17192.019,233.669,7.2,0.09,207000000000.0,73286000000.0,14259000000,64304000000.0,171000000000.0,48999000000.0,1616000000,136000000,37037000000,8165000000,-33774000000,-16379000000.0,-1
26-12-2013,20.28928566,20.3392868,20.12071419,20.13928604,17.60956192,204008000,17192.019,233.669,7.2,0.09,207000000000.0,73286000000.0,14259000000,64304000000.0,171000000000.0,48999000000.0,1616000000,136000000,37037000000,8165000000,-33774000000,-16379000000.0,-1
27-12-2013,20.13642883,20.15749931,19.9821434,20.00321388,17.49057961,225884400,17192.019,233.669,7.2,0.09,207000000000.0,73286000000.0,14259000000,64304000000.0,171000000000.0,48999000000.0,1616000000,136000000,37037000000,8165000000,-33774000000,-16379000000.0,-1
30-12-2013,19.9092865,20.00321388,19.72571373,19.80428505,17.31663895,253629600,17192.019,233.669,7.2,0.09,207000000000.0,73286000000.0,14259000000,64304000000.0,171000000000.0,48999000000.0,1616000000,136000000,37037000000,8165000000,-33774000000,-16379000000.0,-1
31-12-2013,19.79178619,20.04571342,19.7857132,20.03642845,17.51961899,223084400,17192.019,233.669,7.2,0.09,207000000000.0,73286000000.0,14259000000,64304000000.0,171000000000.0,48999000000.0,1616000000,136000000,37037000000,8165000000,-33774000000,-16379000000.0,1
02-01-2014,19.84571457,19.89392853,19.71500015,19.75464249,17.27323532,234684800,17197.738,235.288,6.6,0.07,207000000000.0,73286000000.0,14259000000,64304000000.0,171000000000.0,48999000000.0,1616000000,136000000,37037000000,8165000000,-33774000000,-16379000000.0,-1
03-01-2014,19.74500084,19.77499962,19.30107117,19.32071495,16.89381027,392467600,17197.738,235.288,6.6,0.07,207000000000.0,73286000000.0,14259000000,64304000000.0,171000000000.0,48999000000.0,1616000000,136000000,37037000000,8165000000,-33774000000,-16379000000.0,-1
06-01-2014,19.19464302,19.52857018,19.05714226,19.42607117,16.98592949,412610800,17197.738,235.288,6.6,0.07,207000000000.0,73286000000.0,14259000000,64304000000.0,171000000000.0,48999000000.0,1616000000,136000000,37037000000,8165000000,-33774000000,-16379000000.0,1
07-01-2014,19.44000053,19.4985714,19.2114296,19.28714371,16.86445808,317209200,17197.738,235.288,6.6,0.07,207000000000.0,73286000000.0,14259000000,64304000000.0,171000000000.0,48999000000.0,1616000000,136000000,37037000000,8165000000,-33774000000,-16379000000.0,-1
08-01-2014,19.24321365,19.48428535,19.23892975,19.4092865,16.97125435,258529600,17197.738,235.288,6.6,0.07,207000000000.0,73286000000.0,14259000000,64304000000.0,171000000000.0,48999000000.0,1616000000,136000000,37037000000,8165000000,-33774000000,-16379000000.0,1
09-01-2014,19.52857018,19.53071404,19.11964226,19.16142845,16.75452995,279148800,17197.738,235.288,6.6,0.07,207000000000.0,73286000000.0,14259000000,64304000000.0,171000000000.0,48999000000.0,1616000000,136000000,37037000000,8165000000,-33774000000,-16379000000.0,-1
10-01-2014,19.27964211,19.31428528,18.96821404,19.03357124,16.64273453,304976000,17197.738,235.288,6.6,0.07,207000000000.0,73286000000.0,14259000000,64304000000.0,171000000000.0,48999000000.0,1616000000,136000000,37037000000,8165000000,-33774000000,-16379000000.0,-1
13-01-2014,18.92535782,19.375,18.92428589,19.13321495,16.72985649,378492800,17197.738,235.288,6.6,0.07,207000000000.0,73286000000.0,14259000000,64304000000.0,171000000000.0,48999000000.0,1616000000,136000000,37037000000,8165000000,-33774000000,-16379000000.0,1
14-01-2014,19.22214317,19.52607155,19.20214272,19.51392937,17.06275558,332561600,17197.738,235.288,6.6,0.07,207000000000.0,73286000000.0,14259000000,64304000000.0,171000000000.0,48999000000.0,1616000000,136000000,37037000000,8165000000,-33774000000,-16379000000.0,1
15-01-2014,19.76857185,20.00714302,19.70214272,19.90571404,17.40533066,391638800,17197.738,235.288,6.6,0.07,207000000000.0,73286000000.0,14259000000,64304000000.0,171000000000.0,48999000000.0,1616000000,136000000,37037000000,8165000000,-33774000000,-16379000000.0,1
16-01-2014,19.81785774,19.88750076,19.70285606,19.7946434,17.30821037,229278000,17197.738,235.288,6.6,0.07,207000000000.0,73286000000.0,14259000000,64304000000.0,171000000000.0,48999000000.0,1616000000,136000000,37037000000,8165000000,-33774000000,-16379000000.0,-1
17-01-2014,19.69571495,19.71678543,19.28214264,19.30964279,16.88412666,426739600,17197.738,235.288,6.6,0.07,207000000000.0,73286000000.0,14259000000,64304000000.0,171000000000.0,48999000000.0,1616000000,136000000,37037000000,8165000000,-33774000000,-16379000000.0,-1
21-01-2014,19.32107162,19.64535713,19.30071449,19.60964394,17.14644241,328526800,17197.738,235.288,6.6,0.07,207000000000.0,73286000000.0,14259000000,64304000000.0,171000000000.0,48999000000.0,1616000000,136000000,37037000000,8165000000,-33774000000,-16379000000.0,1
22-01-2014,19.67535782,19.9032135,19.56464386,19.69678688,17.22264481,379985200,17197.738,235.288,6.6,0.07,207000000000.0,73286000000.0,14259000000,64304000000.0,171000000000.0,48999000000.0,1616000000,136000000,37037000000,8165000000,-33774000000,-16379000000.0,1
23-01-2014,19.64071465,19.875,19.45750046,19.86357117,17.36847115,403239200,17197.738,235.288,6.6,0.07,207000000000.0,73286000000.0,14259000000,64304000000.0,171000000000.0,48999000000.0,1616000000,136000000,37037000000,8165000000,-33774000000,-16379000000.0,1
24-01-2014,19.7857132,19.84357071,19.4553566,19.50250053,17.05275726,429354800,17197.738,235.288,6.6,0.07,207000000000.0,73286000000.0,14259000000,64304000000.0,171000000000.0,48999000000.0,1616000000,136000000,37037000000,8165000000,-33774000000,-16379000000.0,-1
27-01-2014,19.64535713,19.81428528,19.4910717,19.6607132,17.19110298,554878800,17197.738,235.288,6.6,0.07,207000000000.0,73286000000.0,14259000000,64304000000.0,171000000000.0,48999000000.0,1616000000,136000000,37037000000,8165000000,-33774000000,-16379000000.0,1
28-01-2014,18.17000008,18.3928566,17.93107033,18.0892868,15.81706524,1065523200,17197.738,235.288,6.6,0.07,207000000000.0,73286000000.0,14259000000,64304000000.0,171000000000.0,48999000000.0,1616000000,136000000,37037000000,8165000000,-33774000000,-16379000000.0,-1
29-01-2014,17.99821472,18.12035751,17.80785751,17.8839283,15.63749695,502810000,17197.738,235.288,6.6,0.07,207000000000.0,73286000000.0,14259000000,64304000000.0,171000000000.0,48999000000.0,1616000000,136000000,37037000000,8165000000,-33774000000,-16379000000.0,-1
30-01-2014,17.9478569,18.0892868,17.73928642,17.84928513,15.60720825,678501600,17197.738,235.288,6.6,0.07,207000000000.0,73286000000.0,14259000000,64304000000.0,171000000000.0,48999000000.0,1616000000,136000000,37037000000,8165000000,-33774000000,-16379000000.0,-1
31-01-2014,17.68499947,17.91178513,17.62678528,17.87857056,15.63281059,464797200,17197.738,235.288,6.6,0.07,207000000000.0,73286000000.0,14259000000,64304000000.0,171000000000.0,48999000000.0,1616000000,136000000,37037000000,8165000000,-33774000000,-16379000000.0,1
03-02-2014,17.95035744,18.13321495,17.83214378,17.91178513,15.66185284,401464000,17197.738,235.288,6.6,0.07,207000000000.0,73286000000.0,14259000000,64304000000.0,171000000000.0,48999000000.0,1616000000,136000000,37037000000,8165000000,-33774000000,-16379000000.0,-1
04-02-2014,18.06607056,18.19499969,17.95571327,18.1710701,15.88857555,376681200,17197.738,235.288,6.6,0.07,207000000000.0,73286000000.0,14259000000,64304000000.0,171000000000.0,48999000000.0,1616000000,136000000,37037000000,8165000000,-33774000000,-16379000000.0,1
05-02-2014,18.09142876,18.40285683,18.0803566,18.30678558,16.00723839,328344800,17197.738,235.288,6.6,0.07,207000000000.0,73286000000.0,14259000000,64304000000.0,171000000000.0,48999000000.0,1616000000,136000000,37037000000,8165000000,-33774000000,-16379000000.0,1
06-02-2014,18.21642876,18.3392868,18.13607025,18.30392838,16.10054207,257765200,17197.738,235.288,6.6,0.07,207000000000.0,73286000000.0,14259000000,64304000000.0,171000000000.0,48999000000.0,1616000000,136000000,37037000000,8165000000,-33774000000,-16379000000.0,1
07-02-2014,18.62071419,18.67607117,18.47785759,18.55999947,16.32578278,370280400,17197.738,235.288,6.6,0.07,207000000000.0,73286000000.0,14259000000,64304000000.0,171000000000.0,48999000000.0,1616000000,136000000,37037000000,8165000000,-33774000000,-16379000000.0,-1
10-02-2014,18.52357101,18.99964333,18.5,18.89249992,16.61826134,345559200,17197.738,235.288,6.6,0.07,207000000000.0,73286000000.0,14259000000,64304000000.0,171000000000.0,48999000000.0,1616000000,136000000,37037000000,8165000000,-33774000000,-16379000000.0,1
11-02-2014,18.95035744,19.2053566,18.9107132,19.1414299,16.83722687,282256800,17197.738,235.288,6.6,0.07,207000000000.0,73286000000.0,14259000000,64304000000.0,171000000000.0,48999000000.0,1616000000,136000000,37037000000,8165000000,-33774000000,-16379000000.0,1
12-02-2014,19.17678642,19.27000046,19.04428673,19.13999939,16.83596802,308100800,17197.738,235.288,6.6,0.07,207000000000.0,73286000000.0,14259000000,64304000000.0,171000000000.0,48999000000.0,1616000000,136000000,37037000000,8165000000,-33774000000,-16379000000.0,-1
13-02-2014,19.09499931,19.45892906,19.07857132,19.44392967,17.10331154,307398000,17197.738,235.288,6.6,0.07,207000000000.0,73286000000.0,14259000000,64304000000.0,171000000000.0,48999000000.0,1616000000,136000000,37037000000,8165000000,-33774000000,-16379000000.0,1
14-02-2014,19.37392807,19.49928665,19.3289299,19.42821312,17.08949089,272924400,17197.738,235.288,6.6,0.07,207000000000.0,73286000000.0,14259000000,64304000000.0,171000000000.0,48999000000.0,1616000000,136000000,37037000000,8165000000,-33774000000,-16379000000.0,1
18-02-2014,19.5,19.68535614,19.48607063,19.49964333,17.15232849,260251600,17197.738,235.288,6.6,0.07,207000000000.0,73286000000.0,14259000000,64304000000.0,171000000000.0,48999000000.0,1616000000,136000000,37037000000,8165000000,-33774000000,-16379000000.0,-1
19-02-2014,19.4553566,19.53178596,19.08392906,19.19178581,16.88151932,313768000,17197.738,235.288,6.6,0.07,207000000000.0,73286000000.0,14259000000,64304000000.0,171000000000.0,48999000000.0,1616000000,136000000,37037000000,8165000000,-33774000000,-16379000000.0,-1
20-02-2014,19.03535652,19.1785717,18.8928566,18.96964264,16.68612099,305858000,17197.738,235.288,6.6,0.07,207000000000.0,73286000000.0,14259000000,64304000000.0,171000000000.0,48999000000.0,1616000000,136000000,37037000000,8165000000,-33774000000,-16379000000.0,-1
21-02-2014,19.0282135,19.09178543,18.73571396,18.7589283,16.50076866,278784800,17197.738,235.288,6.6,0.07,207000000000.0,73286000000.0,14259000000,64304000000.0,171000000000.0,48999000000.0,1616000000,136000000,37037000000,8165000000,-33774000000,-16379000000.0,-1
24-02-2014,18.68392944,18.92571449,18.65785789,18.84107018,16.57302094,288909600,17197.738,235.288,6.6,0.07,207000000000.0,73286000000.0,14259000000,64304000000.0,171000000000.0,48999000000.0,1616000000,136000000,37037000000,8165000000,-33774000000,-16379000000.0,1
25-02-2014,18.90642929,18.91321373,18.6071434,18.64500046,16.40055847,231952000,17197.738,235.288,6.6,0.07,207000000000.0,73286000000.0,14259000000,64304000000.0,171000000000.0,48999000000.0,1616000000,136000000,37037000000,8165000000,-33774000000,-16379000000.0,-1
26-02-2014,18.70035744,18.75,18.41428566,18.47678566,16.25258827,276217200,17197.738,235.288,6.6,0.07,207000000000.0,73286000000.0,14259000000,64304000000.0,171000000000.0,48999000000.0,1616000000,136000000,37037000000,8165000000,-33774000000,-16379000000.0,-1
27-02-2014,18.46928596,18.88500023,18.43035698,18.84535789,16.57680321,301882000,17197.738,235.288,6.6,0.07,207000000000.0,73286000000.0,14259000000,64304000000.0,171000000000.0,48999000000.0,1616000000,136000000,37037000000,8165000000,-33774000000,-16379000000.0,1
28-02-2014,18.89571381,19.0267868,18.64714241,18.79428673,16.53187943,371968800,17197.738,235.288,6.6,0.07,207000000000.0,73286000000.0,14259000000,64304000000.0,171000000000.0,48999000000.0,1616000000,136000000,37037000000,8165000000,-33774000000,-16379000000.0,-1
03-03-2014,18.69357109,18.95178604,18.67178535,18.84857178,16.57962036,238781200,17197.738,235.288,6.6,0.07,207000000000.0,73286000000.0,14259000000,64304000000.0,171000000000.0,48999000000.0,1616000000,136000000,37037000000,8165000000,-33774000000,-16379000000.0,1
04-03-2014,18.9642868,19.02285767,18.84892845,18.97285652,16.68894386,259140000,17197.738,235.288,6.6,0.07,207000000000.0,73286000000.0,14259000000,64304000000.0,171000000000.0,48999000000.0,1616000000,136000000,37037000000,8165000000,-33774000000,-16379000000.0,1
05-03-2014,18.9614296,19.0982132,18.89749908,19.01285744,16.72413254,200062800,17197.738,235.288,6.6,0.07,207000000000.0,73286000000.0,14259000000,64304000000.0,171000000000.0,48999000000.0,1616000000,136000000,37037000000,8165000000,-33774000000,-16379000000.0,1
06-03-2014,19.0282135,19.08714294,18.86071396,18.9553566,16.67354965,185488800,17197.738,235.288,6.6,0.07,207000000000.0,73286000000.0,14259000000,64304000000.0,171000000000.0,48999000000.0,1616000000,136000000,37037000000,8165000000,-33774000000,-16379000000.0,-1
07-03-2014,18.96750069,18.99928665,18.78750038,18.94428635,16.66381073,220729600,17197.738,235.288,6.6,0.07,207000000000.0,73286000000.0,14259000000,64304000000.0,171000000000.0,48999000000.0,1616000000,136000000,37037000000,8165000000,-33774000000,-16379000000.0,-1
10-03-2014,18.87000084,19.04750061,18.86928558,18.9614296,16.67889595,178584000,17197.738,235.288,6.6,0.07,207000000000.0,73286000000.0,14259000000,64304000000.0,171000000000.0,48999000000.0,1616000000,136000000,37037000000,8165000000,-33774000000,-16379000000.0,1
11-03-2014,19.12321472,19.24071312,19.02107048,19.14607048,16.84131241,279224400,17197.738,235.288,6.6,0.07,207000000000.0,73286000000.0,14259000000,64304000000.0,171000000000.0,48999000000.0,1616000000,136000000,37037000000,8165000000,-33774000000,-16379000000.0,1
12-03-2014,19.08964348,19.19107056,19.0,19.16464233,16.85764694,199326400,17197.738,235.288,6.6,0.07,207000000000.0,73286000000.0,14259000000,64304000000.0,171000000000.0,48999000000.0,1616000000,136000000,37037000000,8165000000,-33774000000,-16379000000.0,1
13-03-2014,19.19428635,19.27357101,18.89857101,18.95178604,16.67040825,257742800,17197.738,235.288,6.6,0.07,207000000000.0,73286000000.0,14259000000,64304000000.0,171000000000.0,48999000000.0,1616000000,136000000,37037000000,8165000000,-33774000000,-16379000000.0,-1
14-03-2014,18.8853569,18.96035767,18.6785717,18.73892975,16.48317719,237199200,17197.738,235.288,6.6,0.07,207000000000.0,73286000000.0,14259000000,64304000000.0,171000000000.0,48999000000.0,1616000000,136000000,37037000000,8165000000,-33774000000,-16379000000.0,-1
17-03-2014,18.84642982,18.92749977,18.78035736,18.81214333,16.54758072,199544800,17197.738,235.288,6.6,0.07,207000000000.0,73286000000.0,14259000000,64304000000.0,171000000000.0,48999000000.0,1616000000,136000000,37037000000,8165000000,-33774000000,-16379000000.0,-1
18-03-2014,18.78214264,18.99892807,18.75714302,18.97857094,16.69397545,209647200,17197.738,235.288,6.6,0.07,207000000000.0,73286000000.0,14259000000,64304000000.0,171000000000.0,48999000000.0,1616000000,136000000,37037000000,8165000000,-33774000000,-16379000000.0,1
19-03-2014,19.00928688,19.15142822,18.8928566,18.97357178,16.68958092,224756000,17197.738,235.288,6.6,0.07,207000000000.0,73286000000.0,14259000000,64304000000.0,171000000000.0,48999000000.0,1616000000,136000000,37037000000,8165000000,-33774000000,-16379000000.0,-1
20-03-2014,18.92464256,19.0239296,18.83392906,18.88214302,16.60915375,208398400,17197.738,235.288,6.6,0.07,207000000000.0,73286000000.0,14259000000,64304000000.0,171000000000.0,48999000000.0,1616000000,136000000,37037000000,8165000000,-33774000000,-16379000000.0,-1
21-03-2014,18.99749947,19.0625,18.79750061,19.03107071,16.74015808,374046400,17197.738,235.288,6.6,0.07,207000000000.0,73286000000.0,14259000000,64304000000.0,171000000000.0,48999000000.0,1616000000,136000000,37037000000,8165000000,-33774000000,-16379000000.0,1
24-03-2014,19.22928619,19.3035717,19.10928535,19.25678635,16.93869781,355700800,17197.738,235.288,6.6,0.07,207000000000.0,73286000000.0,14259000000,64304000000.0,171000000000.0,48999000000.0,1616000000,136000000,37037000000,8165000000,-33774000000,-16379000000.0,1
25-03-2014,19.3392868,19.4910717,19.27107048,19.46392822,17.12091064,282293200,17197.738,235.288,6.6,0.07,207000000000.0,73286000000.0,14259000000,64304000000.0,171000000000.0,48999000000.0,1616000000,136000000,37037000000,8165000000,-33774000000,-16379000000.0,1
26-03-2014,19.51857185,19.6071434,19.24500084,19.27785683,16.95723724,299768000,17197.738,235.288,6.6,0.07,207000000000.0,73286000000.0,14259000000,64304000000.0,171000000000.0,48999000000.0,1616000000,136000000,37037000000,8165000000,-33774000000,-16379000000.0,-1
27-03-2014,19.28642845,19.3392868,19.11142921,19.19499969,16.88435364,222031600,17197.738,235.288,6.6,0.07,207000000000.0,73286000000.0,14259000000,64304000000.0,171000000000.0,48999000000.0,1616000000,136000000,37037000000,8165000000,-33774000000,-16379000000.0,-1
28-03-2014,19.22571373,19.24785614,19.0803566,19.17357063,16.86550331,200564000,17197.738,235.288,6.6,0.07,207000000000.0,73286000000.0,14259000000,64304000000.0,171000000000.0,48999000000.0,1616000000,136000000,37037000000,8165000000,-33774000000,-16379000000.0,-1
31-03-2014,19.25821495,19.31464386,19.14035606,19.16928673,16.86173248,168669200,17197.738,235.288,6.6,0.07,207000000000.0,73286000000.0,14259000000,64304000000.0,171000000000.0,48999000000.0,1616000000,136000000,37037000000,8165000000,-33774000000,-16379000000.0,-1
01-04-2014,19.20571327,19.35250092,19.17035675,19.34464264,17.01597977,200760000,17518.508,236.468,6.2,0.09,207000000000.0,73286000000.0,14259000000,64304000000.0,171000000000.0,48999000000.0,1616000000,136000000,37037000000,8165000000,-33774000000,-16379000000.0,1
02-04-2014,19.37071419,19.40999985,19.29500008,19.37678528,17.04425812,180420800,17518.508,236.468,6.2,0.09,207000000000.0,73286000000.0,14259000000,64304000000.0,171000000000.0,48999000000.0,1616000000,136000000,37037000000,8165000000,-33774000000,-16379000000.0,1
03-04-2014,19.33535767,19.375,19.20142937,19.24250031,16.92612839,162344000,17518.508,236.468,6.2,0.09,207000000000.0,73286000000.0,14259000000,64304000000.0,171000000000.0,48999000000.0,1616000000,136000000,37037000000,8165000000,-33774000000,-16379000000.0,-1
04-04-2014,19.27892876,19.2857132,18.94928551,18.99357033,16.70716667,275251200,17518.508,236.468,6.2,0.09,207000000000.0,73286000000.0,14259000000,64304000000.0,171000000000.0,48999000000.0,1616000000,136000000,37037000000,8165000000,-33774000000,-16379000000.0,-1
07-04-2014,18.85785675,18.96071434,18.63892937,18.69535637,16.44485474,289850400,17518.508,236.468,6.2,0.09,207000000000.0,73286000000.0,14259000000,64304000000.0,171000000000.0,48999000000.0,1616000000,136000000,37037000000,8165000000,-33774000000,-16379000000.0,-1
08-04-2014,18.75678635,18.79000092,18.52499962,18.69428635,16.44391251,243888400,17518.508,236.468,6.2,0.09,207000000000.0,73286000000.0,14259000000,64304000000.0,171000000000.0,48999000000.0,1616000000,136000000,37037000000,8165000000,-33774000000,-16379000000.0,-1
09-04-2014,18.66571426,18.94607162,18.64357185,18.94000053,16.66004562,206169600,17518.508,236.468,6.2,0.09,207000000000.0,73286000000.0,14259000000,64304000000.0,171000000000.0,48999000000.0,1616000000,136000000,37037000000,8165000000,-33774000000,-16379000000.0,1
10-04-2014,18.95285606,19.00857162,18.68464279,18.69571495,16.44516754,239652000,17518.508,236.468,6.2,0.09,207000000000.0,73286000000.0,14259000000,64304000000.0,171000000000.0,48999000000.0,1616000000,136000000,37037000000,8165000000,-33774000000,-16379000000.0,-1
11-04-2014,18.5357132,18.67250061,18.46928596,18.55750084,16.32359314,271717600,17518.508,236.468,6.2,0.09,207000000000.0,73286000000.0,14259000000,64304000000.0,171000000000.0,48999000000.0,1616000000,136000000,37037000000,8165000000,-33774000000,-16379000000.0,1
14-04-2014,18.63928604,18.64857101,18.4717865,18.63142967,16.38862228,205674000,17518.508,236.468,6.2,0.09,207000000000.0,73286000000.0,14259000000,64304000000.0,171000000000.0,48999000000.0,1616000000,136000000,37037000000,8165000000,-33774000000,-16379000000.0,-1
15-04-2014,18.58107185,18.62999916,18.26178551,18.4985714,16.27175331,266490000,17518.508,236.468,6.2,0.09,207000000000.0,73286000000.0,14259000000,64304000000.0,171000000000.0,48999000000.0,1616000000,136000000,37037000000,8165000000,-33774000000,-16379000000.0,-1
16-04-2014,18.50178528,18.61035728,18.36214256,18.53607178,16.30474091,214765600,17518.508,236.468,6.2,0.09,207000000000.0,73286000000.0,14259000000,64304000000.0,171000000000.0,48999000000.0,1616000000,136000000,37037000000,8165000000,-33774000000,-16379000000.0,1
17-04-2014,18.5714283,18.84857178,18.54285622,18.74785614,16.49103355,284334400,17518.508,236.468,6.2,0.09,207000000000.0,73286000000.0,14259000000,64304000000.0,171000000000.0,48999000000.0,1616000000,136000000,37037000000,8165000000,-33774000000,-16379000000.0,1
21-04-2014,18.76214218,19.00499916,18.71285629,18.97035789,16.68675232,182548800,17518.508,236.468,6.2,0.09,207000000000.0,73286000000.0,14259000000,64304000000.0,171000000000.0,48999000000.0,1616000000,136000000,37037000000,8165000000,-33774000000,-16379000000.0,1
22-04-2014,18.86821365,18.99392891,18.8035717,18.98928642,16.70340538,202563200,17518.508,236.468,6.2,0.09,207000000000.0,73286000000.0,14259000000,64304000000.0,171000000000.0,48999000000.0,1616000000,136000000,37037000000,8165000000,-33774000000,-16379000000.0,1
23-04-2014,18.89500046,18.96892929,18.73035622,18.7410717,16.48506165,394940000,17518.508,236.468,6.2,0.09,207000000000.0,73286000000.0,14259000000,64304000000.0,171000000000.0,48999000000.0,1616000000,136000000,37037000000,8165000000,-33774000000,-16379000000.0,-1
24-04-2014,20.2932148,20.3571434,20.02607155,20.27750015,17.83653641,759911600,17518.508,236.468,6.2,0.09,207000000000.0,73286000000.0,14259000000,64304000000.0,171000000000.0,48999000000.0,1616000000,136000000,37037000000,8165000000,-33774000000,-16379000000.0,-1
25-04-2014,20.16178513,20.42821312,20.1414299,20.42642975,17.96754456,390275200,17518.508,236.468,6.2,0.09,207000000000.0,73286000000.0,14259000000,64304000000.0,171000000000.0,48999000000.0,1616000000,136000000,37037000000,8165000000,-33774000000,-16379000000.0,1
28-04-2014,20.45714378,21.2767868,20.44821358,21.21750069,18.66338539,669485600,17518.508,236.468,6.2,0.09,207000000000.0,73286000000.0,14259000000,64304000000.0,171000000000.0,48999000000.0,1616000000,136000000,37037000000,8165000000,-33774000000,-16379000000.0,1
29-04-2014,21.20499992,21.28499985,21.05392838,21.15464211,18.60809517,337377600,17518.508,236.468,6.2,0.09,207000000000.0,73286000000.0,14259000000,64304000000.0,171000000000.0,48999000000.0,1616000000,136000000,37037000000,8165000000,-33774000000,-16379000000.0,-1
30-04-2014,21.16571426,21.40821457,21.06428528,21.07464218,18.53772545,456640800,17518.508,236.468,6.2,0.09,207000000000.0,73286000000.0,14259000000,64304000000.0,171000000000.0,48999000000.0,1616000000,136000000,37037000000,8165000000,-33774000000,-16379000000.0,-1
01-05-2014,21.1428566,21.24285698,20.94142914,21.12428665,18.58138847,244048000,17518.508,236.468,6.2,0.09,207000000000.0,73286000000.0,14259000000,64304000000.0,171000000000.0,48999000000.0,1616000000,136000000,37037000000,8165000000,-33774000000,-16379000000.0,-1
02-05-2014,21.15500069,21.22142982,21.0610714,21.1635704,18.61595154,191514400,17518.508,236.468,6.2,0.09,207000000000.0,73286000000.0,14259000000,64304000000.0,171000000000.0,48999000000.0,1616000000,136000000,37037000000,8165000000,-33774000000,-16379000000.0,1
05-05-2014,21.07642937,21.4642868,21.0714283,21.46285629,18.87920189,287067200,17518.508,236.468,6.2,0.09,207000000000.0,73286000000.0,14259000000,64304000000.0,171000000000.0,48999000000.0,1616000000,136000000,37037000000,8165000000,-33774000000,-16379000000.0,1
06-05-2014,21.49285698,21.58607101,21.22892952,21.22892952,18.67344475,374564400,17518.508,236.468,6.2,0.09,207000000000.0,73286000000.0,14259000000,64304000000.0,171000000000.0,48999000000.0,1616000000,136000000,37037000000,8165000000,-33774000000,-16379000000.0,-1
07-05-2014,21.2589283,21.3317852,20.99035645,21.15464211,18.60809517,282864400,17518.508,236.468,6.2,0.09,207000000000.0,73286000000.0,14259000000,64304000000.0,171000000000.0,48999000000.0,1616000000,136000000,37037000000,8165000000,-33774000000,-16379000000.0,-1
08-05-2014,21.0089283,21.22892952,20.94285774,20.99964333,18.57492256,230297200,17518.508,236.468,6.2,0.09,207000000000.0,73286000000.0,14259000000,64304000000.0,171000000000.0,48999000000.0,1616000000,136000000,37037000000,8165000000,-33774000000,-16379000000.0,-1
09-05-2014,20.8764286,20.9375,20.7260704,20.91214371,18.49752808,291597600,17518.508,236.468,6.2,0.09,207000000000.0,73286000000.0,14259000000,64304000000.0,171000000000.0,48999000000.0,1616000000,136000000,37037000000,8165000000,-33774000000,-16379000000.0,1
12-05-2014,20.98178673,21.20214272,20.97857094,21.17250061,18.72782135,213208800,17518.508,236.468,6.2,0.09,207000000000.0,73286000000.0,14259000000,64304000000.0,171000000000.0,48999000000.0,1616000000,136000000,37037000000,8165000000,-33774000000,-16379000000.0,1
13-05-2014,21.1428566,21.2335701,21.09642982,21.20571327,18.75720406,159737200,17518.508,236.468,6.2,0.09,207000000000.0,73286000000.0,14259000000,64304000000.0,171000000000.0,48999000000.0,1616000000,136000000,37037000000,8165000000,-33774000000,-16379000000.0,1
14-05-2014,21.15821457,21.33571434,21.13357162,21.20964241,18.76067543,166404000,17518.508,236.468,6.2,0.09,207000000000.0,73286000000.0,14259000000,64304000000.0,171000000000.0,48999000000.0,1616000000,136000000,37037000000,8165000000,-33774000000,-16379000000.0,1
15-05-2014,21.23928642,21.30714226,21.0014286,21.02928543,18.60114288,230846000,17518.508,236.468,6.2,0.09,207000000000.0,73286000000.0,14259000000,64304000000.0,171000000000.0,48999000000.0,1616000000,136000000,37037000000,8165000000,-33774000000,-16379000000.0,-1
16-05-2014,21.02249908,21.34035683,20.90714264,21.33964348,18.87566948,276256400,17518.508,236.468,6.2,0.09,207000000000.0,73286000000.0,14259000000,64304000000.0,171000000000.0,48999000000.0,1616000000,136000000,37037000000,8165000000,-33774000000,-16379000000.0,1
19-05-2014,21.35178566,21.69035721,21.33321381,21.59250069,19.09932899,317755200,17518.508,236.468,6.2,0.09,207000000000.0,73286000000.0,14259000000,64304000000.0,171000000000.0,48999000000.0,1616000000,136000000,37037000000,8165000000,-33774000000,-16379000000.0,1
20-05-2014,21.58964348,21.65714264,21.45464325,21.5967865,19.10312462,234836000,17518.508,236.468,6.2,0.09,207000000000.0,73286000000.0,14259000000,64304000000.0,171000000000.0,48999000000.0,1616000000,136000000,37037000000,8165000000,-33774000000,-16379000000.0,1
21-05-2014,21.56535721,21.66785622,21.50214386,21.65392876,19.15366364,196859600,17518.508,236.468,6.2,0.09,207000000000.0,73286000000.0,14259000000,64304000000.0,171000000000.0,48999000000.0,1616000000,136000000,37037000000,8165000000,-33774000000,-16379000000.0,1
22-05-2014,21.66428566,21.78035736,21.57500076,21.68821335,19.18399239,200760000,17518.508,236.468,6.2,0.09,207000000000.0,73286000000.0,14259000000,64304000000.0,171000000000.0,48999000000.0,1616000000,136000000,37037000000,8165000000,-33774000000,-16379000000.0,1
23-05-2014,21.6875,21.95464325,21.65964317,21.93321419,19.40070534,232209600,17518.508,236.468,6.2,0.09,207000000000.0,73286000000.0,14259000000,64304000000.0,171000000000.0,48999000000.0,1616000000,136000000,37037000000,8165000000,-33774000000,-16379000000.0,1
27-05-2014,21.99571419,22.35214233,21.98678589,22.34392929,19.7639904,348866000,17518.508,236.468,6.2,0.09,207000000000.0,73286000000.0,14259000000,64304000000.0,171000000000.0,48999000000.0,1616000000,136000000,37037000000,8165000000,-33774000000,-16379000000.0,1
28-05-2014,22.35785675,22.49392891,22.27785683,22.28607178,19.71281242,315481600,17518.508,236.468,6.2,0.09,207000000000.0,73286000000.0,14259000000,64304000000.0,171000000000.0,48999000000.0,1616000000,136000000,37037000000,8165000000,-33774000000,-16379000000.0,-1
29-05-2014,22.42321396,22.74535751,22.42035675,22.69214249,20.0720005,376474000,17518.508,236.468,6.2,0.09,207000000000.0,73286000000.0,14259000000,64304000000.0,171000000000.0,48999000000.0,1616000000,136000000,37037000000,8165000000,-33774000000,-16379000000.0,1
30-05-2014,22.78499985,23.00607109,22.46071434,22.6071434,19.99681664,564020800,17518.508,236.468,6.2,0.09,207000000000.0,73286000000.0,14259000000,64304000000.0,171000000000.0,48999000000.0,1616000000,136000000,37037000000,8165000000,-33774000000,-16379000000.0,-1
02-06-2014,22.6414299,22.67250061,22.2321434,22.45178604,19.85939217,369350800,17518.508,236.468,6.2,0.09,207000000000.0,73286000000.0,14259000000,64304000000.0,171000000000.0,48999000000.0,1616000000,136000000,37037000000,8165000000,-33774000000,-16379000000.0,-1
03-06-2014,22.44499969,22.81214333,22.4375,22.7692852,20.14023399,292709200,17518.508,236.468,6.2,0.09,207000000000.0,73286000000.0,14259000000,64304000000.0,171000000000.0,48999000000.0,1616000000,136000000,37037000000,8165000000,-33774000000,-16379000000.0,1
04-06-2014,22.76571465,23.13892937,22.71821404,23.02928543,20.37021828,335482000,17518.508,236.468,6.2,0.09,207000000000.0,73286000000.0,14259000000,64304000000.0,171000000000.0,48999000000.0,1616000000,136000000,37037000000,8165000000,-33774000000,-16379000000.0,1
05-06-2014,23.07857132,23.19178581,22.95035744,23.11964226,20.45013809,303805600,17518.508,236.468,6.2,0.09,207000000000.0,73286000000.0,14259000000,64304000000.0,171000000000.0,48999000000.0,1616000000,136000000,37037000000,8165000000,-33774000000,-16379000000.0,1
06-06-2014,23.21071434,23.25928688,23.01678658,23.05607033,20.39390945,349938400,17518.508,236.468,6.2,0.09,207000000000.0,73286000000.0,14259000000,64304000000.0,171000000000.0,48999000000.0,1616000000,136000000,37037000000,8165000000,-33774000000,-16379000000.0,-1
09-06-2014,23.17499924,23.46999931,22.9375,23.42499924,20.72023773,301660000,17518.508,236.468,6.2,0.09,207000000000.0,73286000000.0,14259000000,64304000000.0,171000000000.0,48999000000.0,1616000000,136000000,37037000000,8165000000,-33774000000,-16379000000.0,1
10-06-2014,23.68250084,23.76250076,23.39249992,23.5625,20.84186554,251108000,17518.508,236.468,6.2,0.09,207000000000.0,73286000000.0,14259000000,64304000000.0,171000000000.0,48999000000.0,1616000000,136000000,37037000000,8165000000,-33774000000,-16379000000.0,-1
11-06-2014,23.53249931,23.69000053,23.36750031,23.46500015,20.75561714,182724000,17518.508,236.468,6.2,0.09,207000000000.0,73286000000.0,14259000000,64304000000.0,171000000000.0,48999000000.0,1616000000,136000000,37037000000,8165000000,-33774000000,-16379000000.0,-1
12-06-2014,23.51000023,23.53000069,22.97500038,23.07250023,20.40844345,218996000,17518.508,236.468,6.2,0.09,207000000000.0,73286000000.0,14259000000,64304000000.0,171000000000.0,48999000000.0,1616000000,136000000,37037000000,8165000000,-33774000000,-16379000000.0,-1
13-06-2014,23.04999924,23.11000061,22.71999931,22.81999969,20.18509293,218100000,17518.508,236.468,6.2,0.09,207000000000.0,73286000000.0,14259000000,64304000000.0,171000000000.0,48999000000.0,1616000000,136000000,37037000000,8165000000,-33774000000,-16379000000.0,-1
16-06-2014,22.87750053,23.1875,22.86249924,23.04999924,20.38853455,142244000,17518.508,236.468,6.2,0.09,207000000000.0,73286000000.0,14259000000,64304000000.0,171000000000.0,48999000000.0,1616000000,136000000,37037000000,8165000000,-33774000000,-16379000000.0,1
17-06-2014,23.07749939,23.17499924,22.95000076,23.02000046,20.36200714,118904000,17518.508,236.468,6.2,0.09,207000000000.0,73286000000.0,14259000000,64304000000.0,171000000000.0,48999000000.0,1616000000,136000000,37037000000,8165000000,-33774000000,-16379000000.0,-1
18-06-2014,23.06749916,23.07250023,22.83749962,23.04500008,20.38411522,134056000,17518.508,236.468,6.2,0.09,207000000000.0,73286000000.0,14259000000,64304000000.0,171000000000.0,48999000000.0,1616000000,136000000,37037000000,8165000000,-33774000000,-16379000000.0,-1
19-06-2014,23.07250023,23.07500076,22.83499908,22.96500015,20.31335068,142112000,17518.508,236.468,6.2,0.09,207000000000.0,73286000000.0,14259000000,64304000000.0,171000000000.0,48999000000.0,1616000000,136000000,37037000000,8165000000,-33774000000,-16379000000.0,-1
20-06-2014,22.96249962,23.13750076,22.72500038,22.72750092,20.10328293,403592000,17518.508,236.468,6.2,0.09,207000000000.0,73286000000.0,14259000000,64304000000.0,171000000000.0,48999000000.0,1616000000,136000000,37037000000,8165000000,-33774000000,-16379000000.0,-1
23-06-2014,22.82999992,22.90500069,22.64999962,22.70750046,20.08558655,174776000,17518.508,236.468,6.2,0.09,207000000000.0,73286000000.0,14259000000,64304000000.0,171000000000.0,48999000000.0,1616000000,136000000,37037000000,8165000000,-33774000000,-16379000000.0,-1
24-06-2014,22.6875,22.93499947,22.54750061,22.56999969,19.96395683,156144000,17518.508,236.468,6.2,0.09,207000000000.0,73286000000.0,14259000000,64304000000.0,171000000000.0,48999000000.0,1616000000,136000000,37037000000,8165000000,-33774000000,-16379000000.0,-1
25-06-2014,22.55249977,22.67499924,22.41250038,22.59000015,19.9816494,147476000,17518.508,236.468,6.2,0.09,207000000000.0,73286000000.0,14259000000,64304000000.0,171000000000.0,48999000000.0,1616000000,136000000,37037000000,8165000000,-33774000000,-16379000000.0,1
26-06-2014,22.59250069,22.76250076,22.45000076,22.72500038,20.10106277,130516000,17518.508,236.468,6.2,0.09,207000000000.0,73286000000.0,14259000000,64304000000.0,171000000000.0,48999000000.0,1616000000,136000000,37037000000,8165000000,-33774000000,-16379000000.0,1
27-06-2014,22.70499992,23.0,22.69249916,22.99500084,20.33989143,256116000,17518.508,236.468,6.2,0.09,207000000000.0,73286000000.0,14259000000,64304000000.0,171000000000.0,48999000000.0,1616000000,136000000,37037000000,8165000000,-33774000000,-16379000000.0,1
30-06-2014,23.02499962,23.43250084,23.02249908,23.23250008,20.54996109,197929200,17518.508,236.468,6.2,0.09,207000000000.0,73286000000.0,14259000000,64304000000.0,171000000000.0,48999000000.0,1616000000,136000000,37037000000,8165000000,-33774000000,-16379000000.0,1
01-07-2014,23.37999916,23.51749992,23.28249931,23.37999916,20.68043327,152892000,17804.228,237.498,6.2,0.09,207000000000.0,73286000000.0,14259000000,64304000000.0,171000000000.0,48999000000.0,1616000000,136000000,37037000000,8165000000,-33774000000,-16379000000.0,0
02-07-2014,23.46750069,23.51499939,23.27249908,23.37000084,20.6715889,113860000,17804.228,237.498,6.2,0.09,207000000000.0,73286000000.0,14259000000,64304000000.0,171000000000.0,48999000000.0,1616000000,136000000,37037000000,8165000000,-33774000000,-16379000000.0,-1
03-07-2014,23.41749954,23.52499962,23.29999924,23.50749969,20.79320526,91567200,17804.228,237.498,6.2,0.09,207000000000.0,73286000000.0,14259000000,64304000000.0,171000000000.0,48999000000.0,1616000000,136000000,37037000000,8165000000,-33774000000,-16379000000.0,1
07-07-2014,23.53499985,23.99749947,23.52499962,23.99250031,21.22220802,225872000,17804.228,237.498,6.2,0.09,207000000000.0,73286000000.0,14259000000,64304000000.0,171000000000.0,48999000000.0,1616000000,136000000,37037000000,8165000000,-33774000000,-16379000000.0,1
08-07-2014,24.06749916,24.20000076,23.47999954,23.83749962,21.0851078,260888000,17804.228,237.498,6.2,0.09,207000000000.0,73286000000.0,14259000000,64304000000.0,171000000000.0,48999000000.0,1616000000,136000000,37037000000,8165000000,-33774000000,-16379000000.0,-1
09-07-2014,23.86000061,23.98749924,23.69000053,23.84749985,21.09395218,145744000,17804.228,237.498,6.2,0.09,207000000000.0,73286000000.0,14259000000,64304000000.0,171000000000.0,48999000000.0,1616000000,136000000,37037000000,8165000000,-33774000000,-16379000000.0,-1
10-07-2014,23.44000053,23.88750076,23.37999916,23.76000023,21.0165596,158744000,17804.228,237.498,6.2,0.09,207000000000.0,73286000000.0,14259000000,64304000000.0,171000000000.0,48999000000.0,1616000000,136000000,37037000000,8165000000,-33774000000,-16379000000.0,1
11-07-2014,23.84000015,23.97249985,23.71500015,23.80500031,21.05635262,136072000,17804.228,237.498,6.2,0.09,207000000000.0,73286000000.0,14259000000,64304000000.0,171000000000.0,48999000000.0,1616000000,136000000,37037000000,8165000000,-33774000000,-16379000000.0,-1
14-07-2014,23.96500015,24.22249985,23.91250038,24.11249924,21.32835197,171240000,17804.228,237.498,6.2,0.09,207000000000.0,73286000000.0,14259000000,64304000000.0,171000000000.0,48999000000.0,1616000000,136000000,37037000000,8165000000,-33774000000,-16379000000.0,1
15-07-2014,24.20000076,24.21249962,23.75749969,23.82999992,21.07847786,181911600,17804.228,237.498,6.2,0.09,207000000000.0,73286000000.0,14259000000,64304000000.0,171000000000.0,48999000000.0,1616000000,136000000,37037000000,8165000000,-33774000000,-16379000000.0,-1
16-07-2014,24.24250031,24.27499962,23.68499947,23.69499969,20.95906448,213585200,17804.228,237.498,6.2,0.09,207000000000.0,73286000000.0,14259000000,64304000000.0,171000000000.0,48999000000.0,1616000000,136000000,37037000000,8165000000,-33774000000,-16379000000.0,-1
17-07-2014,23.75749969,23.81999969,23.14249992,23.27249908,20.58534813,229192000,17804.228,237.498,6.2,0.09,207000000000.0,73286000000.0,14259000000,64304000000.0,171000000000.0,48999000000.0,1616000000,136000000,37037000000,8165000000,-33774000000,-16379000000.0,-1
18-07-2014,23.40500069,23.68499947,23.25499916,23.60750008,20.88166237,199952000,17804.228,237.498,6.2,0.09,207000000000.0,73286000000.0,14259000000,64304000000.0,171000000000.0,48999000000.0,1616000000,136000000,37037000000,8165000000,-33774000000,-16379000000.0,1
21-07-2014,23.74749947,23.75,23.43000031,23.48500061,20.77331161,156316000,17804.228,237.498,6.2,0.09,207000000000.0,73286000000.0,14259000000,64304000000.0,171000000000.0,48999000000.0,1616000000,136000000,37037000000,8165000000,-33774000000,-16379000000.0,-1
22-07-2014,23.67000008,23.72249985,23.53000069,23.68000031,20.94579697,220788000,17804.228,237.498,6.2,0.09,207000000000.0,73286000000.0,14259000000,64304000000.0,171000000000.0,48999000000.0,1616000000,136000000,37037000000,8165000000,-33774000000,-16379000000.0,1
23-07-2014,23.85499954,24.46999931,23.79249954,24.29750061,21.49199867,371672000,17804.228,237.498,6.2,0.09,207000000000.0,73286000000.0,14259000000,64304000000.0,171000000000.0,48999000000.0,1616000000,136000000,37037000000,8165000000,-33774000000,-16379000000.0,1
24-07-2014,24.26000023,24.32999992,24.10499954,24.25749969,21.45661354,182916000,17804.228,237.498,6.2,0.09,207000000000.0,73286000000.0,14259000000,64304000000.0,171000000000.0,48999000000.0,1616000000,136000000,37037000000,8165000000,-33774000000,-16379000000.0,-1
25-07-2014,24.21249962,24.45999908,24.15999985,24.41749954,21.5981369,173876000,17804.228,237.498,6.2,0.09,207000000000.0,73286000000.0,14259000000,64304000000.0,171000000000.0,48999000000.0,1616000000,136000000,37037000000,8165000000,-33774000000,-16379000000.0,1
28-07-2014,24.45499992,24.80999947,24.38750076,24.75499916,21.89666939,221272000,17804.228,237.498,6.2,0.09,207000000000.0,73286000000.0,14259000000,64304000000.0,171000000000.0,48999000000.0,1616000000,136000000,37037000000,8165000000,-33774000000,-16379000000.0,1
29-07-2014,24.83250046,24.86000061,24.5625,24.59499931,21.75514221,172572000,17804.228,237.498,6.2,0.09,207000000000.0,73286000000.0,14259000000,64304000000.0,171000000000.0,48999000000.0,1616000000,136000000,37037000000,8165000000,-33774000000,-16379000000.0,-1
30-07-2014,24.61000061,24.67499924,24.41749954,24.53750038,21.70428276,132040000,17804.228,237.498,6.2,0.09,207000000000.0,73286000000.0,14259000000,64304000000.0,171000000000.0,48999000000.0,1616000000,136000000,37037000000,8165000000,-33774000000,-16379000000.0,-1
31-07-2014,24.29000092,24.36249924,23.83250046,23.89999962,21.1403904,227372000,17804.228,237.498,6.2,0.09,207000000000.0,73286000000.0,14259000000,64304000000.0,171000000000.0,48999000000.0,1616000000,136000000,37037000000,8165000000,-33774000000,-16379000000.0,-1
01-08-2014,23.72500038,24.15500069,23.70249939,24.03249931,21.25759506,194044000,17804.228,237.498,6.2,0.09,207000000000.0,73286000000.0,14259000000,64304000000.0,171000000000.0,48999000000.0,1616000000,136000000,37037000000,8165000000,-33774000000,-16379000000.0,1
04-08-2014,24.09250069,24.14500046,23.79249954,23.89749908,21.13818169,159832000,17804.228,237.498,6.2,0.09,207000000000.0,73286000000.0,14259000000,64304000000.0,171000000000.0,48999000000.0,1616000000,136000000,37037000000,8165000000,-33774000000,-16379000000.0,-1
05-08-2014,23.84000015,23.92000008,23.59000015,23.78000069,21.03424835,223732000,17804.228,237.498,6.2,0.09,207000000000.0,73286000000.0,14259000000,64304000000.0,171000000000.0,48999000000.0,1616000000,136000000,37037000000,8165000000,-33774000000,-16379000000.0,-1
06-08-2014,23.6875,23.87000084,23.67749977,23.73999977,20.99885941,154232000,17804.228,237.498,6.2,0.09,207000000000.0,73286000000.0,14259000000,64304000000.0,171000000000.0,48999000000.0,1616000000,136000000,37037000000,8165000000,-33774000000,-16379000000.0,1
07-08-2014,23.73250008,23.98749924,23.52499962,23.62000084,20.99663925,186844000,17804.228,237.498,6.2,0.09,207000000000.0,73286000000.0,14259000000,64304000000.0,171000000000.0,48999000000.0,1616000000,136000000,37037000000,8165000000,-33774000000,-16379000000.0,-1
08-08-2014,23.56500053,23.70499992,23.31999969,23.68499947,21.05442238,167460000,17804.228,237.498,6.2,0.09,207000000000.0,73286000000.0,14259000000,64304000000.0,171000000000.0,48999000000.0,1616000000,136000000,37037000000,8165000000,-33774000000,-16379000000.0,1
11-08-2014,23.81749916,24.02000046,23.70999908,23.99749947,21.33221626,146340000,17804.228,237.498,6.2,0.09,207000000000.0,73286000000.0,14259000000,64304000000.0,171000000000.0,48999000000.0,1616000000,136000000,37037000000,8165000000,-33774000000,-16379000000.0,1
12-08-2014,24.01000023,24.21999931,23.90250015,23.99250031,21.32777023,135180000,17804.228,237.498,6.2,0.09,207000000000.0,73286000000.0,14259000000,64304000000.0,171000000000.0,48999000000.0,1616000000,136000000,37037000000,8165000000,-33774000000,-16379000000.0,-1
13-08-2014,24.03750038,24.30999947,24.01000023,24.30999947,21.61000252,127664000,17804.228,237.498,6.2,0.09,207000000000.0,73286000000.0,14259000000,64304000000.0,171000000000.0,48999000000.0,1616000000,136000000,37037000000,8165000000,-33774000000,-16379000000.0,1
14-08-2014,24.33250046,24.39249992,24.20000076,24.375,21.66779327,112464000,17804.228,237.498,6.2,0.09,207000000000.0,73286000000.0,14259000000,64304000000.0,171000000000.0,48999000000.0,1616000000,136000000,37037000000,8165000000,-33774000000,-16379000000.0,1
15-08-2014,24.47500038,24.54750061,24.21500015,24.49500084,21.77446365,195804000,17804.228,237.498,6.2,0.09,207000000000.0,73286000000.0,14259000000,64304000000.0,171000000000.0,48999000000.0,1616000000,136000000,37037000000,8165000000,-33774000000,-16379000000.0,1
18-08-2014,24.62249947,24.84250069,24.49500084,24.79000092,22.03669548,190288000,17804.228,237.498,6.2,0.09,207000000000.0,73286000000.0,14259000000,64304000000.0,171000000000.0,48999000000.0,1616000000,136000000,37037000000,8165000000,-33774000000,-16379000000.0,1
19-08-2014,24.85250092,25.17000008,24.82999992,25.13249969,22.34115601,277596000,17804.228,237.498,6.2,0.09,207000000000.0,73286000000.0,14259000000,64304000000.0,171000000000.0,48999000000.0,1616000000,136000000,37037000000,8165000000,-33774000000,-16379000000.0,1
20-08-2014,25.11000061,25.27249908,24.98749924,25.14249992,22.35004807,210796000,17804.228,237.498,6.2,0.09,207000000000.0,73286000000.0,14259000000,64304000000.0,171000000000.0,48999000000.0,1616000000,136000000,37037000000,8165000000,-33774000000,-16379000000.0,1
21-08-2014,25.14249992,25.23500061,25.02750015,25.14500046,22.35226822,133912000,17804.228,237.498,6.2,0.09,207000000000.0,73286000000.0,14259000000,64304000000.0,171000000000.0,48999000000.0,1616000000,136000000,37037000000,8165000000,-33774000000,-16379000000.0,1
22-08-2014,25.07250023,25.36750031,25.04750061,25.32999992,22.51672363,176736000,17804.228,237.498,6.2,0.09,207000000000.0,73286000000.0,14259000000,64304000000.0,171000000000.0,48999000000.0,1616000000,136000000,37037000000,8165000000,-33774000000,-16379000000.0,1
25-08-2014,25.44750023,25.54249954,25.31999969,25.38500023,22.5656147,161080000,17804.228,237.498,6.2,0.09,207000000000.0,73286000000.0,14259000000,64304000000.0,171000000000.0,48999000000.0,1616000000,136000000,37037000000,8165000000,-33774000000,-16379000000.0,-1
26-08-2014,25.35499954,25.375,25.21500015,25.22249985,22.42116165,132608000,17804.228,237.498,6.2,0.09,207000000000.0,73286000000.0,14259000000,64304000000.0,171000000000.0,48999000000.0,1616000000,136000000,37037000000,8165000000,-33774000000,-16379000000.0,-1
27-08-2014,25.25499916,25.64249992,25.17499924,25.53249931,22.69673347,209476000,17804.228,237.498,6.2,0.09,207000000000.0,73286000000.0,14259000000,64304000000.0,171000000000.0,48999000000.0,1616000000,136000000,37037000000,8165000000,-33774000000,-16379000000.0,1
28-08-2014,25.39749908,25.69499969,25.38999939,25.5625,22.72340393,273840000,17804.228,237.498,6.2,0.09,207000000000.0,73286000000.0,14259000000,64304000000.0,171000000000.0,48999000000.0,1616000000,136000000,37037000000,8165000000,-33774000000,-16379000000.0,1
29-08-2014,25.71500015,25.72500038,25.54999924,25.625,22.77895927,178380000,17804.228,237.498,6.2,0.09,207000000000.0,73286000000.0,14259000000,64304000000.0,171000000000.0,48999000000.0,1616000000,136000000,37037000000,8165000000,-33774000000,-16379000000.0,-1
02-09-2014,25.76499939,25.93499947,25.68000031,25.82500076,22.95675278,214256000,17804.228,237.498,6.2,0.09,207000000000.0,73286000000.0,14259000000,64304000000.0,171000000000.0,48999000000.0,1616000000,136000000,37037000000,8165000000,-33774000000,-16379000000.0,1
03-09-2014,25.77499962,25.79999924,24.64500046,24.73500061,21.98781013,501684000,17804.228,237.498,6.2,0.09,207000000000.0,73286000000.0,14259000000,64304000000.0,171000000000.0,48999000000.0,1616000000,136000000,37037000000,8165000000,-33774000000,-16379000000.0,-1
04-09-2014,24.71249962,25.02249908,24.44750023,24.53000069,21.80557251,342872000,17804.228,237.498,6.2,0.09,207000000000.0,73286000000.0,14259000000,64304000000.0,171000000000.0,48999000000.0,1616000000,136000000,37037000000,8165000000,-33774000000,-16379000000.0,-1
05-09-2014,24.70000076,24.84749985,24.57749939,24.74250031,21.9944725,233828000,17804.228,237.498,6.2,0.09,207000000000.0,73286000000.0,14259000000,64304000000.0,171000000000.0,48999000000.0,1616000000,136000000,37037000000,8165000000,-33774000000,-16379000000.0,1
08-09-2014,24.82500076,24.82749939,24.51250076,24.59000015,21.85891342,185426800,17804.228,237.498,6.2,0.09,207000000000.0,73286000000.0,14259000000,64304000000.0,171000000000.0,48999000000.0,1616000000,136000000,37037000000,8165000000,-33774000000,-16379000000.0,-1
09-09-2014,24.77000046,25.77000046,24.03499985,24.49749947,21.77668762,759385200,17804.228,237.498,6.2,0.09,207000000000.0,73286000000.0,14259000000,64304000000.0,171000000000.0,48999000000.0,1616000000,136000000,37037000000,8165000000,-33774000000,-16379000000.0,-1
10-09-2014,24.50250053,25.27750015,24.44000053,25.25,22.44560814,403478400,17804.228,237.498,6.2,0.09,207000000000.0,73286000000.0,14259000000,64304000000.0,171000000000.0,48999000000.0,1616000000,136000000,37037000000,8165000000,-33774000000,-16379000000.0,1
11-09-2014,25.10250092,25.36000061,24.90500069,25.35750008,22.54116249,249412400,17804.228,237.498,6.2,0.09,207000000000.0,73286000000.0,14259000000,64304000000.0,171000000000.0,48999000000.0,1616000000,136000000,37037000000,8165000000,-33774000000,-16379000000.0,1
12-09-2014,25.30249977,25.54750061,25.27000046,25.41500092,22.59228325,250504400,17804.228,237.498,6.2,0.09,207000000000.0,73286000000.0,14259000000,64304000000.0,171000000000.0,48999000000.0,1616000000,136000000,37037000000,8165000000,-33774000000,-16379000000.0,1
15-09-2014,25.70249939,25.76250076,25.36000061,25.40749931,22.58561325,245266000,17804.228,237.498,6.2,0.09,207000000000.0,73286000000.0,14259000000,64304000000.0,171000000000.0,48999000000.0,1616000000,136000000,37037000000,8165000000,-33774000000,-16379000000.0,-1
16-09-2014,24.95000076,25.31500053,24.72249985,25.21500015,22.41449547,267632400,17804.228,237.498,6.2,0.09,207000000000.0,73286000000.0,14259000000,64304000000.0,171000000000.0,48999000000.0,1616000000,136000000,37037000000,8165000000,-33774000000,-16379000000.0,1
17-09-2014,25.31749916,25.45000076,25.14749908,25.39500046,22.57450676,243706000,17804.228,237.498,6.2,0.09,207000000000.0,73286000000.0,14259000000,64304000000.0,171000000000.0,48999000000.0,1616000000,136000000,37037000000,8165000000,-33774000000,-16379000000.0,1
18-09-2014,25.48250008,25.58749962,25.38999939,25.44750023,22.62117386,149197600,17804.228,237.498,6.2,0.09,207000000000.0,73286000000.0,14259000000,64304000000.0,171000000000.0,48999000000.0,1616000000,136000000,37037000000,8165000000,-33774000000,-16379000000.0,-1
19-09-2014,25.57250023,25.58749962,25.125,25.23999977,22.43671989,283609600,17804.228,237.498,6.2,0.09,207000000000.0,73286000000.0,14259000000,64304000000.0,171000000000.0,48999000000.0,1616000000,136000000,37037000000,8165000000,-33774000000,-16379000000.0,-1
22-09-2014,25.45000076,25.53499985,25.14500046,25.26499939,22.45894623,211153600,17804.228,237.498,6.2,0.09,207000000000.0,73286000000.0,14259000000,64304000000.0,171000000000.0,48999000000.0,1616000000,136000000,37037000000,8165000000,-33774000000,-16379000000.0,-1
23-09-2014,25.14999962,25.73500061,25.13500023,25.65999985,22.81007385,253608800,17804.228,237.498,6.2,0.09,207000000000.0,73286000000.0,14259000000,64304000000.0,171000000000.0,48999000000.0,1616000000,136000000,37037000000,8165000000,-33774000000,-16379000000.0,1
24-09-2014,25.54000092,25.71249962,25.29999924,25.4375,22.61228371,240687200,17804.228,237.498,6.2,0.09,207000000000.0,73286000000.0,14259000000,64304000000.0,171000000000.0,48999000000.0,1616000000,136000000,37037000000,8165000000,-33774000000,-16379000000.0,-1
25-09-2014,25.12750053,25.17749977,24.43000031,24.46750069,21.75001717,400368000,17804.228,237.498,6.2,0.09,207000000000.0,73286000000.0,14259000000,64304000000.0,171000000000.0,48999000000.0,1616000000,136000000,37037000000,8165000000,-33774000000,-16379000000.0,-1
26-09-2014,24.63249969,25.1875,24.60000038,25.1875,22.39005089,249482000,17804.228,237.498,6.2,0.09,207000000000.0,73286000000.0,14259000000,64304000000.0,171000000000.0,48999000000.0,1616000000,136000000,37037000000,8165000000,-33774000000,-16379000000.0,1
29-09-2014,24.66250038,25.11000061,24.65749931,25.02750015,22.24782372,199065200,17804.228,237.498,6.2,0.09,207000000000.0,73286000000.0,14259000000,64304000000.0,171000000000.0,48999000000.0,1616000000,136000000,37037000000,8165000000,-33774000000,-16379000000.0,1
30-09-2014,25.20249939,25.38500023,25.13249969,25.1875,22.39005089,221056400,17804.228,237.498,6.2,0.09,232000000000.0,68531000000.0,13844000000,70537000000.0,182000000000.0,52503000000.0,1795000000,384000000,39510000000,9571000000,-22579000000,-37549000000.0,-1
01-10-2014,25.14749908,25.17250061,24.67499924,24.79500008,22.0411396,205965200,17912.079,237.43,5.7,0.09,232000000000.0,68531000000.0,13844000000,70537000000.0,182000000000.0,52503000000.0,1795000000,384000000,39510000000,9571000000,-22579000000,-37549000000.0,-1
02-10-2014,24.81749916,25.05500031,24.51000023,24.97500038,22.20114899,191031200,17912.079,237.43,5.7,0.09,232000000000.0,68531000000.0,13844000000,70537000000.0,182000000000.0,52503000000.0,1795000000,384000000,39510000000,9571000000,-22579000000,-37549000000.0,1
03-10-2014,24.86000061,25.05249977,24.76000023,24.90500069,22.13892937,173878400,17912.079,237.43,5.7,0.09,232000000000.0,68531000000.0,13844000000,70537000000.0,182000000000.0,52503000000.0,1795000000,384000000,39510000000,9571000000,-22579000000,-37549000000.0,1
06-10-2014,24.98749924,25.16250038,24.85499954,24.90500069,22.13892937,148204800,17912.079,237.43,5.7,0.09,232000000000.0,68531000000.0,13844000000,70537000000.0,182000000000.0,52503000000.0,1795000000,384000000,39510000000,9571000000,-22579000000,-37549000000.0,-1
07-10-2014,24.85750008,25.03000069,24.68250084,24.6875,21.94557762,168376800,17912.079,237.43,5.7,0.09,232000000000.0,68531000000.0,13844000000,70537000000.0,182000000000.0,52503000000.0,1795000000,384000000,39510000000,9571000000,-22579000000,-37549000000.0,-1
08-10-2014,24.69000053,25.27750015,24.57749939,25.20000076,22.40116119,229618800,17912.079,237.43,5.7,0.09,232000000000.0,68531000000.0,13844000000,70537000000.0,182000000000.0,52503000000.0,1795000000,384000000,39510000000,9571000000,-22579000000,-37549000000.0,1
09-10-2014,25.38500023,25.59499931,25.15250015,25.25499916,22.45004845,309506000,17912.079,237.43,5.7,0.09,232000000000.0,68531000000.0,13844000000,70537000000.0,182000000000.0,52503000000.0,1795000000,384000000,39510000000,9571000000,-22579000000,-37549000000.0,-1
10-10-2014,25.17250061,25.50749969,25.07500076,25.18250084,22.38560295,265326400,17912.079,237.43,5.7,0.09,232000000000.0,68531000000.0,13844000000,70537000000.0,182000000000.0,52503000000.0,1795000000,384000000,39510000000,9571000000,-22579000000,-37549000000.0,1
13-10-2014,25.33250046,25.44499969,24.95249939,24.95249939,22.18115044,214333600,17912.079,237.43,5.7,0.09,232000000000.0,68531000000.0,13844000000,70537000000.0,182000000000.0,52503000000.0,1795000000,384000000,39510000000,9571000000,-22579000000,-37549000000.0,-1
14-10-2014,25.09749985,25.12999916,24.64249992,24.6875,21.94557762,254754400,17912.079,237.43,5.7,0.09,232000000000.0,68531000000.0,13844000000,70537000000.0,182000000000.0,52503000000.0,1795000000,384000000,39510000000,9571000000,-22579000000,-37549000000.0,-1
15-10-2014,24.49250031,24.78750038,23.79500008,24.38500023,21.6766777,403734400,17912.079,237.43,5.7,0.09,232000000000.0,68531000000.0,13844000000,70537000000.0,182000000000.0,52503000000.0,1795000000,384000000,39510000000,9571000000,-22579000000,-37549000000.0,-1
16-10-2014,23.88750076,24.43000031,23.85250092,24.06500053,21.39221954,288618000,17912.079,237.43,5.7,0.09,232000000000.0,68531000000.0,13844000000,70537000000.0,182000000000.0,52503000000.0,1795000000,384000000,39510000000,9571000000,-22579000000,-37549000000.0,1
17-10-2014,24.375,24.75,24.20249939,24.41749954,21.70556641,272718800,17912.079,237.43,5.7,0.09,232000000000.0,68531000000.0,13844000000,70537000000.0,182000000000.0,52503000000.0,1795000000,384000000,39510000000,9571000000,-22579000000,-37549000000.0,1
20-10-2014,24.57999992,24.98999977,24.55500031,24.94000053,22.17004204,310069200,17912.079,237.43,5.7,0.09,232000000000.0,68531000000.0,13844000000,70537000000.0,182000000000.0,52503000000.0,1795000000,384000000,39510000000,9571000000,-22579000000,-37549000000.0,1
21-10-2014,25.75499916,25.75499916,25.31749916,25.61750031,22.77229309,378495600,17912.079,237.43,5.7,0.09,232000000000.0,68531000000.0,13844000000,70537000000.0,182000000000.0,52503000000.0,1795000000,384000000,39510000000,9571000000,-22579000000,-37549000000.0,-1
22-10-2014,25.70999908,26.02750015,25.64999962,25.74749947,22.88785172,273052400,17912.079,237.43,5.7,0.09,232000000000.0,68531000000.0,13844000000,70537000000.0,182000000000.0,52503000000.0,1795000000,384000000,39510000000,9571000000,-22579000000,-37549000000.0,1
23-10-2014,26.02000046,26.26250076,25.90749931,26.20750046,23.29676056,284298800,17912.079,237.43,5.7,0.09,232000000000.0,68531000000.0,13844000000,70537000000.0,182000000000.0,52503000000.0,1795000000,384000000,39510000000,9571000000,-22579000000,-37549000000.0,1
24-10-2014,26.29500008,26.37249947,26.13249969,26.30500031,23.38343811,188215600,17912.079,237.43,5.7,0.09,232000000000.0,68531000000.0,13844000000,70537000000.0,182000000000.0,52503000000.0,1795000000,384000000,39510000000,9571000000,-22579000000,-37549000000.0,1
27-10-2014,26.21249962,26.37000084,26.17499924,26.27750015,23.35899162,136750800,17912.079,237.43,5.7,0.09,232000000000.0,68531000000.0,13844000000,70537000000.0,182000000000.0,52503000000.0,1795000000,384000000,39510000000,9571000000,-22579000000,-37549000000.0,1
28-10-2014,26.35000038,26.68499947,26.33749962,26.68499947,23.72122765,192243600,17912.079,237.43,5.7,0.09,232000000000.0,68531000000.0,13844000000,70537000000.0,182000000000.0,52503000000.0,1795000000,384000000,39510000000,9571000000,-22579000000,-37549000000.0,1
29-10-2014,26.66250038,26.84250069,26.59000015,26.83499908,23.85457039,210751600,17912.079,237.43,5.7,0.09,232000000000.0,68531000000.0,13844000000,70537000000.0,182000000000.0,52503000000.0,1795000000,384000000,39510000000,9571000000,-22579000000,-37549000000.0,1
30-10-2014,26.73999977,26.83749962,26.47500038,26.74500084,23.77457428,162619200,17912.079,237.43,5.7,0.09,232000000000.0,68531000000.0,13844000000,70537000000.0,182000000000.0,52503000000.0,1795000000,384000000,39510000000,9571000000,-22579000000,-37549000000.0,1
31-10-2014,27.00250053,27.01000023,26.80249977,27.0,24.00124359,178557200,17912.079,237.43,5.7,0.09,232000000000.0,68531000000.0,13844000000,70537000000.0,182000000000.0,52503000000.0,1795000000,384000000,39510000000,9571000000,-22579000000,-37549000000.0,-1
03-11-2014,27.05500031,27.57500076,27.00250053,27.35000038,24.3123703,209130400,17912.079,237.43,5.7,0.09,232000000000.0,68531000000.0,13844000000,70537000000.0,182000000000.0,52503000000.0,1795000000,384000000,39510000000,9571000000,-22579000000,-37549000000.0,1
04-11-2014,27.34000015,27.37249947,26.93000031,27.14999962,24.13458443,166297600,17912.079,237.43,5.7,0.09,232000000000.0,68531000000.0,13844000000,70537000000.0,182000000000.0,52503000000.0,1795000000,384000000,39510000000,9571000000,-22579000000,-37549000000.0,-1
05-11-2014,27.27499962,27.32500076,27.03249931,27.21500015,24.19236946,149743600,17912.079,237.43,5.7,0.09,232000000000.0,68531000000.0,13844000000,70537000000.0,182000000000.0,52503000000.0,1795000000,384000000,39510000000,9571000000,-22579000000,-37549000000.0,-1
06-11-2014,27.14999962,27.19750023,26.95000076,27.17499924,24.26155472,139874000,17912.079,237.43,5.7,0.09,232000000000.0,68531000000.0,13844000000,70537000000.0,182000000000.0,52503000000.0,1795000000,384000000,39510000000,9571000000,-22579000000,-37549000000.0,1
07-11-2014,27.1875,27.32999992,27.13750076,27.25250053,24.33075142,134766000,17912.079,237.43,5.7,0.09,232000000000.0,68531000000.0,13844000000,70537000000.0,182000000000.0,52503000000.0,1795000000,384000000,39510000000,9571000000,-22579000000,-37549000000.0,1
10-11-2014,27.25499916,27.33250046,27.16749954,27.20750046,24.2905674,108782000,17912.079,237.43,5.7,0.09,232000000000.0,68531000000.0,13844000000,70537000000.0,182000000000.0,52503000000.0,1795000000,384000000,39510000000,9571000000,-22579000000,-37549000000.0,-1
11-11-2014,27.17499924,27.4375,27.10000038,27.42499924,24.48476219,109769200,17912.079,237.43,5.7,0.09,232000000000.0,68531000000.0,13844000000,70537000000.0,182000000000.0,52503000000.0,1795000000,384000000,39510000000,9571000000,-22579000000,-37549000000.0,1
12-11-2014,27.34499931,27.85750008,27.34250069,27.8125,24.83070564,187769600,17912.079,237.43,5.7,0.09,232000000000.0,68531000000.0,13844000000,70537000000.0,182000000000.0,52503000000.0,1795000000,384000000,39510000000,9571000000,-22579000000,-37549000000.0,1
13-11-2014,27.95000076,28.36249924,27.89999962,28.20499992,25.18112755,238091600,17912.079,237.43,5.7,0.09,232000000000.0,68531000000.0,13844000000,70537000000.0,182000000000.0,52503000000.0,1795000000,384000000,39510000000,9571000000,-22579000000,-37549000000.0,1
14-11-2014,28.28750038,28.54750061,27.80249977,28.54500008,25.48467827,176254400,17912.079,237.43,5.7,0.09,232000000000.0,68531000000.0,13844000000,70537000000.0,182000000000.0,52503000000.0,1795000000,384000000,39510000000,9571000000,-22579000000,-37549000000.0,1
17-11-2014,28.56749916,29.31999969,28.32500076,28.49749947,25.44226837,186986800,17912.079,237.43,5.7,0.09,232000000000.0,68531000000.0,13844000000,70537000000.0,182000000000.0,52503000000.0,1795000000,384000000,39510000000,9571000000,-22579000000,-37549000000.0,-1
18-11-2014,28.48500061,28.92250061,28.47249985,28.86750031,25.77260017,176896000,17912.079,237.43,5.7,0.09,232000000000.0,68531000000.0,13844000000,70537000000.0,182000000000.0,52503000000.0,1795000000,384000000,39510000000,9571000000,-22579000000,-37549000000.0,1
19-11-2014,28.86000061,28.93499947,28.45000076,28.66749954,25.59404373,167476800,17912.079,237.43,5.7,0.09,232000000000.0,68531000000.0,13844000000,70537000000.0,182000000000.0,52503000000.0,1795000000,384000000,39510000000,9571000000,-22579000000,-37549000000.0,-1
20-11-2014,28.72750092,29.21500015,28.71249962,29.07749939,25.96008682,173582000,17912.079,237.43,5.7,0.09,232000000000.0,68531000000.0,13844000000,70537000000.0,182000000000.0,52503000000.0,1795000000,384000000,39510000000,9571000000,-22579000000,-37549000000.0,1
21-11-2014,29.37750053,29.39249992,29.00749969,29.11750031,25.99579811,228717200,17912.079,237.43,5.7,0.09,232000000000.0,68531000000.0,13844000000,70537000000.0,182000000000.0,52503000000.0,1795000000,384000000,39510000000,9571000000,-22579000000,-37549000000.0,-1
24-11-2014,29.21249962,29.69249916,29.15500069,29.65749931,26.47790337,189803200,17912.079,237.43,5.7,0.09,232000000000.0,68531000000.0,13844000000,70537000000.0,182000000000.0,52503000000.0,1795000000,384000000,39510000000,9571000000,-22579000000,-37549000000.0,1
25-11-2014,29.76749992,29.9375,29.36249924,29.39999962,26.24800873,275361600,17912.079,237.43,5.7,0.09,232000000000.0,68531000000.0,13844000000,70537000000.0,182000000000.0,52503000000.0,1795000000,384000000,39510000000,9571000000,-22579000000,-37549000000.0,-1
26-11-2014,29.48500061,29.77499962,29.45750046,29.75,26.56048775,163073200,17912.079,237.43,5.7,0.09,232000000000.0,68531000000.0,13844000000,70537000000.0,182000000000.0,52503000000.0,1795000000,384000000,39510000000,9571000000,-22579000000,-37549000000.0,1
28-11-2014,29.81749916,29.85000038,29.51250076,29.73250008,26.54486084,99257600,17912.079,237.43,5.7,0.09,232000000000.0,68531000000.0,13844000000,70537000000.0,182000000000.0,52503000000.0,1795000000,384000000,39510000000,9571000000,-22579000000,-37549000000.0,-1
01-12-2014,29.70249939,29.8125,27.81749916,28.76749992,25.683321,335256000,17912.079,237.43,5.7,0.09,232000000000.0,68531000000.0,13844000000,70537000000.0,182000000000.0,52503000000.0,1795000000,384000000,39510000000,9571000000,-22579000000,-37549000000.0,-1
02-12-2014,28.375,28.9375,28.1875,28.65749931,25.58511734,237395600,17912.079,237.43,5.7,0.09,232000000000.0,68531000000.0,13844000000,70537000000.0,182000000000.0,52503000000.0,1795000000,384000000,39510000000,9571000000,-22579000000,-37549000000.0,1
03-12-2014,28.9375,29.08749962,28.77750015,28.98250008,25.87526894,172253600,17912.079,237.43,5.7,0.09,232000000000.0,68531000000.0,13844000000,70537000000.0,182000000000.0,52503000000.0,1795000000,384000000,39510000000,9571000000,-22579000000,-37549000000.0,1
04-12-2014,28.94249916,29.29999924,28.82250023,28.87249947,25.777071,168178000,17912.079,237.43,5.7,0.09,232000000000.0,68531000000.0,13844000000,70537000000.0,182000000000.0,52503000000.0,1795000000,384000000,39510000000,9571000000,-22579000000,-37549000000.0,-1
05-12-2014,28.99749947,29.02000046,28.65999985,28.75,25.66769791,153275600,17912.079,237.43,5.7,0.09,232000000000.0,68531000000.0,13844000000,70537000000.0,182000000000.0,52503000000.0,1795000000,384000000,39510000000,9571000000,-22579000000,-37549000000.0,-1
08-12-2014,28.52499962,28.66250038,27.90500069,28.10000038,25.08738518,230659600,17912.079,237.43,5.7,0.09,232000000000.0,68531000000.0,13844000000,70537000000.0,182000000000.0,52503000000.0,1795000000,384000000,39510000000,9571000000,-22579000000,-37549000000.0,-1
09-12-2014,27.54750061,28.57500076,27.33749962,28.53000069,25.47128296,240832000,17912.079,237.43,5.7,0.09,232000000000.0,68531000000.0,13844000000,70537000000.0,182000000000.0,52503000000.0,1795000000,384000000,39510000000,9571000000,-22579000000,-37549000000.0,1
10-12-2014,28.60250092,28.71249962,27.88500023,27.98749924,24.98694611,178261200,17912.079,237.43,5.7,0.09,232000000000.0,68531000000.0,13844000000,70537000000.0,182000000000.0,52503000000.0,1795000000,384000000,39510000000,9571000000,-22579000000,-37549000000.0,-1
11-12-2014,28.06500053,28.45000076,27.83499908,27.90500069,24.91329765,165606800,17912.079,237.43,5.7,0.09,232000000000.0,68531000000.0,13844000000,70537000000.0,182000000000.0,52503000000.0,1795000000,384000000,39510000000,9571000000,-22579000000,-37549000000.0,-1
12-12-2014,27.61499977,27.96750069,27.39500046,27.43250084,24.49144936,224112400,17912.079,237.43,5.7,0.09,232000000000.0,68531000000.0,13844000000,70537000000.0,182000000000.0,52503000000.0,1795000000,384000000,39510000000,9571000000,-22579000000,-37549000000.0,-1
15-12-2014,27.67499924,27.89999962,26.58749962,27.05750084,24.15665627,268872400,17912.079,237.43,5.7,0.09,232000000000.0,68531000000.0,13844000000,70537000000.0,182000000000.0,52503000000.0,1795000000,384000000,39510000000,9571000000,-22579000000,-37549000000.0,-1
16-12-2014,26.59250069,27.54000092,26.56500053,26.6875,23.82632446,243162800,17912.079,237.43,5.7,0.09,232000000000.0,68531000000.0,13844000000,70537000000.0,182000000000.0,52503000000.0,1795000000,384000000,39510000000,9571000000,-22579000000,-37549000000.0,1
17-12-2014,26.78000069,27.45999908,26.70499992,27.35250092,24.42002678,213647200,17912.079,237.43,5.7,0.09,232000000000.0,68531000000.0,13844000000,70537000000.0,182000000000.0,52503000000.0,1795000000,384000000,39510000000,9571000000,-22579000000,-37549000000.0,1
18-12-2014,27.96750069,28.16250038,27.66500092,28.16250038,25.14318275,236024800,17912.079,237.43,5.7,0.09,232000000000.0,68531000000.0,13844000000,70537000000.0,182000000000.0,52503000000.0,1795000000,384000000,39510000000,9571000000,-22579000000,-37549000000.0,1
19-12-2014,28.06500053,28.30999947,27.91500092,27.94499969,24.94900131,353719200,17912.079,237.43,5.7,0.09,232000000000.0,68531000000.0,13844000000,70537000000.0,182000000000.0,52503000000.0,1795000000,384000000,39510000000,9571000000,-22579000000,-37549000000.0,-1
22-12-2014,28.04000092,28.37249947,27.99250031,28.23500061,25.20791626,180670000,17912.079,237.43,5.7,0.09,232000000000.0,68531000000.0,13844000000,70537000000.0,182000000000.0,52503000000.0,1795000000,384000000,39510000000,9571000000,-22579000000,-37549000000.0,1
23-12-2014,28.30750084,28.33250046,28.11499977,28.13500023,25.11863708,104113600,17912.079,237.43,5.7,0.09,232000000000.0,68531000000.0,13844000000,70537000000.0,182000000000.0,52503000000.0,1795000000,384000000,39510000000,9571000000,-22579000000,-37549000000.0,-1
24-12-2014,28.14500046,28.17749977,28.00250053,28.00250053,25.00033951,57918400,17912.079,237.43,5.7,0.09,232000000000.0,68531000000.0,13844000000,70537000000.0,182000000000.0,52503000000.0,1795000000,384000000,39510000000,9571000000,-22579000000,-37549000000.0,-1
26-12-2014,28.02499962,28.62999916,28.00250053,28.49749947,25.44226837,134884000,17912.079,237.43,5.7,0.09,232000000000.0,68531000000.0,13844000000,70537000000.0,182000000000.0,52503000000.0,1795000000,384000000,39510000000,9571000000,-22579000000,-37549000000.0,1
29-12-2014,28.44750023,28.69249916,28.42499924,28.47750092,25.42441368,110395600,17912.079,237.43,5.7,0.09,232000000000.0,68531000000.0,13844000000,70537000000.0,182000000000.0,52503000000.0,1795000000,384000000,39510000000,9571000000,-22579000000,-37549000000.0,1
30-12-2014,28.40999985,28.47999954,28.02750015,28.12999916,25.11417007,119526000,17912.079,237.43,5.7,0.09,232000000000.0,68531000000.0,13844000000,70537000000.0,182000000000.0,52503000000.0,1795000000,384000000,39510000000,9571000000,-22579000000,-37549000000.0,-1
31-12-2014,28.20499992,28.28249931,27.55249977,27.59499931,24.63652992,165613600,17912.079,237.43,5.7,0.09,232000000000.0,68531000000.0,13844000000,70537000000.0,182000000000.0,52503000000.0,1795000000,384000000,39510000000,9571000000,-22579000000,-37549000000.0,-1
02-01-2015,27.84749985,27.86000061,26.83749962,27.33250046,24.40217018,212818400,18063.529,234.747,5.7,0.11,232000000000.0,68531000000.0,13844000000,70537000000.0,182000000000.0,52503000000.0,1795000000,384000000,39510000000,9571000000,-22579000000,-37549000000.0,-1
05-01-2015,27.07250023,27.16250038,26.35250092,26.5625,23.71472359,257142000,18063.529,234.747,5.7,0.11,232000000000.0,68531000000.0,13844000000,70537000000.0,182000000000.0,52503000000.0,1795000000,384000000,39510000000,9571000000,-22579000000,-37549000000.0,-1
06-01-2015,26.63500023,26.85750008,26.15749931,26.56500053,23.71695137,263188400,18063.529,234.747,5.7,0.11,232000000000.0,68531000000.0,13844000000,70537000000.0,182000000000.0,52503000000.0,1795000000,384000000,39510000000,9571000000,-22579000000,-37549000000.0,-1
07-01-2015,26.79999924,27.04999924,26.67499924,26.9375,24.04952049,160423600,18063.529,234.747,5.7,0.11,232000000000.0,68531000000.0,13844000000,70537000000.0,182000000000.0,52503000000.0,1795000000,384000000,39510000000,9571000000,-22579000000,-37549000000.0,1
08-01-2015,27.30750084,28.03750038,27.17499924,27.97249985,24.97356033,237458000,18063.529,234.747,5.7,0.11,232000000000.0,68531000000.0,13844000000,70537000000.0,182000000000.0,52503000000.0,1795000000,384000000,39510000000,9571000000,-22579000000,-37549000000.0,1
09-01-2015,28.16749954,28.3125,27.55249977,28.00250053,25.00033951,214798000,18063.529,234.747,5.7,0.11,232000000000.0,68531000000.0,13844000000,70537000000.0,182000000000.0,52503000000.0,1795000000,384000000,39510000000,9571000000,-22579000000,-37549000000.0,-1
12-01-2015,28.14999962,28.15749931,27.20000076,27.3125,24.3843174,198603200,18063.529,234.747,5.7,0.11,232000000000.0,68531000000.0,13844000000,70537000000.0,182000000000.0,52503000000.0,1795000000,384000000,39510000000,9571000000,-22579000000,-37549000000.0,-1
13-01-2015,27.85750008,28.20000076,27.22750092,27.55500031,24.60081673,268367600,18063.529,234.747,5.7,0.11,232000000000.0,68531000000.0,13844000000,70537000000.0,182000000000.0,52503000000.0,1795000000,384000000,39510000000,9571000000,-22579000000,-37549000000.0,-1
14-01-2015,27.26000023,27.62249947,27.125,27.45000076,24.50707245,195826400,18063.529,234.747,5.7,0.11,232000000000.0,68531000000.0,13844000000,70537000000.0,182000000000.0,52503000000.0,1795000000,384000000,39510000000,9571000000,-22579000000,-37549000000.0,1
15-01-2015,27.5,27.51499939,26.66500092,26.70499992,23.84194565,240056000,18063.529,234.747,5.7,0.11,232000000000.0,68531000000.0,13844000000,70537000000.0,182000000000.0,52503000000.0,1795000000,384000000,39510000000,9571000000,-22579000000,-37549000000.0,-1
16-01-2015,26.75749969,26.89500046,26.29999924,26.49749947,23.65669441,314053200,18063.529,234.747,5.7,0.11,232000000000.0,68531000000.0,13844000000,70537000000.0,182000000000.0,52503000000.0,1795000000,384000000,39510000000,9571000000,-22579000000,-37549000000.0,-1
20-01-2015,26.95999908,27.24250031,26.625,27.18000031,24.26601982,199599600,18063.529,234.747,5.7,0.11,232000000000.0,68531000000.0,13844000000,70537000000.0,182000000000.0,52503000000.0,1795000000,384000000,39510000000,9571000000,-22579000000,-37549000000.0,1
21-01-2015,27.23749924,27.76499939,27.06749916,27.38750076,24.45127678,194303600,18063.529,234.747,5.7,0.11,232000000000.0,68531000000.0,13844000000,70537000000.0,182000000000.0,52503000000.0,1795000000,384000000,39510000000,9571000000,-22579000000,-37549000000.0,1
22-01-2015,27.56500053,28.11750031,27.43000031,28.10000038,25.08738518,215185600,18063.529,234.747,5.7,0.11,232000000000.0,68531000000.0,13844000000,70537000000.0,182000000000.0,52503000000.0,1795000000,384000000,39510000000,9571000000,-22579000000,-37549000000.0,1
23-01-2015,28.07500076,28.4375,27.88249969,28.24500084,25.21683884,185859200,18063.529,234.747,5.7,0.11,232000000000.0,68531000000.0,13844000000,70537000000.0,182000000000.0,52503000000.0,1795000000,384000000,39510000000,9571000000,-22579000000,-37549000000.0,1
26-01-2015,28.43499947,28.59000015,28.20000076,28.27499962,25.24362946,222460000,18063.529,234.747,5.7,0.11,232000000000.0,68531000000.0,13844000000,70537000000.0,182000000000.0,52503000000.0,1795000000,384000000,39510000000,9571000000,-22579000000,-37549000000.0,-1
27-01-2015,28.10499954,28.12000084,27.25749969,27.28499985,24.35976028,382274800,18063.529,234.747,5.7,0.11,232000000000.0,68531000000.0,13844000000,70537000000.0,182000000000.0,52503000000.0,1795000000,384000000,39510000000,9571000000,-22579000000,-37549000000.0,-1
28-01-2015,29.40749931,29.53000069,28.82749939,28.82749939,25.73689461,585908400,18063.529,234.747,5.7,0.11,232000000000.0,68531000000.0,13844000000,70537000000.0,182000000000.0,52503000000.0,1795000000,384000000,39510000000,9571000000,-22579000000,-37549000000.0,-1
29-01-2015,29.07999992,29.79750061,28.88999939,29.72500038,26.53817749,337745600,18063.529,234.747,5.7,0.11,232000000000.0,68531000000.0,13844000000,70537000000.0,182000000000.0,52503000000.0,1795000000,384000000,39510000000,9571000000,-22579000000,-37549000000.0,1
30-01-2015,29.60000038,30.0,29.21249962,29.29000092,26.14980888,334982000,18063.529,234.747,5.7,0.11,232000000000.0,68531000000.0,13844000000,70537000000.0,182000000000.0,52503000000.0,1795000000,384000000,39510000000,9571000000,-22579000000,-37549000000.0,-1
02-02-2015,29.51250076,29.79249954,29.02000046,29.65749931,26.47790337,250956400,18063.529,234.747,5.7,0.11,232000000000.0,68531000000.0,13844000000,70537000000.0,182000000000.0,52503000000.0,1795000000,384000000,39510000000,9571000000,-22579000000,-37549000000.0,1
03-02-2015,29.625,29.77249908,29.40250015,29.66250038,26.48237228,207662800,18063.529,234.747,5.7,0.11,232000000000.0,68531000000.0,13844000000,70537000000.0,182000000000.0,52503000000.0,1795000000,384000000,39510000000,9571000000,-22579000000,-37549000000.0,1
04-02-2015,29.625,30.12750053,29.57749939,29.88999939,26.68547821,280598800,18063.529,234.747,5.7,0.11,232000000000.0,68531000000.0,13844000000,70537000000.0,182000000000.0,52503000000.0,1795000000,384000000,39510000000,9571000000,-22579000000,-37549000000.0,1
05-02-2015,30.00499916,30.05750084,29.8125,29.98500061,26.87595177,168984800,18063.529,234.747,5.7,0.11,232000000000.0,68531000000.0,13844000000,70537000000.0,182000000000.0,52503000000.0,1795000000,384000000,39510000000,9571000000,-22579000000,-37549000000.0,-1
06-02-2015,30.00499916,30.0625,29.61249924,29.73250008,26.64962769,174826400,18063.529,234.747,5.7,0.11,232000000000.0,68531000000.0,13844000000,70537000000.0,182000000000.0,52503000000.0,1795000000,384000000,39510000000,9571000000,-22579000000,-37549000000.0,-1
09-02-2015,29.63750076,29.95999908,29.60750008,29.93000031,26.82665062,155559200,18063.529,234.747,5.7,0.11,232000000000.0,68531000000.0,13844000000,70537000000.0,182000000000.0,52503000000.0,1795000000,384000000,39510000000,9571000000,-22579000000,-37549000000.0,1
10-02-2015,30.04249954,30.53750038,30.04000092,30.50499916,27.34203529,248034000,18063.529,234.747,5.7,0.11,232000000000.0,68531000000.0,13844000000,70537000000.0,182000000000.0,52503000000.0,1795000000,384000000,39510000000,9571000000,-22579000000,-37549000000.0,1
11-02-2015,30.69249916,31.22999954,30.625,31.21999931,27.98289108,294247200,18063.529,234.747,5.7,0.11,232000000000.0,68531000000.0,13844000000,70537000000.0,182000000000.0,52503000000.0,1795000000,384000000,39510000000,9571000000,-22579000000,-37549000000.0,1
12-02-2015,31.51499939,31.87000084,31.39249992,31.61499977,28.33694077,297898000,18063.529,234.747,5.7,0.11,232000000000.0,68531000000.0,13844000000,70537000000.0,182000000000.0,52503000000.0,1795000000,384000000,39510000000,9571000000,-22579000000,-37549000000.0,1
13-02-2015,31.81999969,31.81999969,31.41250038,31.77000046,28.47586823,217088800,18063.529,234.747,5.7,0.11,232000000000.0,68531000000.0,13844000000,70537000000.0,182000000000.0,52503000000.0,1795000000,384000000,39510000000,9571000000,-22579000000,-37549000000.0,-1
17-02-2015,31.87249947,32.22000122,31.72999954,31.95750046,28.6439209,252609600,18063.529,234.747,5.7,0.11,232000000000.0,68531000000.0,13844000000,70537000000.0,182000000000.0,52503000000.0,1795000000,384000000,39510000000,9571000000,-22579000000,-37549000000.0,1
18-02-2015,31.90749931,32.19499969,31.86249924,32.18000031,28.84335327,179566800,18063.529,234.747,5.7,0.11,232000000000.0,68531000000.0,13844000000,70537000000.0,182000000000.0,52503000000.0,1795000000,384000000,39510000000,9571000000,-22579000000,-37549000000.0,1
19-02-2015,32.11999893,32.25749969,32.08250046,32.11249924,28.78285027,149449600,18063.529,234.747,5.7,0.11,232000000000.0,68531000000.0,13844000000,70537000000.0,182000000000.0,52503000000.0,1795000000,384000000,39510000000,9571000000,-22579000000,-37549000000.0,-1
20-02-2015,32.15499878,32.375,32.01250076,32.375,29.01813316,195793600,18063.529,234.747,5.7,0.11,232000000000.0,68531000000.0,13844000000,70537000000.0,182000000000.0,52503000000.0,1795000000,384000000,39510000000,9571000000,-22579000000,-37549000000.0,1
23-02-2015,32.50500107,33.25,32.41500092,33.25,29.80240631,283896400,18063.529,234.747,5.7,0.11,232000000000.0,68531000000.0,13844000000,70537000000.0,182000000000.0,52503000000.0,1795000000,384000000,39510000000,9571000000,-22579000000,-37549000000.0,1
24-02-2015,33.23500061,33.40000153,32.79249954,33.04249954,29.61642075,276912400,18063.529,234.747,5.7,0.11,232000000000.0,68531000000.0,13844000000,70537000000.0,182000000000.0,52503000000.0,1795000000,384000000,39510000000,9571000000,-22579000000,-37549000000.0,-1
25-02-2015,32.88999939,32.90000153,32.03749847,32.19749832,28.8590374,298846800,18063.529,234.747,5.7,0.11,232000000000.0,68531000000.0,13844000000,70537000000.0,182000000000.0,52503000000.0,1795000000,384000000,39510000000,9571000000,-22579000000,-37549000000.0,-1
26-02-2015,32.19749832,32.71749878,31.65250015,32.60499954,29.22428513,365150000,18063.529,234.747,5.7,0.11,232000000000.0,68531000000.0,13844000000,70537000000.0,182000000000.0,52503000000.0,1795000000,384000000,39510000000,9571000000,-22579000000,-37549000000.0,1
27-02-2015,32.5,32.64250183,32.06000137,32.11500168,28.78509903,248059200,18063.529,234.747,5.7,0.11,232000000000.0,68531000000.0,13844000000,70537000000.0,182000000000.0,52503000000.0,1795000000,384000000,39510000000,9571000000,-22579000000,-37549000000.0,-1
02-03-2015,32.3125,32.56999969,32.07500076,32.27249908,28.92625809,192386800,18063.529,234.747,5.7,0.11,232000000000.0,68531000000.0,13844000000,70537000000.0,182000000000.0,52503000000.0,1795000000,384000000,39510000000,9571000000,-22579000000,-37549000000.0,-1
03-03-2015,32.24000168,32.38000107,32.02249908,32.34000015,28.98676872,151265200,18063.529,234.747,5.7,0.11,232000000000.0,68531000000.0,13844000000,70537000000.0,182000000000.0,52503000000.0,1795000000,384000000,39510000000,9571000000,-22579000000,-37549000000.0,1
04-03-2015,32.27500153,32.38999939,32.08000183,32.13499832,28.80302048,126665200,18063.529,234.747,5.7,0.11,232000000000.0,68531000000.0,13844000000,70537000000.0,182000000000.0,52503000000.0,1795000000,384000000,39510000000,9571000000,-22579000000,-37549000000.0,-1
05-03-2015,32.14500046,32.1875,31.44000053,31.60250092,28.32573318,226068400,18063.529,234.747,5.7,0.11,232000000000.0,68531000000.0,13844000000,70537000000.0,182000000000.0,52503000000.0,1795000000,384000000,39510000000,9571000000,-22579000000,-37549000000.0,-1
06-03-2015,32.09999847,32.34249878,31.56500053,31.64999962,28.36830902,291368400,18063.529,234.747,5.7,0.11,232000000000.0,68531000000.0,13844000000,70537000000.0,182000000000.0,52503000000.0,1795000000,384000000,39510000000,9571000000,-22579000000,-37549000000.0,-1
09-03-2015,31.98999977,32.39250183,31.26499939,31.78499985,28.48931122,354114000,18063.529,234.747,5.7,0.11,232000000000.0,68531000000.0,13844000000,70537000000.0,182000000000.0,52503000000.0,1795000000,384000000,39510000000,9571000000,-22579000000,-37549000000.0,-1
10-03-2015,31.60250092,31.80500031,30.95000076,31.12750053,27.89998436,275426400,18063.529,234.747,5.7,0.11,232000000000.0,68531000000.0,13844000000,70537000000.0,182000000000.0,52503000000.0,1795000000,384000000,39510000000,9571000000,-22579000000,-37549000000.0,-1
11-03-2015,31.1875,31.19249916,30.52750015,30.55999947,27.3913269,275756000,18063.529,234.747,5.7,0.11,232000000000.0,68531000000.0,13844000000,70537000000.0,182000000000.0,52503000000.0,1795000000,384000000,39510000000,9571000000,-22579000000,-37549000000.0,-1
12-03-2015,30.57749939,31.22500038,30.40749931,31.11249924,27.88653564,193450800,18063.529,234.747,5.7,0.11,232000000000.0,68531000000.0,13844000000,70537000000.0,182000000000.0,52503000000.0,1795000000,384000000,39510000000,9571000000,-22579000000,-37549000000.0,1
13-03-2015,31.10000038,31.35000038,30.64500046,30.89749908,27.6938324,207309200,18063.529,234.747,5.7,0.11,232000000000.0,68531000000.0,13844000000,70537000000.0,182000000000.0,52503000000.0,1795000000,384000000,39510000000,9571000000,-22579000000,-37549000000.0,-1
16-03-2015,30.96999931,31.23749924,30.71750069,31.23749924,27.99858475,143497200,18063.529,234.747,5.7,0.11,232000000000.0,68531000000.0,13844000000,70537000000.0,182000000000.0,52503000000.0,1795000000,384000000,39510000000,9571000000,-22579000000,-37549000000.0,1
17-03-2015,31.47500038,31.82999992,31.41250038,31.76000023,28.46689987,204092400,18063.529,234.747,5.7,0.11,232000000000.0,68531000000.0,13844000000,70537000000.0,182000000000.0,52503000000.0,1795000000,384000000,39510000000,9571000000,-22579000000,-37549000000.0,1
18-03-2015,31.75,32.29000092,31.59250069,32.11750031,28.78733063,261083600,18063.529,234.747,5.7,0.11,232000000000.0,68531000000.0,13844000000,70537000000.0,182000000000.0,52503000000.0,1795000000,384000000,39510000000,9571000000,-22579000000,-37549000000.0,1
19-03-2015,32.1875,32.3125,31.85000038,31.875,28.56998253,183238000,18063.529,234.747,5.7,0.11,232000000000.0,68531000000.0,13844000000,70537000000.0,182000000000.0,52503000000.0,1795000000,384000000,39510000000,9571000000,-22579000000,-37549000000.0,-1
20-03-2015,32.0625,32.09999847,31.29000092,31.47500038,28.21144676,274780400,18063.529,234.747,5.7,0.11,232000000000.0,68531000000.0,13844000000,70537000000.0,182000000000.0,52503000000.0,1795000000,384000000,39510000000,9571000000,-22579000000,-37549000000.0,-1
23-03-2015,31.78000069,31.96249962,31.62999916,31.80249977,28.50499725,150838800,18063.529,234.747,5.7,0.11,232000000000.0,68531000000.0,13844000000,70537000000.0,182000000000.0,52503000000.0,1795000000,384000000,39510000000,9571000000,-22579000000,-37549000000.0,1
24-03-2015,31.80750084,32.00999832,31.63999939,31.67250061,28.38847733,131369200,18063.529,234.747,5.7,0.11,232000000000.0,68531000000.0,13844000000,70537000000.0,182000000000.0,52503000000.0,1795000000,384000000,39510000000,9571000000,-22579000000,-37549000000.0,-1
25-03-2015,31.63500023,31.70499992,30.84499931,30.84499931,27.64677238,206620800,18063.529,234.747,5.7,0.11,232000000000.0,68531000000.0,13844000000,70537000000.0,182000000000.0,52503000000.0,1795000000,384000000,39510000000,9571000000,-22579000000,-37549000000.0,-1
26-03-2015,30.69000053,31.21999931,30.64999962,31.05999947,27.83947945,190291600,18063.529,234.747,5.7,0.11,232000000000.0,68531000000.0,13844000000,70537000000.0,182000000000.0,52503000000.0,1795000000,384000000,39510000000,9571000000,-22579000000,-37549000000.0,1
27-03-2015,31.14249992,31.17499924,30.72750092,30.8125,27.61764717,158184800,18063.529,234.747,5.7,0.11,232000000000.0,68531000000.0,13844000000,70537000000.0,182000000000.0,52503000000.0,1795000000,384000000,39510000000,9571000000,-22579000000,-37549000000.0,-1
30-03-2015,31.01250076,31.60000038,31.0,31.59250069,28.31677437,188398800,18063.529,234.747,5.7,0.11,232000000000.0,68531000000.0,13844000000,70537000000.0,182000000000.0,52503000000.0,1795000000,384000000,39510000000,9571000000,-22579000000,-37549000000.0,1
31-03-2015,31.52249908,31.62249947,31.09000015,31.10750008,27.8820591,168362400,18063.529,234.747,5.7,0.11,232000000000.0,68531000000.0,13844000000,70537000000.0,182000000000.0,52503000000.0,1795000000,384000000,39510000000,9571000000,-22579000000,-37549000000.0,-1
01-04-2015,31.20499992,31.28000069,30.77499962,31.0625,27.84172249,162485600,18279.784,236.222,5.4,0.12,232000000000.0,68531000000.0,13844000000,70537000000.0,182000000000.0,52503000000.0,1795000000,384000000,39510000000,9571000000,-22579000000,-37549000000.0,-1
02-04-2015,31.25749969,31.38999939,31.04750061,31.32999992,28.08149147,128880400,18279.784,236.222,5.4,0.12,232000000000.0,68531000000.0,13844000000,70537000000.0,182000000000.0,52503000000.0,1795000000,384000000,39510000000,9571000000,-22579000000,-37549000000.0,1
06-04-2015,31.11750031,31.87750053,31.08250046,31.83749962,28.53636932,148776000,18279.784,236.222,5.4,0.12,232000000000.0,68531000000.0,13844000000,70537000000.0,182000000000.0,52503000000.0,1795000000,384000000,39510000000,9571000000,-22579000000,-37549000000.0,1
07-04-2015,31.90999985,32.02999878,31.49500084,31.50250053,28.23610306,140049200,18279.784,236.222,5.4,0.12,232000000000.0,68531000000.0,13844000000,70537000000.0,182000000000.0,52503000000.0,1795000000,384000000,39510000000,9571000000,-22579000000,-37549000000.0,-1
08-04-2015,31.46249962,31.60000038,31.24250031,31.39999962,28.1442337,149316800,18279.784,236.222,5.4,0.12,232000000000.0,68531000000.0,13844000000,70537000000.0,182000000000.0,52503000000.0,1795000000,384000000,39510000000,9571000000,-22579000000,-37549000000.0,-1
09-04-2015,31.46249962,31.64500046,31.16500092,31.63999939,28.35934448,129936000,18279.784,236.222,5.4,0.12,232000000000.0,68531000000.0,13844000000,70537000000.0,182000000000.0,52503000000.0,1795000000,384000000,39510000000,9571000000,-22579000000,-37549000000.0,1
10-04-2015,31.48749924,31.80249977,31.31500053,31.77499962,28.48034477,160752000,18279.784,236.222,5.4,0.12,232000000000.0,68531000000.0,13844000000,70537000000.0,182000000000.0,52503000000.0,1795000000,384000000,39510000000,9571000000,-22579000000,-37549000000.0,1
13-04-2015,32.09249878,32.14250183,31.65250015,31.71249962,28.42433739,145460400,18279.784,236.222,5.4,0.12,232000000000.0,68531000000.0,13844000000,70537000000.0,182000000000.0,52503000000.0,1795000000,384000000,39510000000,9571000000,-22579000000,-37549000000.0,-1
14-04-2015,31.75,31.82250023,31.47750092,31.57500076,28.30109215,102098400,18279.784,236.222,5.4,0.12,232000000000.0,68531000000.0,13844000000,70537000000.0,182000000000.0,52503000000.0,1795000000,384000000,39510000000,9571000000,-22579000000,-37549000000.0,-1
15-04-2015,31.60250092,31.78249931,31.50250053,31.69499969,28.40864372,115881600,18279.784,236.222,5.4,0.12,232000000000.0,68531000000.0,13844000000,70537000000.0,182000000000.0,52503000000.0,1795000000,384000000,39510000000,9571000000,-22579000000,-37549000000.0,1
16-04-2015,31.56999969,31.77499962,31.52750015,31.54249954,28.2719574,113476000,18279.784,236.222,5.4,0.12,232000000000.0,68531000000.0,13844000000,70537000000.0,182000000000.0,52503000000.0,1795000000,384000000,39510000000,9571000000,-22579000000,-37549000000.0,-1
17-04-2015,31.38750076,31.53499985,31.11499977,31.1875,27.95376205,207828000,18279.784,236.222,5.4,0.12,232000000000.0,68531000000.0,13844000000,70537000000.0,182000000000.0,52503000000.0,1795000000,384000000,39510000000,9571000000,-22579000000,-37549000000.0,-1
20-04-2015,31.39249992,32.02999878,31.29249954,31.89999962,28.59238243,188217200,18279.784,236.222,5.4,0.12,232000000000.0,68531000000.0,13844000000,70537000000.0,182000000000.0,52503000000.0,1795000000,384000000,39510000000,9571000000,-22579000000,-37549000000.0,1
21-04-2015,32.02500153,32.04999924,31.66749954,31.72750092,28.43777657,129740400,18279.784,236.222,5.4,0.12,232000000000.0,68531000000.0,13844000000,70537000000.0,182000000000.0,52503000000.0,1795000000,384000000,39510000000,9571000000,-22579000000,-37549000000.0,-1
22-04-2015,31.74749947,32.21749878,31.57999992,32.15499878,28.82094574,150618000,18279.784,236.222,5.4,0.12,232000000000.0,68531000000.0,13844000000,70537000000.0,182000000000.0,52503000000.0,1795000000,384000000,39510000000,9571000000,-22579000000,-37549000000.0,1
23-04-2015,32.07500076,32.60499954,32.03499985,32.41749954,29.05623055,183083600,18279.784,236.222,5.4,0.12,232000000000.0,68531000000.0,13844000000,70537000000.0,182000000000.0,52503000000.0,1795000000,384000000,39510000000,9571000000,-22579000000,-37549000000.0,1
24-04-2015,32.62250137,32.65750122,32.30749893,32.56999969,29.19291115,178103600,18279.784,236.222,5.4,0.12,232000000000.0,68531000000.0,13844000000,70537000000.0,182000000000.0,52503000000.0,1795000000,384000000,39510000000,9571000000,-22579000000,-37549000000.0,-1
27-04-2015,33.07749939,33.28250122,32.78749847,33.16249847,29.72397804,387816800,18279.784,236.222,5.4,0.12,232000000000.0,68531000000.0,13844000000,70537000000.0,182000000000.0,52503000000.0,1795000000,384000000,39510000000,9571000000,-22579000000,-37549000000.0,1
28-04-2015,33.61500168,33.63499832,32.39250183,32.63999939,29.25566101,475696000,18279.784,236.222,5.4,0.12,232000000000.0,68531000000.0,13844000000,70537000000.0,182000000000.0,52503000000.0,1795000000,384000000,39510000000,9571000000,-22579000000,-37549000000.0,-1
29-04-2015,32.54000092,32.89749908,32.07500076,32.15999985,28.82542992,253544400,18279.784,236.222,5.4,0.12,232000000000.0,68531000000.0,13844000000,70537000000.0,182000000000.0,52503000000.0,1795000000,384000000,39510000000,9571000000,-22579000000,-37549000000.0,-1
30-04-2015,32.15999985,32.15999985,31.14500046,31.28750038,28.04340363,332781600,18279.784,236.222,5.4,0.12,232000000000.0,68531000000.0,13844000000,70537000000.0,182000000000.0,52503000000.0,1795000000,384000000,39510000000,9571000000,-22579000000,-37549000000.0,-1
01-05-2015,31.52499962,32.53250122,31.32500076,32.23749924,28.89488983,234050400,18279.784,236.222,5.4,0.12,232000000000.0,68531000000.0,13844000000,70537000000.0,182000000000.0,52503000000.0,1795000000,384000000,39510000000,9571000000,-22579000000,-37549000000.0,1
04-05-2015,32.375,32.64250183,32.06499863,32.17499924,28.83887482,203953200,18279.784,236.222,5.4,0.12,232000000000.0,68531000000.0,13844000000,70537000000.0,182000000000.0,52503000000.0,1795000000,384000000,39510000000,9571000000,-22579000000,-37549000000.0,-1
05-05-2015,32.03749847,32.11249924,31.44499969,31.45000076,28.18904686,197085600,18279.784,236.222,5.4,0.12,232000000000.0,68531000000.0,13844000000,70537000000.0,182000000000.0,52503000000.0,1795000000,384000000,39510000000,9571000000,-22579000000,-37549000000.0,-1
06-05-2015,31.63999939,31.6875,30.84000015,31.25250053,28.01202965,288564000,18279.784,236.222,5.4,0.12,232000000000.0,68531000000.0,13844000000,70537000000.0,182000000000.0,52503000000.0,1795000000,384000000,39510000000,9571000000,-22579000000,-37549000000.0,-1
07-05-2015,31.19249916,31.52000046,31.00499916,31.31500053,28.18528748,175763600,18279.784,236.222,5.4,0.12,232000000000.0,68531000000.0,13844000000,70537000000.0,182000000000.0,52503000000.0,1795000000,384000000,39510000000,9571000000,-22579000000,-37549000000.0,1
08-05-2015,31.67000008,31.90500069,31.52750015,31.90500069,28.71632004,222201600,18279.784,236.222,5.4,0.12,232000000000.0,68531000000.0,13844000000,70537000000.0,182000000000.0,52503000000.0,1795000000,384000000,39510000000,9571000000,-22579000000,-37549000000.0,1
11-05-2015,31.84749985,31.88999939,31.40749931,31.57999992,28.42380142,168143200,18279.784,236.222,5.4,0.12,232000000000.0,68531000000.0,13844000000,70537000000.0,182000000000.0,52503000000.0,1795000000,384000000,39510000000,9571000000,-22579000000,-37549000000.0,-1
12-05-2015,31.39999962,31.71999931,31.20499992,31.46750069,28.32254791,192640000,18279.784,236.222,5.4,0.12,232000000000.0,68531000000.0,13844000000,70537000000.0,182000000000.0,52503000000.0,1795000000,384000000,39510000000,9571000000,-22579000000,-37549000000.0,1
13-05-2015,31.53750038,31.79750061,31.46750069,31.50250053,28.35404778,138776800,18279.784,236.222,5.4,0.12,232000000000.0,68531000000.0,13844000000,70537000000.0,182000000000.0,52503000000.0,1795000000,384000000,39510000000,9571000000,-22579000000,-37549000000.0,-1
14-05-2015,31.85250092,32.23749924,31.79000092,32.23749924,29.01558685,180814000,18279.784,236.222,5.4,0.12,232000000000.0,68531000000.0,13844000000,70537000000.0,182000000000.0,52503000000.0,1795000000,384000000,39510000000,9571000000,-22579000000,-37549000000.0,1
15-05-2015,32.26750183,32.37250137,32.05250168,32.19250107,28.9750843,152832000,18279.784,236.222,5.4,0.12,232000000000.0,68531000000.0,13844000000,70537000000.0,182000000000.0,52503000000.0,1795000000,384000000,39510000000,9571000000,-22579000000,-37549000000.0,-1
18-05-2015,32.09500122,32.68000031,32.09000015,32.54750061,29.29460907,203531600,18279.784,236.222,5.4,0.12,232000000000.0,68531000000.0,13844000000,70537000000.0,182000000000.0,52503000000.0,1795000000,384000000,39510000000,9571000000,-22579000000,-37549000000.0,1
19-05-2015,32.67250061,32.72000122,32.40999985,32.51750183,29.26760674,178532800,18279.784,236.222,5.4,0.12,232000000000.0,68531000000.0,13844000000,70537000000.0,182000000000.0,52503000000.0,1795000000,384000000,39510000000,9571000000,-22579000000,-37549000000.0,-1
20-05-2015,32.5,32.74499893,32.33499908,32.51499939,29.26535606,145819600,18279.784,236.222,5.4,0.12,232000000000.0,68531000000.0,13844000000,70537000000.0,182000000000.0,52503000000.0,1795000000,384000000,39510000000,9571000000,-22579000000,-37549000000.0,1
21-05-2015,32.51750183,32.90750122,32.45750046,32.84749985,29.56462097,158921600,18279.784,236.222,5.4,0.12,232000000000.0,68531000000.0,13844000000,70537000000.0,182000000000.0,52503000000.0,1795000000,384000000,39510000000,9571000000,-22579000000,-37549000000.0,1
22-05-2015,32.90000153,33.24250031,32.84999847,33.13499832,29.82338905,182384000,18279.784,236.222,5.4,0.12,232000000000.0,68531000000.0,13844000000,70537000000.0,182000000000.0,52503000000.0,1795000000,384000000,39510000000,9571000000,-22579000000,-37549000000.0,1
26-05-2015,33.15000153,33.22750092,32.27999878,32.40499878,29.16634369,282790400,18279.784,236.222,5.4,0.12,232000000000.0,68531000000.0,13844000000,70537000000.0,182000000000.0,52503000000.0,1795000000,384000000,39510000000,9571000000,-22579000000,-37549000000.0,-1
27-05-2015,32.58499908,33.06499863,32.51250076,33.00999832,29.71088219,183332800,18279.784,236.222,5.4,0.12,232000000000.0,68531000000.0,13844000000,70537000000.0,182000000000.0,52503000000.0,1795000000,384000000,39510000000,9571000000,-22579000000,-37549000000.0,1
28-05-2015,32.96500015,32.98749924,32.77500153,32.94499969,29.65237236,122933200,18279.784,236.222,5.4,0.12,232000000000.0,68531000000.0,13844000000,70537000000.0,182000000000.0,52503000000.0,1795000000,384000000,39510000000,9571000000,-22579000000,-37549000000.0,-1
29-05-2015,32.80749893,32.86249924,32.47499847,32.56999969,29.31485367,203538000,18279.784,236.222,5.4,0.12,232000000000.0,68531000000.0,13844000000,70537000000.0,182000000000.0,52503000000.0,1795000000,384000000,39510000000,9571000000,-22579000000,-37549000000.0,-1
01-06-2015,32.56999969,32.84749985,32.51250076,32.63499832,29.37335587,128451200,18279.784,236.222,5.4,0.12,232000000000.0,68531000000.0,13844000000,70537000000.0,182000000000.0,52503000000.0,1795000000,384000000,39510000000,9571000000,-22579000000,-37549000000.0,1
02-06-2015,32.46500015,32.66500092,32.33000183,32.49000168,29.24285698,134670400,18279.784,236.222,5.4,0.12,232000000000.0,68531000000.0,13844000000,70537000000.0,182000000000.0,52503000000.0,1795000000,384000000,39510000000,9571000000,-22579000000,-37549000000.0,1
03-06-2015,32.66500092,32.73500061,32.47499847,32.52999878,29.27884865,123934000,18279.784,236.222,5.4,0.12,232000000000.0,68531000000.0,13844000000,70537000000.0,182000000000.0,52503000000.0,1795000000,384000000,39510000000,9571000000,-22579000000,-37549000000.0,-1
04-06-2015,32.39500046,32.64500046,32.22750092,32.34000015,29.10784149,153800400,18279.784,236.222,5.4,0.12,232000000000.0,68531000000.0,13844000000,70537000000.0,182000000000.0,52503000000.0,1795000000,384000000,39510000000,9571000000,-22579000000,-37549000000.0,-1
05-06-2015,32.375,32.42250061,32.09000015,32.16249847,28.94807816,142507200,18279.784,236.222,5.4,0.12,232000000000.0,68531000000.0,13844000000,70537000000.0,182000000000.0,52503000000.0,1795000000,384000000,39510000000,9571000000,-22579000000,-37549000000.0,-1
08-06-2015,32.22499847,32.30250168,31.70750046,31.95000076,28.75681877,210699200,18279.784,236.222,5.4,0.12,232000000000.0,68531000000.0,13844000000,70537000000.0,182000000000.0,52503000000.0,1795000000,384000000,39510000000,9571000000,-22579000000,-37549000000.0,-1
09-06-2015,31.67499924,32.02000046,31.40500069,31.85499954,28.67131996,224301600,18279.784,236.222,5.4,0.12,232000000000.0,68531000000.0,13844000000,70537000000.0,182000000000.0,52503000000.0,1795000000,384000000,39510000000,9571000000,-22579000000,-37549000000.0,1
10-06-2015,31.97999954,32.33499908,31.96249962,32.22000122,28.99983978,156349200,18279.784,236.222,5.4,0.12,232000000000.0,68531000000.0,13844000000,70537000000.0,182000000000.0,52503000000.0,1795000000,384000000,39510000000,9571000000,-22579000000,-37549000000.0,1
11-06-2015,32.29499817,32.54499817,32.11999893,32.14749908,28.93458366,141563600,18279.784,236.222,5.4,0.12,232000000000.0,68531000000.0,13844000000,70537000000.0,182000000000.0,52503000000.0,1795000000,384000000,39510000000,9571000000,-22579000000,-37549000000.0,-1
12-06-2015,32.04750061,32.08250046,31.77750015,31.79249954,28.61506844,147544800,18279.784,236.222,5.4,0.12,232000000000.0,68531000000.0,13844000000,70537000000.0,182000000000.0,52503000000.0,1795000000,384000000,39510000000,9571000000,-22579000000,-37549000000.0,-1
15-06-2015,31.52499962,31.80999947,31.42749977,31.72999954,28.5588131,175955600,18279.784,236.222,5.4,0.12,232000000000.0,68531000000.0,13844000000,70537000000.0,182000000000.0,52503000000.0,1795000000,384000000,39510000000,9571000000,-22579000000,-37549000000.0,1
16-06-2015,31.75749969,31.96249962,31.59250069,31.89999962,28.7118187,125976400,18279.784,236.222,5.4,0.12,232000000000.0,68531000000.0,13844000000,70537000000.0,182000000000.0,52503000000.0,1795000000,384000000,39510000000,9571000000,-22579000000,-37549000000.0,1
17-06-2015,31.93000031,31.96999931,31.68499947,31.82500076,28.6443119,131672400,18279.784,236.222,5.4,0.12,232000000000.0,68531000000.0,13844000000,70537000000.0,182000000000.0,52503000000.0,1795000000,384000000,39510000000,9571000000,-22579000000,-37549000000.0,-1
18-06-2015,31.80750084,32.07749939,31.80500031,31.96999931,28.77482605,141628800,18279.784,236.222,5.4,0.12,232000000000.0,68531000000.0,13844000000,70537000000.0,182000000000.0,52503000000.0,1795000000,384000000,39510000000,9571000000,-22579000000,-37549000000.0,1
19-06-2015,31.92749977,31.95499992,31.60000038,31.64999962,28.48680496,218867600,18279.784,236.222,5.4,0.12,232000000000.0,68531000000.0,13844000000,70537000000.0,182000000000.0,52503000000.0,1795000000,384000000,39510000000,9571000000,-22579000000,-37549000000.0,-1
22-06-2015,31.87249947,32.01499939,31.77000046,31.90250015,28.71406555,136157200,18279.784,236.222,5.4,0.12,232000000000.0,68531000000.0,13844000000,70537000000.0,182000000000.0,52503000000.0,1795000000,384000000,39510000000,9571000000,-22579000000,-37549000000.0,1
23-06-2015,31.87000084,31.90250015,31.71999931,31.75749969,28.58356667,121075600,18279.784,236.222,5.4,0.12,232000000000.0,68531000000.0,13844000000,70537000000.0,182000000000.0,52503000000.0,1795000000,384000000,39510000000,9571000000,-22579000000,-37549000000.0,-1
24-06-2015,31.80249977,32.45000076,31.78000069,32.02750015,28.82657433,221123600,18279.784,236.222,5.4,0.12,232000000000.0,68531000000.0,13844000000,70537000000.0,182000000000.0,52503000000.0,1795000000,384000000,39510000000,9571000000,-22579000000,-37549000000.0,1
25-06-2015,32.21500015,32.29999924,31.875,31.875,28.6893177,127752400,18279.784,236.222,5.4,0.12,232000000000.0,68531000000.0,13844000000,70537000000.0,182000000000.0,52503000000.0,1795000000,384000000,39510000000,9571000000,-22579000000,-37549000000.0,-1
26-06-2015,31.91749954,31.99749947,31.62750053,31.6875,28.5205555,176267200,18279.784,236.222,5.4,0.12,232000000000.0,68531000000.0,13844000000,70537000000.0,182000000000.0,52503000000.0,1795000000,384000000,39510000000,9571000000,-22579000000,-37549000000.0,-1
29-06-2015,31.36499977,31.61750031,31.12000084,31.13249969,28.0210228,196645600,18279.784,236.222,5.4,0.12,232000000000.0,68531000000.0,13844000000,70537000000.0,182000000000.0,52503000000.0,1795000000,384000000,39510000000,9571000000,-22579000000,-37549000000.0,-1
30-06-2015,31.39249992,31.53000069,31.21500015,31.35750008,28.22353554,177482800,18279.784,236.222,5.4,0.12,232000000000.0,68531000000.0,13844000000,70537000000.0,182000000000.0,52503000000.0,1795000000,384000000,39510000000,9571000000,-22579000000,-37549000000.0,-1
01-07-2015,31.72500038,31.73500061,31.49749947,31.64999962,28.48680496,120955200,18401.626,238.034,5.2,0.13,232000000000.0,68531000000.0,13844000000,70537000000.0,182000000000.0,52503000000.0,1795000000,384000000,39510000000,9571000000,-22579000000,-37549000000.0,-1
02-07-2015,31.60750008,31.67250061,31.44249916,31.61000061,28.45080376,108844000,18401.626,238.034,5.2,0.13,232000000000.0,68531000000.0,13844000000,70537000000.0,182000000000.0,52503000000.0,1795000000,384000000,39510000000,9571000000,-22579000000,-37549000000.0,1
06-07-2015,31.23500061,31.55750084,31.21249962,31.5,28.35179901,112241600,18401.626,238.034,5.2,0.13,232000000000.0,68531000000.0,13844000000,70537000000.0,182000000000.0,52503000000.0,1795000000,384000000,39510000000,9571000000,-22579000000,-37549000000.0,1
07-07-2015,31.47249985,31.53750038,30.94249916,31.42250061,28.28203964,187787200,18401.626,238.034,5.2,0.13,232000000000.0,68531000000.0,13844000000,70537000000.0,182000000000.0,52503000000.0,1795000000,384000000,39510000000,9571000000,-22579000000,-37549000000.0,-1
08-07-2015,31.12000084,31.15999985,30.63500023,30.64249992,27.57999611,243046400,18401.626,238.034,5.2,0.13,232000000000.0,68531000000.0,13844000000,70537000000.0,182000000000.0,52503000000.0,1795000000,384000000,39510000000,9571000000,-22579000000,-37549000000.0,-1
09-07-2015,30.96249962,31.01499939,29.80500031,30.01749992,27.01745987,314380000,18401.626,238.034,5.2,0.13,232000000000.0,68531000000.0,13844000000,70537000000.0,182000000000.0,52503000000.0,1795000000,384000000,39510000000,9571000000,-22579000000,-37549000000.0,-1
10-07-2015,30.48500061,30.96249962,30.30249977,30.81999969,27.73976135,245418000,18401.626,238.034,5.2,0.13,232000000000.0,68531000000.0,13844000000,70537000000.0,182000000000.0,52503000000.0,1795000000,384000000,39510000000,9571000000,-22579000000,-37549000000.0,1
13-07-2015,31.25749969,31.44000053,31.07999992,31.41500092,28.27529144,165762000,18401.626,238.034,5.2,0.13,232000000000.0,68531000000.0,13844000000,70537000000.0,182000000000.0,52503000000.0,1795000000,384000000,39510000000,9571000000,-22579000000,-37549000000.0,1
14-07-2015,31.51000023,31.59250069,31.26000023,31.40250015,28.26403999,127072400,18401.626,238.034,5.2,0.13,232000000000.0,68531000000.0,13844000000,70537000000.0,182000000000.0,52503000000.0,1795000000,384000000,39510000000,9571000000,-22579000000,-37549000000.0,-1
15-07-2015,31.43000031,31.78750038,31.39500046,31.70499992,28.5363121,134596800,18401.626,238.034,5.2,0.13,232000000000.0,68531000000.0,13844000000,70537000000.0,182000000000.0,52503000000.0,1795000000,384000000,39510000000,9571000000,-22579000000,-37549000000.0,1
16-07-2015,31.93499947,32.14250183,31.83749962,32.12749863,28.91658401,144889600,18401.626,238.034,5.2,0.13,232000000000.0,68531000000.0,13844000000,70537000000.0,182000000000.0,52503000000.0,1795000000,384000000,39510000000,9571000000,-22579000000,-37549000000.0,1
17-07-2015,32.27000046,32.40499878,32.07749939,32.40499878,29.16634369,184658800,18401.626,238.034,5.2,0.13,232000000000.0,68531000000.0,13844000000,70537000000.0,182000000000.0,52503000000.0,1795000000,384000000,39510000000,9571000000,-22579000000,-37549000000.0,1
20-07-2015,32.74250031,33.24250031,32.67499924,33.01750183,29.71763229,235600800,18401.626,238.034,5.2,0.13,232000000000.0,68531000000.0,13844000000,70537000000.0,182000000000.0,52503000000.0,1795000000,384000000,39510000000,9571000000,-22579000000,-37549000000.0,1
21-07-2015,33.21250153,33.22999954,32.58000183,32.6875,29.42061424,307025600,18401.626,238.034,5.2,0.13,232000000000.0,68531000000.0,13844000000,70537000000.0,182000000000.0,52503000000.0,1795000000,384000000,39510000000,9571000000,-22579000000,-37549000000.0,-1
22-07-2015,30.49749947,31.375,30.49749947,31.30500031,28.1762867,461802400,18401.626,238.034,5.2,0.13,232000000000.0,68531000000.0,13844000000,70537000000.0,182000000000.0,52503000000.0,1795000000,384000000,39510000000,9571000000,-22579000000,-37549000000.0,1
23-07-2015,31.54999924,31.77249908,31.26499939,31.29000092,28.16278458,203998000,18401.626,238.034,5.2,0.13,232000000000.0,68531000000.0,13844000000,70537000000.0,182000000000.0,52503000000.0,1795000000,384000000,39510000000,9571000000,-22579000000,-37549000000.0,-1
24-07-2015,31.32999992,31.43499947,30.97500038,31.125,28.0142765,168649200,18401.626,238.034,5.2,0.13,232000000000.0,68531000000.0,13844000000,70537000000.0,182000000000.0,52503000000.0,1795000000,384000000,39510000000,9571000000,-22579000000,-37549000000.0,-1
27-07-2015,30.77249908,30.90250015,30.53000069,30.69249916,27.62500191,177822000,18401.626,238.034,5.2,0.13,232000000000.0,68531000000.0,13844000000,70537000000.0,182000000000.0,52503000000.0,1795000000,384000000,39510000000,9571000000,-22579000000,-37549000000.0,-1
28-07-2015,30.84499931,30.97750092,30.63750076,30.84499931,27.76226425,134472400,18401.626,238.034,5.2,0.13,232000000000.0,68531000000.0,13844000000,70537000000.0,182000000000.0,52503000000.0,1795000000,384000000,39510000000,9571000000,-22579000000,-37549000000.0,0
29-07-2015,30.78750038,30.875,30.56749916,30.74749947,27.67450142,148046800,18401.626,238.034,5.2,0.13,232000000000.0,68531000000.0,13844000000,70537000000.0,182000000000.0,52503000000.0,1795000000,384000000,39510000000,9571000000,-22579000000,-37549000000.0,-1
30-07-2015,30.57999992,30.64249992,30.42749977,30.59250069,27.53499222,134513200,18401.626,238.034,5.2,0.13,232000000000.0,68531000000.0,13844000000,70537000000.0,182000000000.0,52503000000.0,1795000000,384000000,39510000000,9571000000,-22579000000,-37549000000.0,1
31-07-2015,30.64999962,30.65999985,30.22750092,30.32500076,27.29423332,171540000,18401.626,238.034,5.2,0.13,232000000000.0,68531000000.0,13844000000,70537000000.0,182000000000.0,52503000000.0,1795000000,384000000,39510000000,9571000000,-22579000000,-37549000000.0,-1
03-08-2015,30.375,30.64249992,29.37999916,29.61000061,26.65068626,279904000,18401.626,238.034,5.2,0.13,232000000000.0,68531000000.0,13844000000,70537000000.0,182000000000.0,52503000000.0,1795000000,384000000,39510000000,9571000000,-22579000000,-37549000000.0,-1
04-08-2015,29.35499954,29.42499924,28.3125,28.65999985,25.79563522,496554400,18401.626,238.034,5.2,0.13,232000000000.0,68531000000.0,13844000000,70537000000.0,182000000000.0,52503000000.0,1795000000,384000000,39510000000,9571000000,-22579000000,-37549000000.0,-1
05-08-2015,28.23749924,29.36000061,28.02499962,28.85000038,25.96664238,397250400,18401.626,238.034,5.2,0.13,232000000000.0,68531000000.0,13844000000,70537000000.0,182000000000.0,52503000000.0,1795000000,384000000,39510000000,9571000000,-22579000000,-37549000000.0,1
06-08-2015,28.99250031,29.125,28.53000069,28.78249931,26.02314949,211612000,18401.626,238.034,5.2,0.13,232000000000.0,68531000000.0,13844000000,70537000000.0,182000000000.0,52503000000.0,1795000000,384000000,39510000000,9571000000,-22579000000,-37549000000.0,-1
07-08-2015,28.64500046,29.0625,28.625,28.87999916,26.11130905,154681600,18401.626,238.034,5.2,0.13,232000000000.0,68531000000.0,13844000000,70537000000.0,182000000000.0,52503000000.0,1795000000,384000000,39510000000,9571000000,-22579000000,-37549000000.0,1
10-08-2015,29.13249969,29.99749947,29.13249969,29.93000031,27.06064224,219806400,18401.626,238.034,5.2,0.13,232000000000.0,68531000000.0,13844000000,70537000000.0,182000000000.0,52503000000.0,1795000000,384000000,39510000000,9571000000,-22579000000,-37549000000.0,1
11-08-2015,29.45249939,29.54500008,28.33250046,28.37249947,25.65245628,388331200,18401.626,238.034,5.2,0.13,232000000000.0,68531000000.0,13844000000,70537000000.0,182000000000.0,52503000000.0,1795000000,384000000,39510000000,9571000000,-22579000000,-37549000000.0,-1
12-08-2015,28.13249969,28.85499954,27.40749931,28.80999947,26.04801559,404870000,18401.626,238.034,5.2,0.13,232000000000.0,68531000000.0,13844000000,70537000000.0,182000000000.0,52503000000.0,1795000000,384000000,39510000000,9571000000,-22579000000,-37549000000.0,1
13-08-2015,29.01000023,29.10000038,28.63500023,28.78750038,26.02767181,194143200,18401.626,238.034,5.2,0.13,232000000000.0,68531000000.0,13844000000,70537000000.0,182000000000.0,52503000000.0,1795000000,384000000,39510000000,9571000000,-22579000000,-37549000000.0,-1
14-08-2015,28.57999992,29.07749939,28.50250053,28.98999977,26.2107563,171718000,18401.626,238.034,5.2,0.13,232000000000.0,68531000000.0,13844000000,70537000000.0,182000000000.0,52503000000.0,1795000000,384000000,39510000000,9571000000,-22579000000,-37549000000.0,1
17-08-2015,29.01000023,29.41250038,28.875,29.29000092,26.48200035,163538800,18401.626,238.034,5.2,0.13,232000000000.0,68531000000.0,13844000000,70537000000.0,182000000000.0,52503000000.0,1795000000,384000000,39510000000,9571000000,-22579000000,-37549000000.0,1
18-08-2015,29.10750008,29.36000061,29.00250053,29.125,26.33282089,138242800,18401.626,238.034,5.2,0.13,232000000000.0,68531000000.0,13844000000,70537000000.0,182000000000.0,52503000000.0,1795000000,384000000,39510000000,9571000000,-22579000000,-37549000000.0,1
19-08-2015,29.02499962,29.12999916,28.67000008,28.75250053,25.9960289,193146000,18401.626,238.034,5.2,0.13,232000000000.0,68531000000.0,13844000000,70537000000.0,182000000000.0,52503000000.0,1795000000,384000000,39510000000,9571000000,-22579000000,-37549000000.0,-1
20-08-2015,28.52000046,28.58749962,27.90749931,28.16250038,25.46258736,274006400,18401.626,238.034,5.2,0.13,232000000000.0,68531000000.0,13844000000,70537000000.0,182000000000.0,52503000000.0,1795000000,384000000,39510000000,9571000000,-22579000000,-37549000000.0,-1
21-08-2015,27.60750008,27.97500038,26.41250038,26.44000053,23.90522766,513102000,18401.626,238.034,5.2,0.13,232000000000.0,68531000000.0,13844000000,70537000000.0,182000000000.0,52503000000.0,1795000000,384000000,39510000000,9571000000,-22579000000,-37549000000.0,-1
24-08-2015,23.71750069,27.20000076,23.0,25.78000069,23.30849838,648825200,18401.626,238.034,5.2,0.13,232000000000.0,68531000000.0,13844000000,70537000000.0,182000000000.0,52503000000.0,1795000000,384000000,39510000000,9571000000,-22579000000,-37549000000.0,1
25-08-2015,27.77750015,27.77750015,25.875,25.93499947,23.44863701,414406400,18401.626,238.034,5.2,0.13,232000000000.0,68531000000.0,13844000000,70537000000.0,182000000000.0,52503000000.0,1795000000,384000000,39510000000,9571000000,-22579000000,-37549000000.0,-1
26-08-2015,26.77249908,27.47249985,26.26250076,27.42250061,24.79353333,387098400,18401.626,238.034,5.2,0.13,232000000000.0,68531000000.0,13844000000,70537000000.0,182000000000.0,52503000000.0,1795000000,384000000,39510000000,9571000000,-22579000000,-37549000000.0,1
27-08-2015,28.05750084,28.30999947,27.50499916,28.22999954,25.5236187,338464400,18401.626,238.034,5.2,0.13,232000000000.0,68531000000.0,13844000000,70537000000.0,182000000000.0,52503000000.0,1795000000,384000000,39510000000,9571000000,-22579000000,-37549000000.0,1
28-08-2015,28.04249954,28.32749939,27.88500023,28.32250023,25.60725594,212657600,18401.626,238.034,5.2,0.13,232000000000.0,68531000000.0,13844000000,70537000000.0,182000000000.0,52503000000.0,1795000000,384000000,39510000000,9571000000,-22579000000,-37549000000.0,1
31-08-2015,28.00749969,28.63249969,28.0,28.19000053,25.48745346,224917200,18401.626,238.034,5.2,0.13,232000000000.0,68531000000.0,13844000000,70537000000.0,182000000000.0,52503000000.0,1795000000,384000000,39510000000,9571000000,-22579000000,-37549000000.0,1
01-09-2015,27.53750038,27.96999931,26.84000015,26.93000031,24.34825325,307383600,18401.626,238.034,5.2,0.13,232000000000.0,68531000000.0,13844000000,70537000000.0,182000000000.0,52503000000.0,1795000000,384000000,39510000000,9571000000,-22579000000,-37549000000.0,-1
02-09-2015,27.55750084,28.08499908,27.28249931,28.08499908,25.39252281,247555200,18401.626,238.034,5.2,0.13,232000000000.0,68531000000.0,13844000000,70537000000.0,182000000000.0,52503000000.0,1795000000,384000000,39510000000,9571000000,-22579000000,-37549000000.0,1
03-09-2015,28.12249947,28.19499969,27.51000023,27.59250069,24.94723892,212935600,18401.626,238.034,5.2,0.13,232000000000.0,68531000000.0,13844000000,70537000000.0,182000000000.0,52503000000.0,1795000000,384000000,39510000000,9571000000,-22579000000,-37549000000.0,-1
04-09-2015,27.24250031,27.61249924,27.12750053,27.31749916,24.69859886,199985200,18401.626,238.034,5.2,0.13,232000000000.0,68531000000.0,13844000000,70537000000.0,182000000000.0,52503000000.0,1795000000,384000000,39510000000,9571000000,-22579000000,-37549000000.0,1
08-09-2015,27.9375,28.13999939,27.57999992,28.07749939,25.38573647,219374400,18401.626,238.034,5.2,0.13,232000000000.0,68531000000.0,13844000000,70537000000.0,182000000000.0,52503000000.0,1795000000,384000000,39510000000,9571000000,-22579000000,-37549000000.0,1
09-09-2015,28.44000053,28.50499916,27.44249916,27.53750038,24.89751434,340043200,18401.626,238.034,5.2,0.13,232000000000.0,68531000000.0,13844000000,70537000000.0,182000000000.0,52503000000.0,1795000000,384000000,39510000000,9571000000,-22579000000,-37549000000.0,-1
10-09-2015,27.56749916,28.31999969,27.47500038,28.14249992,25.44451332,251571200,18401.626,238.034,5.2,0.13,232000000000.0,68531000000.0,13844000000,70537000000.0,182000000000.0,52503000000.0,1795000000,384000000,39510000000,9571000000,-22579000000,-37549000000.0,1
11-09-2015,27.94750023,28.55249977,27.94000053,28.55249977,25.81520081,199662000,18401.626,238.034,5.2,0.13,232000000000.0,68531000000.0,13844000000,70537000000.0,182000000000.0,52503000000.0,1795000000,384000000,39510000000,9571000000,-22579000000,-37549000000.0,1
14-09-2015,29.14500046,29.22249985,28.71500015,28.82749939,26.06383896,233453600,18401.626,238.034,5.2,0.13,232000000000.0,68531000000.0,13844000000,70537000000.0,182000000000.0,52503000000.0,1795000000,384000000,39510000000,9571000000,-22579000000,-37549000000.0,-1
15-09-2015,28.98250008,29.13249969,28.60499954,29.06999969,26.28309441,173364800,18401.626,238.034,5.2,0.13,232000000000.0,68531000000.0,13844000000,70537000000.0,182000000000.0,52503000000.0,1795000000,384000000,39510000000,9571000000,-22579000000,-37549000000.0,1
16-09-2015,29.0625,29.13500023,28.86000061,29.10250092,26.3124733,148694000,18401.626,238.034,5.2,0.13,232000000000.0,68531000000.0,13844000000,70537000000.0,182000000000.0,52503000000.0,1795000000,384000000,39510000000,9571000000,-22579000000,-37549000000.0,1
17-09-2015,28.91500092,29.12249947,28.43000031,28.47999954,25.74965477,256450400,18401.626,238.034,5.2,0.13,232000000000.0,68531000000.0,13844000000,70537000000.0,182000000000.0,52503000000.0,1795000000,384000000,39510000000,9571000000,-22579000000,-37549000000.0,-1
18-09-2015,28.05249977,28.57500076,27.96750069,28.36249924,25.64341164,297141200,18401.626,238.034,5.2,0.13,232000000000.0,68531000000.0,13844000000,70537000000.0,182000000000.0,52503000000.0,1795000000,384000000,39510000000,9571000000,-22579000000,-37549000000.0,1
21-09-2015,28.41749954,28.84250069,28.41500092,28.80249977,26.04124069,200888000,18401.626,238.034,5.2,0.13,232000000000.0,68531000000.0,13844000000,70537000000.0,182000000000.0,52503000000.0,1795000000,384000000,39510000000,9571000000,-22579000000,-37549000000.0,1
22-09-2015,28.34499931,28.54500008,28.12999916,28.35000038,25.63210869,201384800,18401.626,238.034,5.2,0.13,232000000000.0,68531000000.0,13844000000,70537000000.0,182000000000.0,52503000000.0,1795000000,384000000,39510000000,9571000000,-22579000000,-37549000000.0,1
23-09-2015,28.40749931,28.68000031,28.32500076,28.57999992,25.84006691,143026800,18401.626,238.034,5.2,0.13,232000000000.0,68531000000.0,13844000000,70537000000.0,182000000000.0,52503000000.0,1795000000,384000000,39510000000,9571000000,-22579000000,-37549000000.0,1
24-09-2015,28.3125,28.875,28.09250069,28.75,25.99376869,200878000,18401.626,238.034,5.2,0.13,232000000000.0,68531000000.0,13844000000,70537000000.0,182000000000.0,52503000000.0,1795000000,384000000,39510000000,9571000000,-22579000000,-37549000000.0,1
25-09-2015,29.11000061,29.17250061,28.50499916,28.67749977,25.92822266,224607600,18401.626,238.034,5.2,0.13,232000000000.0,68531000000.0,13844000000,70537000000.0,182000000000.0,52503000000.0,1795000000,384000000,39510000000,9571000000,-22579000000,-37549000000.0,-1
28-09-2015,28.46249962,28.64249992,28.11000061,28.11000061,25.4151268,208436000,18401.626,238.034,5.2,0.13,232000000000.0,68531000000.0,13844000000,70537000000.0,182000000000.0,52503000000.0,1795000000,384000000,39510000000,9571000000,-22579000000,-37549000000.0,-1
29-09-2015,28.20750046,28.37750053,26.96500015,27.26499939,24.65113258,293461600,18401.626,238.034,5.2,0.13,232000000000.0,68531000000.0,13844000000,70537000000.0,182000000000.0,52503000000.0,1795000000,384000000,39510000000,9571000000,-22579000000,-37549000000.0,-1
30-09-2015,27.54249954,27.88500023,27.18250084,27.57500076,24.93141174,265892000,18401.626,238.034,5.2,0.13,290000000000.0,89378000000.0,21120000000,93626000000.0,233000000000.0,71230000000.0,2921000000,733000000,53394000000,11488000000,-56274000000,-17716000000.0,1
01-10-2015,27.26749992,27.40500069,26.82749939,27.39500046,24.76866913,255716400,18435.137,237.733,5.0,0.12,290000000000.0,89378000000.0,21120000000,93626000000.0,233000000000.0,71230000000.0,2921000000,733000000,53394000000,11488000000,-56274000000,-17716000000.0,1
02-10-2015,27.00250053,27.75250053,26.88750076,27.59499931,24.94949913,232079200,18435.137,237.733,5.0,0.12,290000000000.0,89378000000.0,21120000000,93626000000.0,233000000000.0,71230000000.0,2921000000,733000000,53394000000,11488000000,-56274000000,-17716000000.0,1
05-10-2015,27.46999931,27.84250069,27.26749992,27.69499969,25.03990936,208258800,18435.137,237.733,5.0,0.12,290000000000.0,89378000000.0,21120000000,93626000000.0,233000000000.0,71230000000.0,2921000000,733000000,53394000000,11488000000,-56274000000,-17716000000.0,1
06-10-2015,27.65749931,27.93499947,27.44249916,27.82749939,25.15970802,192787200,18435.137,237.733,5.0,0.12,290000000000.0,89378000000.0,21120000000,93626000000.0,233000000000.0,71230000000.0,2921000000,733000000,53394000000,11488000000,-56274000000,-17716000000.0,1
07-10-2015,27.93499947,27.94249916,27.35250092,27.69499969,25.03990936,187062400,18435.137,237.733,5.0,0.12,290000000000.0,89378000000.0,21120000000,93626000000.0,233000000000.0,71230000000.0,2921000000,733000000,53394000000,11488000000,-56274000000,-17716000000.0,-1
08-10-2015,27.54750061,27.54750061,27.05249977,27.375,24.75059128,247918400,18435.137,237.733,5.0,0.12,290000000000.0,89378000000.0,21120000000,93626000000.0,233000000000.0,71230000000.0,2921000000,733000000,53394000000,11488000000,-56274000000,-17716000000.0,-1
09-10-2015,27.5,28.06999969,27.37249947,28.03000069,25.3427906,211064400,18435.137,237.733,5.0,0.12,290000000000.0,89378000000.0,21120000000,93626000000.0,233000000000.0,71230000000.0,2921000000,733000000,53394000000,11488000000,-56274000000,-17716000000.0,1
12-10-2015,28.18250084,28.1875,27.86000061,27.89999962,25.22525787,121868800,18435.137,237.733,5.0,0.12,290000000000.0,89378000000.0,21120000000,93626000000.0,233000000000.0,71230000000.0,2921000000,733000000,53394000000,11488000000,-56274000000,-17716000000.0,-1
13-10-2015,27.70499992,28.11249924,27.67000008,27.94750023,25.26819992,132197200,18435.137,237.733,5.0,0.12,290000000000.0,89378000000.0,21120000000,93626000000.0,233000000000.0,71230000000.0,2921000000,733000000,53394000000,11488000000,-56274000000,-17716000000.0,1
14-10-2015,27.82250023,27.87999916,27.38999939,27.55249977,24.91107178,177849600,18435.137,237.733,5.0,0.12,290000000000.0,89378000000.0,21120000000,93626000000.0,233000000000.0,71230000000.0,2921000000,733000000,53394000000,11488000000,-56274000000,-17716000000.0,-1
15-10-2015,27.73250008,28.02499962,27.62249947,27.96500015,25.28402519,150694000,18435.137,237.733,5.0,0.12,290000000000.0,89378000000.0,21120000000,93626000000.0,233000000000.0,71230000000.0,2921000000,733000000,53394000000,11488000000,-56274000000,-17716000000.0,1
16-10-2015,27.94499969,28.0,27.63249969,27.76000023,25.0986824,156930400,18435.137,237.733,5.0,0.12,290000000000.0,89378000000.0,21120000000,93626000000.0,233000000000.0,71230000000.0,2921000000,733000000,53394000000,11488000000,-56274000000,-17716000000.0,-1
19-10-2015,27.70000076,27.9375,27.52750015,27.93250084,25.25463867,119036800,18435.137,237.733,5.0,0.12,290000000000.0,89378000000.0,21120000000,93626000000.0,233000000000.0,71230000000.0,2921000000,733000000,53394000000,11488000000,-56274000000,-17716000000.0,1
20-10-2015,27.83499908,28.54249954,27.70499992,28.44249916,25.71574974,195871200,18435.137,237.733,5.0,0.12,290000000000.0,89378000000.0,21120000000,93626000000.0,233000000000.0,71230000000.0,2921000000,733000000,53394000000,11488000000,-56274000000,-17716000000.0,1
21-10-2015,28.5,28.89500046,28.42499924,28.44000053,25.71348763,167180800,18435.137,237.733,5.0,0.12,290000000000.0,89378000000.0,21120000000,93626000000.0,233000000000.0,71230000000.0,2921000000,733000000,53394000000,11488000000,-56274000000,-17716000000.0,-1
22-10-2015,28.58250046,28.875,28.52499962,28.875,26.10678864,166616400,18435.137,237.733,5.0,0.12,290000000000.0,89378000000.0,21120000000,93626000000.0,233000000000.0,71230000000.0,2921000000,733000000,53394000000,11488000000,-56274000000,-17716000000.0,1
23-10-2015,29.17499924,29.80750084,29.08250046,29.77000046,26.9159832,237467600,18435.137,237.733,5.0,0.12,290000000000.0,89378000000.0,21120000000,93626000000.0,233000000000.0,71230000000.0,2921000000,733000000,53394000000,11488000000,-56274000000,-17716000000.0,1
26-10-2015,29.52000046,29.53249931,28.72999954,28.81999969,26.05705833,265335200,18435.137,237.733,5.0,0.12,290000000000.0,89378000000.0,21120000000,93626000000.0,233000000000.0,71230000000.0,2921000000,733000000,53394000000,11488000000,-56274000000,-17716000000.0,-1
27-10-2015,28.85000038,29.13500023,28.49749947,28.63750076,25.89206123,279537600,18435.137,237.733,5.0,0.12,290000000000.0,89378000000.0,21120000000,93626000000.0,233000000000.0,71230000000.0,2921000000,733000000,53394000000,11488000000,-56274000000,-17716000000.0,-1
28-10-2015,29.23250008,29.82500076,29.01499939,29.81749916,26.95892525,342205600,18435.137,237.733,5.0,0.12,290000000000.0,89378000000.0,21120000000,93626000000.0,233000000000.0,71230000000.0,2921000000,733000000,53394000000,11488000000,-56274000000,-17716000000.0,1
29-10-2015,29.67499924,30.17250061,29.56749916,30.13249969,27.24373055,204909200,18435.137,237.733,5.0,0.12,290000000000.0,89378000000.0,21120000000,93626000000.0,233000000000.0,71230000000.0,2921000000,733000000,53394000000,11488000000,-56274000000,-17716000000.0,1
30-10-2015,30.24749947,30.30500031,29.86249924,29.875,27.01092148,197461200,18435.137,237.733,5.0,0.12,290000000000.0,89378000000.0,21120000000,93626000000.0,233000000000.0,71230000000.0,2921000000,733000000,53394000000,11488000000,-56274000000,-17716000000.0,-1
02-11-2015,30.20000076,30.34000015,29.90250015,30.29500008,27.39064598,128813200,18435.137,237.733,5.0,0.12,290000000000.0,89378000000.0,21120000000,93626000000.0,233000000000.0,71230000000.0,2921000000,733000000,53394000000,11488000000,-56274000000,-17716000000.0,1
03-11-2015,30.19750023,30.87249947,30.17499924,30.64249992,27.70483589,182076000,18435.137,237.733,5.0,0.12,290000000000.0,89378000000.0,21120000000,93626000000.0,233000000000.0,71230000000.0,2921000000,733000000,53394000000,11488000000,-56274000000,-17716000000.0,1
04-11-2015,30.78249931,30.95499992,30.40500069,30.5,27.57600021,179544400,18435.137,237.733,5.0,0.12,290000000000.0,89378000000.0,21120000000,93626000000.0,233000000000.0,71230000000.0,2921000000,733000000,53394000000,11488000000,-56274000000,-17716000000.0,-1
05-11-2015,30.46249962,30.67250061,30.04500008,30.22999954,27.44888115,158210800,18435.137,237.733,5.0,0.12,290000000000.0,89378000000.0,21120000000,93626000000.0,233000000000.0,71230000000.0,2921000000,733000000,53394000000,11488000000,-56274000000,-17716000000.0,-1
06-11-2015,30.27750015,30.45249939,30.15500069,30.26499939,27.48065758,132169200,18435.137,237.733,5.0,0.12,290000000000.0,89378000000.0,21120000000,93626000000.0,233000000000.0,71230000000.0,2921000000,733000000,53394000000,11488000000,-56274000000,-17716000000.0,-1
09-11-2015,30.23999977,30.45249939,30.01250076,30.14249992,27.36942673,135485600,18435.137,237.733,5.0,0.12,290000000000.0,89378000000.0,21120000000,93626000000.0,233000000000.0,71230000000.0,2921000000,733000000,53394000000,11488000000,-56274000000,-17716000000.0,-1
10-11-2015,29.22500038,29.51749992,29.01499939,29.19249916,26.50682831,236511600,18435.137,237.733,5.0,0.12,290000000000.0,89378000000.0,21120000000,93626000000.0,233000000000.0,71230000000.0,2921000000,733000000,53394000000,11488000000,-56274000000,-17716000000.0,-1
11-11-2015,29.09250069,29.35499954,28.80249977,29.02750015,26.35700798,180872000,18435.137,237.733,5.0,0.12,290000000000.0,89378000000.0,21120000000,93626000000.0,233000000000.0,71230000000.0,2921000000,733000000,53394000000,11488000000,-56274000000,-17716000000.0,-1
12-11-2015,29.06500053,29.20499992,28.91250038,28.93000031,26.26847076,130102400,18435.137,237.733,5.0,0.12,290000000000.0,89378000000.0,21120000000,93626000000.0,233000000000.0,71230000000.0,2921000000,733000000,53394000000,11488000000,-56274000000,-17716000000.0,-1
13-11-2015,28.79999924,28.89249992,28.06749916,28.08499908,25.50121498,183249600,18435.137,237.733,5.0,0.12,290000000000.0,89378000000.0,21120000000,93626000000.0,233000000000.0,71230000000.0,2921000000,733000000,53394000000,11488000000,-56274000000,-17716000000.0,-1
16-11-2015,27.84499931,28.55999947,27.75,28.54500008,25.91889191,152426800,18435.137,237.733,5.0,0.12,290000000000.0,89378000000.0,21120000000,93626000000.0,233000000000.0,71230000000.0,2921000000,733000000,53394000000,11488000000,-56274000000,-17716000000.0,1
17-11-2015,28.72999954,28.76250076,28.32999992,28.42250061,25.8076725,110467600,18435.137,237.733,5.0,0.12,290000000000.0,89378000000.0,21120000000,93626000000.0,233000000000.0,71230000000.0,2921000000,733000000,53394000000,11488000000,-56274000000,-17716000000.0,-1
18-11-2015,28.94000053,29.37249947,28.875,29.32250023,26.62486649,186698800,18435.137,237.733,5.0,0.12,290000000000.0,89378000000.0,21120000000,93626000000.0,233000000000.0,71230000000.0,2921000000,733000000,53394000000,11488000000,-56274000000,-17716000000.0,1
19-11-2015,29.40999985,29.9375,29.19000053,29.69499969,26.96309853,173183200,18435.137,237.733,5.0,0.12,290000000000.0,89378000000.0,21120000000,93626000000.0,233000000000.0,71230000000.0,2921000000,733000000,53394000000,11488000000,-56274000000,-17716000000.0,1
20-11-2015,29.79999924,29.97999954,29.71249962,29.82500076,27.08112907,137148400,18435.137,237.733,5.0,0.12,290000000000.0,89378000000.0,21120000000,93626000000.0,233000000000.0,71230000000.0,2921000000,733000000,53394000000,11488000000,-56274000000,-17716000000.0,1
23-11-2015,29.81749916,29.93250084,29.33499908,29.4375,26.72928429,129930000,18435.137,237.733,5.0,0.12,290000000000.0,89378000000.0,21120000000,93626000000.0,233000000000.0,71230000000.0,2921000000,733000000,53394000000,11488000000,-56274000000,-17716000000.0,-1
24-11-2015,29.33250046,29.83749962,29.28000069,29.71999931,26.9858017,171212800,18435.137,237.733,5.0,0.12,290000000000.0,89378000000.0,21120000000,93626000000.0,233000000000.0,71230000000.0,2921000000,733000000,53394000000,11488000000,-56274000000,-17716000000.0,1
25-11-2015,29.80249977,29.80750084,29.47999954,29.50749969,26.79284668,85553200,18435.137,237.733,5.0,0.12,290000000000.0,89378000000.0,21120000000,93626000000.0,233000000000.0,71230000000.0,2921000000,733000000,53394000000,11488000000,-56274000000,-17716000000.0,-1
27-11-2015,29.57250023,29.60250092,29.39999962,29.45249939,26.74290276,52185600,18435.137,237.733,5.0,0.12,290000000000.0,89378000000.0,21120000000,93626000000.0,233000000000.0,71230000000.0,2921000000,733000000,53394000000,11488000000,-56274000000,-17716000000.0,-1
30-11-2015,29.49749947,29.85250092,29.4375,29.57500076,26.85413742,156721200,18435.137,237.733,5.0,0.12,290000000000.0,89378000000.0,21120000000,93626000000.0,233000000000.0,71230000000.0,2921000000,733000000,53394000000,11488000000,-56274000000,-17716000000.0,1
01-12-2015,29.6875,29.70249939,29.21500015,29.33499908,26.63621712,139409600,18435.137,237.733,5.0,0.12,290000000000.0,89378000000.0,21120000000,93626000000.0,233000000000.0,71230000000.0,2921000000,733000000,53394000000,11488000000,-56274000000,-17716000000.0,-1
02-12-2015,29.33499908,29.52750015,29.02000046,29.06999969,26.39559555,133546400,18435.137,237.733,5.0,0.12,290000000000.0,89378000000.0,21120000000,93626000000.0,233000000000.0,71230000000.0,2921000000,733000000,53394000000,11488000000,-56274000000,-17716000000.0,-1
03-12-2015,29.13750076,29.19750023,28.55500031,28.79999924,26.15043449,166278000,18435.137,237.733,5.0,0.12,290000000000.0,89378000000.0,21120000000,93626000000.0,233000000000.0,71230000000.0,2921000000,733000000,53394000000,11488000000,-56274000000,-17716000000.0,-1
04-12-2015,28.82250023,29.8125,28.77750015,29.75749969,27.01984596,231108000,18435.137,237.733,5.0,0.12,290000000000.0,89378000000.0,21120000000,93626000000.0,233000000000.0,71230000000.0,2921000000,733000000,53394000000,11488000000,-56274000000,-17716000000.0,1
07-12-2015,29.74500084,29.96500015,29.45249939,29.56999969,26.84959793,128336800,18435.137,237.733,5.0,0.12,290000000000.0,89378000000.0,21120000000,93626000000.0,233000000000.0,71230000000.0,2921000000,733000000,53394000000,11488000000,-56274000000,-17716000000.0,-1
08-12-2015,29.37999916,29.64999962,29.21500015,29.55750084,26.83824539,137238000,18435.137,237.733,5.0,0.12,290000000000.0,89378000000.0,21120000000,93626000000.0,233000000000.0,71230000000.0,2921000000,733000000,53394000000,11488000000,-56274000000,-17716000000.0,1
09-12-2015,29.40999985,29.42250061,28.77000046,28.90500069,26.24578285,185445600,18435.137,237.733,5.0,0.12,290000000000.0,89378000000.0,21120000000,93626000000.0,233000000000.0,71230000000.0,2921000000,733000000,53394000000,11488000000,-56274000000,-17716000000.0,-1
10-12-2015,29.01000023,29.23500061,28.87750053,29.04249954,26.37062836,116850800,18435.137,237.733,5.0,0.12,290000000000.0,89378000000.0,21120000000,93626000000.0,233000000000.0,71230000000.0,2921000000,733000000,53394000000,11488000000,-56274000000,-17716000000.0,1
11-12-2015,28.79750061,28.84749985,28.21249962,28.29500008,25.69189453,187544800,18435.137,237.733,5.0,0.12,290000000000.0,89378000000.0,21120000000,93626000000.0,233000000000.0,71230000000.0,2921000000,733000000,53394000000,11488000000,-56274000000,-17716000000.0,-1
14-12-2015,28.04500008,28.17000008,27.44750023,28.12000084,25.53299141,257274800,18435.137,237.733,5.0,0.12,290000000000.0,89378000000.0,21120000000,93626000000.0,233000000000.0,71230000000.0,2921000000,733000000,53394000000,11488000000,-56274000000,-17716000000.0,1
15-12-2015,27.98500061,28.20000076,27.58749962,27.62249947,25.08126831,213292400,18435.137,237.733,5.0,0.12,290000000000.0,89378000000.0,21120000000,93626000000.0,233000000000.0,71230000000.0,2921000000,733000000,53394000000,11488000000,-56274000000,-17716000000.0,-1
16-12-2015,27.76749992,27.99749947,27.20000076,27.83499908,25.27421188,224954000,18435.137,237.733,5.0,0.12,290000000000.0,89378000000.0,21120000000,93626000000.0,233000000000.0,71230000000.0,2921000000,733000000,53394000000,11488000000,-56274000000,-17716000000.0,1
17-12-2015,28.00499916,28.0625,27.24500084,27.24500084,24.73849297,179091200,18435.137,237.733,5.0,0.12,290000000000.0,89378000000.0,21120000000,93626000000.0,233000000000.0,71230000000.0,2921000000,733000000,53394000000,11488000000,-56274000000,-17716000000.0,-1
18-12-2015,27.22750092,27.37999916,26.45249939,26.50749969,24.06884384,385813200,18435.137,237.733,5.0,0.12,290000000000.0,89378000000.0,21120000000,93626000000.0,233000000000.0,71230000000.0,2921000000,733000000,53394000000,11488000000,-56274000000,-17716000000.0,-1
21-12-2015,26.81999969,26.84250069,26.39249992,26.83250046,24.36394501,190362400,18435.137,237.733,5.0,0.12,290000000000.0,89378000000.0,21120000000,93626000000.0,233000000000.0,71230000000.0,2921000000,733000000,53394000000,11488000000,-56274000000,-17716000000.0,1
22-12-2015,26.85000038,26.93000031,26.61249924,26.80750084,24.34124184,131157600,18435.137,237.733,5.0,0.12,290000000000.0,89378000000.0,21120000000,93626000000.0,233000000000.0,71230000000.0,2921000000,733000000,53394000000,11488000000,-56274000000,-17716000000.0,-1
23-12-2015,26.81749916,27.21249962,26.79999924,27.15250015,24.65450668,130629600,18435.137,237.733,5.0,0.12,290000000000.0,89378000000.0,21120000000,93626000000.0,233000000000.0,71230000000.0,2921000000,733000000,53394000000,11488000000,-56274000000,-17716000000.0,1
24-12-2015,27.25,27.25,26.98749924,27.00749969,24.52284431,54281600,18435.137,237.733,5.0,0.12,290000000000.0,89378000000.0,21120000000,93626000000.0,233000000000.0,71230000000.0,2921000000,733000000,53394000000,11488000000,-56274000000,-17716000000.0,-1
28-12-2015,26.89749908,26.92250061,26.54500008,26.70499992,24.24817276,106816800,18435.137,237.733,5.0,0.12,290000000000.0,89378000000.0,21120000000,93626000000.0,233000000000.0,71230000000.0,2921000000,733000000,53394000000,11488000000,-56274000000,-17716000000.0,-1
29-12-2015,26.73999977,27.35750008,26.71500015,27.18499947,24.68401909,123724800,18435.137,237.733,5.0,0.12,290000000000.0,89378000000.0,21120000000,93626000000.0,233000000000.0,71230000000.0,2921000000,733000000,53394000000,11488000000,-56274000000,-17716000000.0,1
30-12-2015,27.14500046,27.17499924,26.79500008,26.82999992,24.36166954,100855200,18435.137,237.733,5.0,0.12,290000000000.0,89378000000.0,21120000000,93626000000.0,233000000000.0,71230000000.0,2921000000,733000000,53394000000,11488000000,-56274000000,-17716000000.0,-1
31-12-2015,26.75250053,26.75749969,26.20499992,26.31500053,23.89404869,163649200,18435.137,237.733,5.0,0.12,290000000000.0,89378000000.0,21120000000,93626000000.0,233000000000.0,71230000000.0,2921000000,733000000,53394000000,11488000000,-56274000000,-17716000000.0,-1
04-01-2016,25.65250015,26.34250069,25.5,26.33749962,23.91448021,270597600,18525.933,237.652,4.8,0.34,290000000000.0,89378000000.0,21120000000,93626000000.0,233000000000.0,71230000000.0,2921000000,733000000,53394000000,11488000000,-56274000000,-17716000000.0,1
05-01-2016,26.4375,26.46249962,25.60250092,25.67749977,23.31520081,223164000,18525.933,237.652,4.8,0.34,290000000000.0,89378000000.0,21120000000,93626000000.0,233000000000.0,71230000000.0,2921000000,733000000,53394000000,11488000000,-56274000000,-17716000000.0,-1
06-01-2016,25.13999939,25.59250069,24.96750069,25.17499924,22.85892868,273829600,18525.933,237.652,4.8,0.34,290000000000.0,89378000000.0,21120000000,93626000000.0,233000000000.0,71230000000.0,2921000000,733000000,53394000000,11488000000,-56274000000,-17716000000.0,1
07-01-2016,24.67000008,25.03249931,24.10750008,24.11249924,21.8941803,324377600,18525.933,237.652,4.8,0.34,290000000000.0,89378000000.0,21120000000,93626000000.0,233000000000.0,71230000000.0,2921000000,733000000,53394000000,11488000000,-56274000000,-17716000000.0,-1
08-01-2016,24.63750076,24.77750015,24.19000053,24.23999977,22.00995255,283192000,18525.933,237.652,4.8,0.34,290000000000.0,89378000000.0,21120000000,93626000000.0,233000000000.0,71230000000.0,2921000000,733000000,53394000000,11488000000,-56274000000,-17716000000.0,-1
11-01-2016,24.74250031,24.76499939,24.33499908,24.63249969,22.36633492,198957600,18525.933,237.652,4.8,0.34,290000000000.0,89378000000.0,21120000000,93626000000.0,233000000000.0,71230000000.0,2921000000,733000000,53394000000,11488000000,-56274000000,-17716000000.0,-1
12-01-2016,25.13750076,25.17250061,24.70999908,24.98999977,22.69094658,196616800,18525.933,237.652,4.8,0.34,290000000000.0,89378000000.0,21120000000,93626000000.0,233000000000.0,71230000000.0,2921000000,733000000,53394000000,11488000000,-56274000000,-17716000000.0,-1
13-01-2016,25.07999992,25.29750061,24.32500076,24.34749985,22.1075573,249758400,18525.933,237.652,4.8,0.34,290000000000.0,89378000000.0,21120000000,93626000000.0,233000000000.0,71230000000.0,2921000000,733000000,53394000000,11488000000,-56274000000,-17716000000.0,-1
14-01-2016,24.48999977,25.12000084,23.93499947,24.87999916,22.59107208,252680400,18525.933,237.652,4.8,0.34,290000000000.0,89378000000.0,21120000000,93626000000.0,233000000000.0,71230000000.0,2921000000,733000000,53394000000,11488000000,-56274000000,-17716000000.0,1
15-01-2016,24.04999924,24.42749977,23.84000015,24.28249931,22.04853821,319335600,18525.933,237.652,4.8,0.34,290000000000.0,89378000000.0,21120000000,93626000000.0,233000000000.0,71230000000.0,2921000000,733000000,53394000000,11488000000,-56274000000,-17716000000.0,1
19-01-2016,24.60250092,24.66250038,23.875,24.16500092,21.94185066,212350800,18525.933,237.652,4.8,0.34,290000000000.0,89378000000.0,21120000000,93626000000.0,233000000000.0,71230000000.0,2921000000,733000000,53394000000,11488000000,-56274000000,-17716000000.0,-1
20-01-2016,23.77499962,24.54750061,23.35499954,24.19750023,21.97135735,289337600,18525.933,237.652,4.8,0.34,290000000000.0,89378000000.0,21120000000,93626000000.0,233000000000.0,71230000000.0,2921000000,733000000,53394000000,11488000000,-56274000000,-17716000000.0,1
21-01-2016,24.26499939,24.46999931,23.73500061,24.07500076,21.8601265,208646000,18525.933,237.652,4.8,0.34,290000000000.0,89378000000.0,21120000000,93626000000.0,233000000000.0,71230000000.0,2921000000,733000000,53394000000,11488000000,-56274000000,-17716000000.0,-1
22-01-2016,24.65749931,25.36499977,24.59250069,25.35499954,23.02236938,263202000,18525.933,237.652,4.8,0.34,290000000000.0,89378000000.0,21120000000,93626000000.0,233000000000.0,71230000000.0,2921000000,733000000,53394000000,11488000000,-56274000000,-17716000000.0,1
25-01-2016,25.37999916,25.38249969,24.80249977,24.86000061,22.5729084,207178000,18525.933,237.652,4.8,0.34,290000000000.0,89378000000.0,21120000000,93626000000.0,233000000000.0,71230000000.0,2921000000,733000000,53394000000,11488000000,-56274000000,-17716000000.0,-1
26-01-2016,24.98250008,25.21999931,24.51749992,24.99749947,22.69775391,300308000,18525.933,237.652,4.8,0.34,290000000000.0,89378000000.0,21120000000,93626000000.0,233000000000.0,71230000000.0,2921000000,733000000,53394000000,11488000000,-56274000000,-17716000000.0,1
27-01-2016,24.01000023,24.15749931,23.33499908,23.35499954,21.20637131,533478800,18525.933,237.652,4.8,0.34,290000000000.0,89378000000.0,21120000000,93626000000.0,233000000000.0,71230000000.0,2921000000,733000000,53394000000,11488000000,-56274000000,-17716000000.0,-1
28-01-2016,23.44750023,23.62999916,23.09749985,23.52249908,21.35845566,222715200,18525.933,237.652,4.8,0.34,290000000000.0,89378000000.0,21120000000,93626000000.0,233000000000.0,71230000000.0,2921000000,733000000,53394000000,11488000000,-56274000000,-17716000000.0,1
29-01-2016,23.69750023,24.33499908,23.58749962,24.33499908,22.09621048,257666000,18525.933,237.652,4.8,0.34,290000000000.0,89378000000.0,21120000000,93626000000.0,233000000000.0,71230000000.0,2921000000,733000000,53394000000,11488000000,-56274000000,-17716000000.0,1
01-02-2016,24.11750031,24.17749977,23.85000038,24.10750008,21.88964462,163774000,18525.933,237.652,4.8,0.34,290000000000.0,89378000000.0,21120000000,93626000000.0,233000000000.0,71230000000.0,2921000000,733000000,53394000000,11488000000,-56274000000,-17716000000.0,-1
02-02-2016,23.85499954,24.01000023,23.56999969,23.62000084,21.44698906,149428800,18525.933,237.652,4.8,0.34,290000000000.0,89378000000.0,21120000000,93626000000.0,233000000000.0,71230000000.0,2921000000,733000000,53394000000,11488000000,-56274000000,-17716000000.0,-1
03-02-2016,23.75,24.20999908,23.52000046,24.08749962,21.87147903,183857200,18525.933,237.652,4.8,0.34,290000000000.0,89378000000.0,21120000000,93626000000.0,233000000000.0,71230000000.0,2921000000,733000000,53394000000,11488000000,-56274000000,-17716000000.0,1
04-02-2016,23.96500015,24.33250046,23.79750061,24.14999962,22.04721832,185886800,18525.933,237.652,4.8,0.34,290000000000.0,89378000000.0,21120000000,93626000000.0,233000000000.0,71230000000.0,2921000000,733000000,53394000000,11488000000,-56274000000,-17716000000.0,1
05-02-2016,24.12999916,24.22999954,23.42250061,23.50499916,21.45837784,185672400,18525.933,237.652,4.8,0.34,290000000000.0,89378000000.0,21120000000,93626000000.0,233000000000.0,71230000000.0,2921000000,733000000,53394000000,11488000000,-56274000000,-17716000000.0,-1
08-02-2016,23.28249931,23.92499924,23.26000023,23.75250053,21.68432426,216085600,18525.933,237.652,4.8,0.34,290000000000.0,89378000000.0,21120000000,93626000000.0,233000000000.0,71230000000.0,2921000000,733000000,53394000000,11488000000,-56274000000,-17716000000.0,1
09-02-2016,23.57250023,23.98500061,23.48250008,23.74749947,21.67976379,177324800,18525.933,237.652,4.8,0.34,290000000000.0,89378000000.0,21120000000,93626000000.0,233000000000.0,71230000000.0,2921000000,733000000,53394000000,11488000000,-56274000000,-17716000000.0,1
10-02-2016,23.97999954,24.08749962,23.52499962,23.56749916,21.51543999,169374400,18525.933,237.652,4.8,0.34,290000000000.0,89378000000.0,21120000000,93626000000.0,233000000000.0,71230000000.0,2921000000,733000000,53394000000,11488000000,-56274000000,-17716000000.0,-1
11-02-2016,23.44750023,23.68000031,23.14749908,23.42499924,21.38533974,200298800,18525.933,237.652,4.8,0.34,290000000000.0,89378000000.0,21120000000,93626000000.0,233000000000.0,71230000000.0,2921000000,733000000,53394000000,11488000000,-56274000000,-17716000000.0,-1
12-02-2016,23.54750061,23.625,23.25250053,23.49749947,21.45153427,161405600,18525.933,237.652,4.8,0.34,290000000000.0,89378000000.0,21120000000,93626000000.0,233000000000.0,71230000000.0,2921000000,733000000,53394000000,11488000000,-56274000000,-17716000000.0,-1
16-02-2016,23.75499916,24.21249962,23.65250015,24.15999985,22.05635071,196231600,18525.933,237.652,4.8,0.34,290000000000.0,89378000000.0,21120000000,93626000000.0,233000000000.0,71230000000.0,2921000000,733000000,53394000000,11488000000,-56274000000,-17716000000.0,1
17-02-2016,24.16749954,24.55249977,24.03750038,24.53000069,22.39413452,179452800,18525.933,237.652,4.8,0.34,290000000000.0,89378000000.0,21120000000,93626000000.0,233000000000.0,71230000000.0,2921000000,733000000,53394000000,11488000000,-56274000000,-17716000000.0,1
18-02-2016,24.70999908,24.72249985,24.02249908,24.06500053,21.96962166,156084000,18525.933,237.652,4.8,0.34,290000000000.0,89378000000.0,21120000000,93626000000.0,233000000000.0,71230000000.0,2921000000,733000000,53394000000,11488000000,-56274000000,-17716000000.0,-1
19-02-2016,24.0,24.19000053,23.95000076,24.01000023,21.9194088,141496800,18525.933,237.652,4.8,0.34,290000000000.0,89378000000.0,21120000000,93626000000.0,233000000000.0,71230000000.0,2921000000,733000000,53394000000,11488000000,-56274000000,-17716000000.0,1
22-02-2016,24.07749939,24.22500038,23.97999954,24.21999931,22.11112213,137123200,18525.933,237.652,4.8,0.34,290000000000.0,89378000000.0,21120000000,93626000000.0,233000000000.0,71230000000.0,2921000000,733000000,53394000000,11488000000,-56274000000,-17716000000.0,1
23-02-2016,24.10000038,24.125,23.63750076,23.67250061,21.61129379,127770400,18525.933,237.652,4.8,0.34,290000000000.0,89378000000.0,21120000000,93626000000.0,233000000000.0,71230000000.0,2921000000,733000000,53394000000,11488000000,-56274000000,-17716000000.0,-1
24-02-2016,23.49500084,24.09499931,23.32999992,24.02499962,21.93310356,145022800,18525.933,237.652,4.8,0.34,290000000000.0,89378000000.0,21120000000,93626000000.0,233000000000.0,71230000000.0,2921000000,733000000,53394000000,11488000000,-56274000000,-17716000000.0,1
25-02-2016,24.01250076,24.19000053,23.8125,24.19000053,22.08373451,110330800,18525.933,237.652,4.8,0.34,290000000000.0,89378000000.0,21120000000,93626000000.0,233000000000.0,71230000000.0,2921000000,733000000,53394000000,11488000000,-56274000000,-17716000000.0,1
26-02-2016,24.29999924,24.50499916,24.14500046,24.22750092,22.11797333,115964400,18525.933,237.652,4.8,0.34,290000000000.0,89378000000.0,21120000000,93626000000.0,233000000000.0,71230000000.0,2921000000,733000000,53394000000,11488000000,-56274000000,-17716000000.0,-1
29-02-2016,24.21500015,24.55750084,24.16250038,24.17250061,22.06776047,140865200,18525.933,237.652,4.8,0.34,290000000000.0,89378000000.0,21120000000,93626000000.0,233000000000.0,71230000000.0,2921000000,733000000,53394000000,11488000000,-56274000000,-17716000000.0,-1
01-03-2016,24.41250038,25.19249916,24.35499954,25.13249969,22.94417572,201628400,18525.933,237.652,4.8,0.34,290000000000.0,89378000000.0,21120000000,93626000000.0,233000000000.0,71230000000.0,2921000000,733000000,53394000000,11488000000,-56274000000,-17716000000.0,1
02-03-2016,25.12750053,25.22249985,24.90999985,25.1875,22.99437714,132678400,18525.933,237.652,4.8,0.34,290000000000.0,89378000000.0,21120000000,93626000000.0,233000000000.0,71230000000.0,2921000000,733000000,53394000000,11488000000,-56274000000,-17716000000.0,1
03-03-2016,25.14500046,25.42749977,25.11249924,25.375,23.16555214,147822800,18525.933,237.652,4.8,0.34,290000000000.0,89378000000.0,21120000000,93626000000.0,233000000000.0,71230000000.0,2921000000,733000000,53394000000,11488000000,-56274000000,-17716000000.0,1
04-03-2016,25.59250069,25.9375,25.34250069,25.75250053,23.51018333,184220400,18525.933,237.652,4.8,0.34,290000000000.0,89378000000.0,21120000000,93626000000.0,233000000000.0,71230000000.0,2921000000,733000000,53394000000,11488000000,-56274000000,-17716000000.0,1
07-03-2016,25.59749985,25.70750046,25.23999977,25.46750069,23.25000572,143315600,18525.933,237.652,4.8,0.34,290000000000.0,89378000000.0,21120000000,93626000000.0,233000000000.0,71230000000.0,2921000000,733000000,53394000000,11488000000,-56274000000,-17716000000.0,-1
08-03-2016,25.19499969,25.44000053,25.10000038,25.25749969,23.05828285,126247600,18525.933,237.652,4.8,0.34,290000000000.0,89378000000.0,21120000000,93626000000.0,233000000000.0,71230000000.0,2921000000,733000000,53394000000,11488000000,-56274000000,-17716000000.0,1
09-03-2016,25.32749939,25.39500046,25.06749916,25.28000069,23.078825,108806800,18525.933,237.652,4.8,0.34,290000000000.0,89378000000.0,21120000000,93626000000.0,233000000000.0,71230000000.0,2921000000,733000000,53394000000,11488000000,-56274000000,-17716000000.0,-1
10-03-2016,25.35250092,25.55999947,25.03750038,25.29249954,23.0902462,134054400,18525.933,237.652,4.8,0.34,290000000000.0,89378000000.0,21120000000,93626000000.0,233000000000.0,71230000000.0,2921000000,733000000,53394000000,11488000000,-56274000000,-17716000000.0,-1
11-03-2016,25.55999947,25.56999969,25.375,25.56500053,23.33901405,109632800,18525.933,237.652,4.8,0.34,290000000000.0,89378000000.0,21120000000,93626000000.0,233000000000.0,71230000000.0,2921000000,733000000,53394000000,11488000000,-56274000000,-17716000000.0,1
14-03-2016,25.47750092,25.72750092,25.44499969,25.62999916,23.39835167,100304400,18525.933,237.652,4.8,0.34,290000000000.0,89378000000.0,21120000000,93626000000.0,233000000000.0,71230000000.0,2921000000,733000000,53394000000,11488000000,-56274000000,-17716000000.0,1
15-03-2016,25.98999977,26.29500008,25.96249962,26.14500046,23.8685112,160270800,18525.933,237.652,4.8,0.34,290000000000.0,89378000000.0,21120000000,93626000000.0,233000000000.0,71230000000.0,2921000000,733000000,53394000000,11488000000,-56274000000,-17716000000.0,1
16-03-2016,26.15250015,26.57749939,26.14749908,26.49250031,24.18575478,153214000,18525.933,237.652,4.8,0.34,290000000000.0,89378000000.0,21120000000,93626000000.0,233000000000.0,71230000000.0,2921000000,733000000,53394000000,11488000000,-56274000000,-17716000000.0,1
17-03-2016,26.37999916,26.61750031,26.23999977,26.45000076,24.14694977,137682800,18525.933,237.652,4.8,0.34,290000000000.0,89378000000.0,21120000000,93626000000.0,233000000000.0,71230000000.0,2921000000,733000000,53394000000,11488000000,-56274000000,-17716000000.0,1
18-03-2016,26.58499908,26.625,26.29750061,26.47999954,24.1743412,176820800,18525.933,237.652,4.8,0.34,290000000000.0,89378000000.0,21120000000,93626000000.0,233000000000.0,71230000000.0,2921000000,733000000,53394000000,11488000000,-56274000000,-17716000000.0,-1
21-03-2016,26.48250008,26.91250038,26.28499985,26.47750092,24.17206001,142010800,18525.933,237.652,4.8,0.34,290000000000.0,89378000000.0,21120000000,93626000000.0,233000000000.0,71230000000.0,2921000000,733000000,53394000000,11488000000,-56274000000,-17716000000.0,-1
22-03-2016,26.3125,26.82250023,26.30249977,26.68000031,24.35692596,129777600,18525.933,237.652,4.8,0.34,290000000000.0,89378000000.0,21120000000,93626000000.0,233000000000.0,71230000000.0,2921000000,733000000,53394000000,11488000000,-56274000000,-17716000000.0,1
23-03-2016,26.62000084,26.76749992,26.47500038,26.53249931,24.22227287,102814000,18525.933,237.652,4.8,0.34,290000000000.0,89378000000.0,21120000000,93626000000.0,233000000000.0,71230000000.0,2921000000,733000000,53394000000,11488000000,-56274000000,-17716000000.0,-1
24-03-2016,26.36750031,26.5625,26.22249985,26.41749954,24.11728477,104532000,18525.933,237.652,4.8,0.34,290000000000.0,89378000000.0,21120000000,93626000000.0,233000000000.0,71230000000.0,2921000000,733000000,53394000000,11488000000,-56274000000,-17716000000.0,1
28-03-2016,26.5,26.54750061,26.26499939,26.29750061,24.00772858,77645600,18525.933,237.652,4.8,0.34,290000000000.0,89378000000.0,21120000000,93626000000.0,233000000000.0,71230000000.0,2921000000,733000000,53394000000,11488000000,-56274000000,-17716000000.0,-1
29-03-2016,26.22249985,26.94750023,26.21999931,26.92000008,24.57602882,124760400,18525.933,237.652,4.8,0.34,290000000000.0,89378000000.0,21120000000,93626000000.0,233000000000.0,71230000000.0,2921000000,733000000,53394000000,11488000000,-56274000000,-17716000000.0,1
30-03-2016,27.16250038,27.60499954,27.14999962,27.38999939,25.00510216,182404400,18525.933,237.652,4.8,0.34,290000000000.0,89378000000.0,21120000000,93626000000.0,233000000000.0,71230000000.0,2921000000,733000000,53394000000,11488000000,-56274000000,-17716000000.0,1
31-03-2016,27.43000031,27.47500038,27.21999931,27.24749947,24.87500763,103553600,18525.933,237.652,4.8,0.34,290000000000.0,89378000000.0,21120000000,93626000000.0,233000000000.0,71230000000.0,2921000000,733000000,53394000000,11488000000,-56274000000,-17716000000.0,-1
01-04-2016,27.19499969,27.5,27.04999924,27.49749947,25.10324478,103496000,18711.702,238.992,5.1,0.37,290000000000.0,89378000000.0,21120000000,93626000000.0,233000000000.0,71230000000.0,2921000000,733000000,53394000000,11488000000,-56274000000,-17716000000.0,1
04-04-2016,27.60499954,28.04750061,27.56749916,27.78000069,25.36115074,149424800,18711.702,238.992,5.1,0.37,290000000000.0,89378000000.0,21120000000,93626000000.0,233000000000.0,71230000000.0,2921000000,733000000,53394000000,11488000000,-56274000000,-17716000000.0,1
05-04-2016,27.37750053,27.68250084,27.35499954,27.45249939,25.06216049,106314800,18711.702,238.992,5.1,0.37,290000000000.0,89378000000.0,21120000000,93626000000.0,233000000000.0,71230000000.0,2921000000,733000000,53394000000,11488000000,-56274000000,-17716000000.0,1
06-04-2016,27.55750084,27.74500084,27.29999924,27.73999977,25.32462502,105616400,18711.702,238.992,5.1,0.37,290000000000.0,89378000000.0,21120000000,93626000000.0,233000000000.0,71230000000.0,2921000000,733000000,53394000000,11488000000,-56274000000,-17716000000.0,1
07-04-2016,27.48749924,27.60499954,27.03000069,27.13500023,24.77230644,127207600,18711.702,238.992,5.1,0.37,290000000000.0,89378000000.0,21120000000,93626000000.0,233000000000.0,71230000000.0,2921000000,733000000,53394000000,11488000000,-56274000000,-17716000000.0,-1
08-04-2016,27.22750092,27.44249916,27.04249954,27.16500092,24.79970169,94326800,18711.702,238.992,5.1,0.37,290000000000.0,89378000000.0,21120000000,93626000000.0,233000000000.0,71230000000.0,2921000000,733000000,53394000000,11488000000,-56274000000,-17716000000.0,-1
11-04-2016,27.24250031,27.65250015,27.20750046,27.25499916,24.88185883,117630000,18711.702,238.992,5.1,0.37,290000000000.0,89378000000.0,21120000000,93626000000.0,233000000000.0,71230000000.0,2921000000,733000000,53394000000,11488000000,-56274000000,-17716000000.0,1
12-04-2016,27.33499908,27.625,27.16500092,27.61000061,25.20594597,108929200,18711.702,238.992,5.1,0.37,290000000000.0,89378000000.0,21120000000,93626000000.0,233000000000.0,71230000000.0,2921000000,733000000,53394000000,11488000000,-56274000000,-17716000000.0,1
13-04-2016,27.70000076,28.08499908,27.70000076,28.01000023,25.57112122,133029200,18711.702,238.992,5.1,0.37,290000000000.0,89378000000.0,21120000000,93626000000.0,233000000000.0,71230000000.0,2921000000,733000000,53394000000,11488000000,-56274000000,-17716000000.0,1
14-04-2016,27.90500069,28.09749985,27.83250046,28.02499962,25.58481598,101895600,18711.702,238.992,5.1,0.37,290000000000.0,89378000000.0,21120000000,93626000000.0,233000000000.0,71230000000.0,2921000000,733000000,53394000000,11488000000,-56274000000,-17716000000.0,1
15-04-2016,28.02750015,28.07500076,27.43250084,27.46249962,25.07129097,187756000,18711.702,238.992,5.1,0.37,290000000000.0,89378000000.0,21120000000,93626000000.0,233000000000.0,71230000000.0,2921000000,733000000,53394000000,11488000000,-56274000000,-17716000000.0,-1
18-04-2016,27.22249985,27.23749924,26.73500061,26.87000084,24.53038406,243286000,18711.702,238.992,5.1,0.37,290000000000.0,89378000000.0,21120000000,93626000000.0,233000000000.0,71230000000.0,2921000000,733000000,53394000000,11488000000,-56274000000,-17716000000.0,-1
19-04-2016,26.96999931,27.0,26.55750084,26.72750092,24.40029526,129539600,18711.702,238.992,5.1,0.37,290000000000.0,89378000000.0,21120000000,93626000000.0,233000000000.0,71230000000.0,2921000000,733000000,53394000000,11488000000,-56274000000,-17716000000.0,-1
20-04-2016,26.65999985,27.02249908,26.51499939,26.78249931,24.45049858,122444000,18711.702,238.992,5.1,0.37,290000000000.0,89378000000.0,21120000000,93626000000.0,233000000000.0,71230000000.0,2921000000,733000000,53394000000,11488000000,-56274000000,-17716000000.0,1
21-04-2016,26.73250008,26.73250008,26.37999916,26.49250031,24.18575478,126210000,18711.702,238.992,5.1,0.37,290000000000.0,89378000000.0,21120000000,93626000000.0,233000000000.0,71230000000.0,2921000000,733000000,53394000000,11488000000,-56274000000,-17716000000.0,-1
22-04-2016,26.25250053,26.62000084,26.15500069,26.42000008,24.11956787,134732400,18711.702,238.992,5.1,0.37,290000000000.0,89378000000.0,21120000000,93626000000.0,233000000000.0,71230000000.0,2921000000,733000000,53394000000,11488000000,-56274000000,-17716000000.0,1
25-04-2016,26.25,26.41250038,26.12750053,26.27000046,23.98262596,112126400,18711.702,238.992,5.1,0.37,290000000000.0,89378000000.0,21120000000,93626000000.0,233000000000.0,71230000000.0,2921000000,733000000,53394000000,11488000000,-56274000000,-17716000000.0,1
26-04-2016,25.97750092,26.32500076,25.97750092,26.08749962,23.81601334,224064800,18711.702,238.992,5.1,0.37,290000000000.0,89378000000.0,21120000000,93626000000.0,233000000000.0,71230000000.0,2921000000,733000000,53394000000,11488000000,-56274000000,-17716000000.0,1
27-04-2016,24.0,24.67749977,23.92000008,24.45499992,22.3256588,458408400,18711.702,238.992,5.1,0.37,290000000000.0,89378000000.0,21120000000,93626000000.0,233000000000.0,71230000000.0,2921000000,733000000,53394000000,11488000000,-56274000000,-17716000000.0,1
28-04-2016,24.40250015,24.46999931,23.5625,23.70750046,21.64324951,328970800,18711.702,238.992,5.1,0.37,290000000000.0,89378000000.0,21120000000,93626000000.0,233000000000.0,71230000000.0,2921000000,733000000,53394000000,11488000000,-56274000000,-17716000000.0,-1
29-04-2016,23.49749947,23.68000031,23.12750053,23.43499947,21.39447212,274126000,18711.702,238.992,5.1,0.37,290000000000.0,89378000000.0,21120000000,93626000000.0,233000000000.0,71230000000.0,2921000000,733000000,53394000000,11488000000,-56274000000,-17716000000.0,-1
02-05-2016,23.49250031,23.52000046,23.10000038,23.40999985,21.37164307,192640400,18711.702,238.992,5.1,0.37,290000000000.0,89378000000.0,21120000000,93626000000.0,233000000000.0,71230000000.0,2921000000,733000000,53394000000,11488000000,-56274000000,-17716000000.0,-1
03-05-2016,23.54999924,23.93499947,23.42000008,23.79500008,21.72312355,227325200,18711.702,238.992,5.1,0.37,290000000000.0,89378000000.0,21120000000,93626000000.0,233000000000.0,71230000000.0,2921000000,733000000,53394000000,11488000000,-56274000000,-17716000000.0,1
04-05-2016,23.79999924,23.97500038,23.45499992,23.54750061,21.49717712,164102000,18711.702,238.992,5.1,0.37,290000000000.0,89378000000.0,21120000000,93626000000.0,233000000000.0,71230000000.0,2921000000,733000000,53394000000,11488000000,-56274000000,-17716000000.0,-1
05-05-2016,23.5,23.51749992,23.17000008,23.30999947,21.40992928,143562000,18711.702,238.992,5.1,0.37,290000000000.0,89378000000.0,21120000000,93626000000.0,233000000000.0,71230000000.0,2921000000,733000000,53394000000,11488000000,-56274000000,-17716000000.0,-1
06-05-2016,23.34250069,23.36249924,22.96249962,23.18000031,21.2905159,174799600,18711.702,238.992,5.1,0.37,290000000000.0,89378000000.0,21120000000,93626000000.0,233000000000.0,71230000000.0,2921000000,733000000,53394000000,11488000000,-56274000000,-17716000000.0,-1
09-05-2016,23.25,23.44249916,23.14749908,23.19750023,21.30659676,131745600,18711.702,238.992,5.1,0.37,290000000000.0,89378000000.0,21120000000,93626000000.0,233000000000.0,71230000000.0,2921000000,733000000,53394000000,11488000000,-56274000000,-17716000000.0,-1
10-05-2016,23.33250046,23.39249992,23.02750015,23.35499954,21.45124817,134747200,18711.702,238.992,5.1,0.37,290000000000.0,89378000000.0,21120000000,93626000000.0,233000000000.0,71230000000.0,2921000000,733000000,53394000000,11488000000,-56274000000,-17716000000.0,1
11-05-2016,23.37000084,23.39249992,23.11499977,23.12750053,21.24229431,114876400,18711.702,238.992,5.1,0.37,290000000000.0,89378000000.0,21120000000,93626000000.0,233000000000.0,71230000000.0,2921000000,733000000,53394000000,11488000000,-56274000000,-17716000000.0,-1
12-05-2016,23.18000031,23.19499969,22.36750031,22.58499908,20.74401855,305258800,18711.702,238.992,5.1,0.37,290000000000.0,89378000000.0,21120000000,93626000000.0,233000000000.0,71230000000.0,2921000000,733000000,53394000000,11488000000,-56274000000,-17716000000.0,-1
13-05-2016,22.5,22.91749954,22.5,22.62999916,20.78534698,177571200,18711.702,238.992,5.1,0.37,290000000000.0,89378000000.0,21120000000,93626000000.0,233000000000.0,71230000000.0,2921000000,733000000,53394000000,11488000000,-56274000000,-17716000000.0,1
16-05-2016,23.09749985,23.59749985,22.91250038,23.46999931,21.55687714,245039200,18711.702,238.992,5.1,0.37,290000000000.0,89378000000.0,21120000000,93626000000.0,233000000000.0,71230000000.0,2921000000,733000000,53394000000,11488000000,-56274000000,-17716000000.0,1
17-05-2016,23.63750076,23.67499924,23.25250053,23.37249947,21.46733093,187667600,18711.702,238.992,5.1,0.37,290000000000.0,89378000000.0,21120000000,93626000000.0,233000000000.0,71230000000.0,2921000000,733000000,53394000000,11488000000,-56274000000,-17716000000.0,-1
18-05-2016,23.54000092,23.80249977,23.47249985,23.63999939,21.71302986,168249600,18711.702,238.992,5.1,0.37,290000000000.0,89378000000.0,21120000000,93626000000.0,233000000000.0,71230000000.0,2921000000,733000000,53394000000,11488000000,-56274000000,-17716000000.0,1
19-05-2016,23.65999985,23.65999985,23.39249992,23.54999924,21.63035774,121768400,18711.702,238.992,5.1,0.37,290000000000.0,89378000000.0,21120000000,93626000000.0,233000000000.0,71230000000.0,2921000000,733000000,53394000000,11488000000,-56274000000,-17716000000.0,-1
20-05-2016,23.65999985,23.85750008,23.62999916,23.80500031,21.86457443,128104000,18711.702,238.992,5.1,0.37,290000000000.0,89378000000.0,21120000000,93626000000.0,233000000000.0,71230000000.0,2921000000,733000000,53394000000,11488000000,-56274000000,-17716000000.0,1
23-05-2016,23.96750069,24.29750061,23.91749954,24.10750008,22.14241219,152074400,18711.702,238.992,5.1,0.37,290000000000.0,89378000000.0,21120000000,93626000000.0,233000000000.0,71230000000.0,2921000000,733000000,53394000000,11488000000,-56274000000,-17716000000.0,1
24-05-2016,24.30500031,24.52249908,24.20999908,24.47500038,22.47995949,140560800,18711.702,238.992,5.1,0.37,290000000000.0,89378000000.0,21120000000,93626000000.0,233000000000.0,71230000000.0,2921000000,733000000,53394000000,11488000000,-56274000000,-17716000000.0,1
25-05-2016,24.66749954,24.93499947,24.52750015,24.90500069,22.87490654,152675200,18711.702,238.992,5.1,0.37,290000000000.0,89378000000.0,21120000000,93626000000.0,233000000000.0,71230000000.0,2921000000,733000000,53394000000,11488000000,-56274000000,-17716000000.0,1
26-05-2016,24.92000008,25.18250084,24.65999985,25.10250092,23.05631256,225324800,18711.702,238.992,5.1,0.37,290000000000.0,89378000000.0,21120000000,93626000000.0,233000000000.0,71230000000.0,2921000000,733000000,53394000000,11488000000,-56274000000,-17716000000.0,1
27-05-2016,24.86000061,25.11750031,24.8125,25.08749962,23.04253197,145364800,18711.702,238.992,5.1,0.37,290000000000.0,89378000000.0,21120000000,93626000000.0,233000000000.0,71230000000.0,2921000000,733000000,53394000000,11488000000,-56274000000,-17716000000.0,1
31-05-2016,24.89999962,25.10000038,24.70499992,24.96500015,22.93002129,169228800,18711.702,238.992,5.1,0.37,290000000000.0,89378000000.0,21120000000,93626000000.0,233000000000.0,71230000000.0,2921000000,733000000,53394000000,11488000000,-56274000000,-17716000000.0,1
01-06-2016,24.75499916,24.88500023,24.58250046,24.61499977,22.60854912,116693200,18711.702,238.992,5.1,0.37,290000000000.0,89378000000.0,21120000000,93626000000.0,233000000000.0,71230000000.0,2921000000,733000000,53394000000,11488000000,-56274000000,-17716000000.0,-1
02-06-2016,24.39999962,24.45999908,24.15749931,24.43000031,22.43862534,160766400,18711.702,238.992,5.1,0.37,290000000000.0,89378000000.0,21120000000,93626000000.0,233000000000.0,71230000000.0,2921000000,733000000,53394000000,11488000000,-56274000000,-17716000000.0,1
03-06-2016,24.44750023,24.56749916,24.36249924,24.47999954,22.48455238,114019600,18711.702,238.992,5.1,0.37,290000000000.0,89378000000.0,21120000000,93626000000.0,233000000000.0,71230000000.0,2921000000,733000000,53394000000,11488000000,-56274000000,-17716000000.0,1
06-06-2016,24.49749947,25.47249985,24.38750076,24.65749931,22.6475811,93170000,18711.702,238.992,5.1,0.37,290000000000.0,89378000000.0,21120000000,93626000000.0,233000000000.0,71230000000.0,2921000000,733000000,53394000000,11488000000,-56274000000,-17716000000.0,1
07-06-2016,24.8125,24.96750069,24.73999977,24.75749969,22.73943329,89638000,18711.702,238.992,5.1,0.37,290000000000.0,89378000000.0,21120000000,93626000000.0,233000000000.0,71230000000.0,2921000000,733000000,53394000000,11488000000,-56274000000,-17716000000.0,-1
08-06-2016,24.75499916,24.88999939,24.67000008,24.73500061,22.71876907,83392400,18711.702,238.992,5.1,0.37,290000000000.0,89378000000.0,21120000000,93626000000.0,233000000000.0,71230000000.0,2921000000,733000000,53394000000,11488000000,-56274000000,-17716000000.0,-1
09-06-2016,24.625,24.99749947,24.61499977,24.91250038,22.88180351,106405600,18711.702,238.992,5.1,0.37,290000000000.0,89378000000.0,21120000000,93626000000.0,233000000000.0,71230000000.0,2921000000,733000000,53394000000,11488000000,-56274000000,-17716000000.0,1
10-06-2016,24.63249969,24.83749962,24.62000084,24.70750046,22.69350624,126851600,18711.702,238.992,5.1,0.37,290000000000.0,89378000000.0,21120000000,93626000000.0,233000000000.0,71230000000.0,2921000000,733000000,53394000000,11488000000,-56274000000,-17716000000.0,1
13-06-2016,24.67250061,24.78000069,24.27499962,24.33499908,22.35136986,152082000,18711.702,238.992,5.1,0.37,290000000000.0,89378000000.0,21120000000,93626000000.0,233000000000.0,71230000000.0,2921000000,733000000,53394000000,11488000000,-56274000000,-17716000000.0,-1
14-06-2016,24.32999992,24.62000084,24.1875,24.36499977,22.37892723,127727600,18711.702,238.992,5.1,0.37,290000000000.0,89378000000.0,21120000000,93626000000.0,233000000000.0,71230000000.0,2921000000,733000000,53394000000,11488000000,-56274000000,-17716000000.0,1
15-06-2016,24.45499992,24.60250092,24.25749969,24.28499985,22.30545044,117780800,18711.702,238.992,5.1,0.37,290000000000.0,89378000000.0,21120000000,93626000000.0,233000000000.0,71230000000.0,2921000000,733000000,53394000000,11488000000,-56274000000,-17716000000.0,-1
16-06-2016,24.11249924,24.4375,24.01749992,24.38750076,22.39959145,125307200,18711.702,238.992,5.1,0.37,290000000000.0,89378000000.0,21120000000,93626000000.0,233000000000.0,71230000000.0,2921000000,733000000,53394000000,11488000000,-56274000000,-17716000000.0,1
17-06-2016,24.15500069,24.16250038,23.82500076,23.83250046,21.88983345,244032800,18711.702,238.992,5.1,0.37,290000000000.0,89378000000.0,21120000000,93626000000.0,233000000000.0,71230000000.0,2921000000,733000000,53394000000,11488000000,-56274000000,-17716000000.0,-1
20-06-2016,24.0,24.14249992,23.75749969,23.77499962,21.83701706,137647600,18711.702,238.992,5.1,0.37,290000000000.0,89378000000.0,21120000000,93626000000.0,233000000000.0,71230000000.0,2921000000,733000000,53394000000,11488000000,-56274000000,-17716000000.0,-1
21-06-2016,23.73500061,24.08749962,23.67000008,23.97750092,22.02301407,142185600,18711.702,238.992,5.1,0.37,290000000000.0,89378000000.0,21120000000,93626000000.0,233000000000.0,71230000000.0,2921000000,733000000,53394000000,11488000000,-56274000000,-17716000000.0,1
22-06-2016,24.0625,24.22249985,23.83749962,23.88750076,21.94034958,116876400,18711.702,238.992,5.1,0.37,290000000000.0,89378000000.0,21120000000,93626000000.0,233000000000.0,71230000000.0,2921000000,733000000,53394000000,11488000000,-56274000000,-17716000000.0,-1
23-06-2016,23.98500061,24.07250023,23.8125,24.02499962,22.06663704,128960800,18711.702,238.992,5.1,0.37,290000000000.0,89378000000.0,21120000000,93626000000.0,233000000000.0,71230000000.0,2921000000,733000000,53394000000,11488000000,-56274000000,-17716000000.0,1
24-06-2016,23.22750092,23.66500092,23.16250038,23.35000038,21.44665909,301245600,18711.702,238.992,5.1,0.37,290000000000.0,89378000000.0,21120000000,93626000000.0,233000000000.0,71230000000.0,2921000000,733000000,53394000000,11488000000,-56274000000,-17716000000.0,1
27-06-2016,23.25,23.26250076,22.875,23.01000023,21.13437462,181958400,18711.702,238.992,5.1,0.37,290000000000.0,89378000000.0,21120000000,93626000000.0,233000000000.0,71230000000.0,2921000000,733000000,53394000000,11488000000,-56274000000,-17716000000.0,-1
28-06-2016,23.22500038,23.41500092,23.03499985,23.39749908,21.49028969,161779600,18711.702,238.992,5.1,0.37,290000000000.0,89378000000.0,21120000000,93626000000.0,233000000000.0,71230000000.0,2921000000,733000000,53394000000,11488000000,-56274000000,-17716000000.0,1
29-06-2016,23.49250031,23.63750076,23.40749931,23.60000038,21.67628479,146124000,18711.702,238.992,5.1,0.37,290000000000.0,89378000000.0,21120000000,93626000000.0,233000000000.0,71230000000.0,2921000000,733000000,53394000000,11488000000,-56274000000,-17716000000.0,1
30-06-2016,23.61000061,23.94249916,23.57500076,23.89999962,21.95182991,143345600,18711.702,238.992,5.1,0.37,290000000000.0,89378000000.0,21120000000,93626000000.0,233000000000.0,71230000000.0,2921000000,733000000,53394000000,11488000000,-56274000000,-17716000000.0,1
01-07-2016,23.87249947,24.11750031,23.83250046,23.97249985,22.01841927,104106000,18892.639,240.101,4.8,0.39,290000000000.0,89378000000.0,21120000000,93626000000.0,233000000000.0,71230000000.0,2921000000,733000000,53394000000,11488000000,-56274000000,-17716000000.0,1
05-07-2016,23.84749985,23.85000038,23.61499977,23.74749947,21.81175995,110820800,18892.639,240.101,4.8,0.39,290000000000.0,89378000000.0,21120000000,93626000000.0,233000000000.0,71230000000.0,2921000000,733000000,53394000000,11488000000,-56274000000,-17716000000.0,-1
06-07-2016,23.64999962,23.91500092,23.59250069,23.88249969,21.9357605,123796400,18892.639,240.101,4.8,0.39,290000000000.0,89378000000.0,21120000000,93626000000.0,233000000000.0,71230000000.0,2921000000,733000000,53394000000,11488000000,-56274000000,-17716000000.0,1
07-07-2016,23.92499924,24.125,23.90500069,23.98500061,22.0299015,100558400,18892.639,240.101,4.8,0.39,290000000000.0,89378000000.0,21120000000,93626000000.0,233000000000.0,71230000000.0,2921000000,733000000,53394000000,11488000000,-56274000000,-17716000000.0,1
08-07-2016,24.12249947,24.22249985,24.01250076,24.17000008,22.19981766,115648400,18892.639,240.101,4.8,0.39,290000000000.0,89378000000.0,21120000000,93626000000.0,233000000000.0,71230000000.0,2921000000,733000000,53394000000,11488000000,-56274000000,-17716000000.0,1
11-07-2016,24.1875,24.41250038,24.18250084,24.24500084,22.26870728,95179600,18892.639,240.101,4.8,0.39,290000000000.0,89378000000.0,21120000000,93626000000.0,233000000000.0,71230000000.0,2921000000,733000000,53394000000,11488000000,-56274000000,-17716000000.0,1
12-07-2016,24.29249954,24.42499924,24.28000069,24.35499954,22.36974144,96670000,18892.639,240.101,4.8,0.39,290000000000.0,89378000000.0,21120000000,93626000000.0,233000000000.0,71230000000.0,2921000000,733000000,53394000000,11488000000,-56274000000,-17716000000.0,1
13-07-2016,24.35250092,24.41749954,24.20999908,24.21750069,22.24345398,103568800,18892.639,240.101,4.8,0.39,290000000000.0,89378000000.0,21120000000,93626000000.0,233000000000.0,71230000000.0,2921000000,733000000,53394000000,11488000000,-56274000000,-17716000000.0,-1
14-07-2016,24.34749985,24.74749947,24.32999992,24.69750023,22.68432617,155676000,18892.639,240.101,4.8,0.39,290000000000.0,89378000000.0,21120000000,93626000000.0,233000000000.0,71230000000.0,2921000000,733000000,53394000000,11488000000,-56274000000,-17716000000.0,1
15-07-2016,24.72999954,24.82500076,24.625,24.69499969,22.68202782,120548000,18892.639,240.101,4.8,0.39,290000000000.0,89378000000.0,21120000000,93626000000.0,233000000000.0,71230000000.0,2921000000,733000000,53394000000,11488000000,-56274000000,-17716000000.0,-1
18-07-2016,24.67499924,25.03249931,24.64999962,24.95750046,22.92313004,145975600,18892.639,240.101,4.8,0.39,290000000000.0,89378000000.0,21120000000,93626000000.0,233000000000.0,71230000000.0,2921000000,733000000,53394000000,11488000000,-56274000000,-17716000000.0,1
19-07-2016,24.88999939,25.0,24.83499908,24.96750069,22.93231392,95119600,18892.639,240.101,4.8,0.39,290000000000.0,89378000000.0,21120000000,93626000000.0,233000000000.0,71230000000.0,2921000000,733000000,53394000000,11488000000,-56274000000,-17716000000.0,1
20-07-2016,25.0,25.11499977,24.93499947,24.98999977,22.95298004,105104000,18892.639,240.101,4.8,0.39,290000000000.0,89378000000.0,21120000000,93626000000.0,233000000000.0,71230000000.0,2921000000,733000000,53394000000,11488000000,-56274000000,-17716000000.0,-1
21-07-2016,24.95750046,25.25,24.78249931,24.85750008,22.83128357,130808000,18892.639,240.101,4.8,0.39,290000000000.0,89378000000.0,21120000000,93626000000.0,233000000000.0,71230000000.0,2921000000,733000000,53394000000,11488000000,-56274000000,-17716000000.0,-1
22-07-2016,24.81500053,24.82500076,24.57749939,24.66500092,22.65447235,113254800,18892.639,240.101,4.8,0.39,290000000000.0,89378000000.0,21120000000,93626000000.0,233000000000.0,71230000000.0,2921000000,733000000,53394000000,11488000000,-56274000000,-17716000000.0,-1
25-07-2016,24.5625,24.70999908,24.22999954,24.33499908,22.35136986,161531600,18892.639,240.101,4.8,0.39,290000000000.0,89378000000.0,21120000000,93626000000.0,233000000000.0,71230000000.0,2921000000,733000000,53394000000,11488000000,-56274000000,-17716000000.0,-1
26-07-2016,24.20499992,24.49250031,24.10499954,24.16749954,22.1975193,224959200,18892.639,240.101,4.8,0.39,290000000000.0,89378000000.0,21120000000,93626000000.0,233000000000.0,71230000000.0,2921000000,733000000,53394000000,11488000000,-56274000000,-17716000000.0,-1
27-07-2016,26.06749916,26.08749962,25.6875,25.73749924,23.63954735,369379200,18892.639,240.101,4.8,0.39,290000000000.0,89378000000.0,21120000000,93626000000.0,233000000000.0,71230000000.0,2921000000,733000000,53394000000,11488000000,-56274000000,-17716000000.0,-1
28-07-2016,25.70750046,26.11249924,25.70499992,26.08499908,23.95871735,159479200,18892.639,240.101,4.8,0.39,290000000000.0,89378000000.0,21120000000,93626000000.0,233000000000.0,71230000000.0,2921000000,733000000,53394000000,11488000000,-56274000000,-17716000000.0,1
29-07-2016,26.04750061,26.13750076,25.92000008,26.05249977,23.92887306,110934800,18892.639,240.101,4.8,0.39,290000000000.0,89378000000.0,21120000000,93626000000.0,233000000000.0,71230000000.0,2921000000,733000000,53394000000,11488000000,-56274000000,-17716000000.0,1
01-08-2016,26.10250092,26.53750038,26.10250092,26.51250076,24.35137177,152671600,18892.639,240.101,4.8,0.39,290000000000.0,89378000000.0,21120000000,93626000000.0,233000000000.0,71230000000.0,2921000000,733000000,53394000000,11488000000,-56274000000,-17716000000.0,1
02-08-2016,26.51250076,26.51749992,26.0,26.12000084,23.99086952,135266400,18892.639,240.101,4.8,0.39,290000000000.0,89378000000.0,21120000000,93626000000.0,233000000000.0,71230000000.0,2921000000,733000000,53394000000,11488000000,-56274000000,-17716000000.0,-1
03-08-2016,26.20249939,26.45999908,26.19249916,26.44750023,24.29167366,120810400,18892.639,240.101,4.8,0.39,290000000000.0,89378000000.0,21120000000,93626000000.0,233000000000.0,71230000000.0,2921000000,733000000,53394000000,11488000000,-56274000000,-17716000000.0,1
04-08-2016,26.39500046,26.5,26.31999969,26.46750069,24.44173431,109634800,18892.639,240.101,4.8,0.39,290000000000.0,89378000000.0,21120000000,93626000000.0,233000000000.0,71230000000.0,2921000000,733000000,53394000000,11488000000,-56274000000,-17716000000.0,1
05-08-2016,26.56749916,26.91250038,26.54500008,26.87000084,24.81342888,162213600,18892.639,240.101,4.8,0.39,290000000000.0,89378000000.0,21120000000,93626000000.0,233000000000.0,71230000000.0,2921000000,733000000,53394000000,11488000000,-56274000000,-17716000000.0,1
08-08-2016,26.87999916,27.09250069,26.79000092,27.09250069,25.0188961,112148800,18892.639,240.101,4.8,0.39,290000000000.0,89378000000.0,21120000000,93626000000.0,233000000000.0,71230000000.0,2921000000,733000000,53394000000,11488000000,-56274000000,-17716000000.0,1
09-08-2016,27.05750084,27.23500061,27.00250053,27.20249939,25.12048149,105260800,18892.639,240.101,4.8,0.39,290000000000.0,89378000000.0,21120000000,93626000000.0,233000000000.0,71230000000.0,2921000000,733000000,53394000000,11488000000,-56274000000,-17716000000.0,1
10-08-2016,27.17749977,27.22500038,26.94000053,27.0,24.93348312,96034000,18892.639,240.101,4.8,0.39,290000000000.0,89378000000.0,21120000000,93626000000.0,233000000000.0,71230000000.0,2921000000,733000000,53394000000,11488000000,-56274000000,-17716000000.0,-1
11-08-2016,27.12999916,27.23250008,26.96249962,26.98250008,24.91732025,109938000,18892.639,240.101,4.8,0.39,290000000000.0,89378000000.0,21120000000,93626000000.0,233000000000.0,71230000000.0,2921000000,733000000,53394000000,11488000000,-56274000000,-17716000000.0,-1
12-08-2016,26.94499969,27.11000061,26.94499969,27.04500008,24.97503662,74641600,18892.639,240.101,4.8,0.39,290000000000.0,89378000000.0,21120000000,93626000000.0,233000000000.0,71230000000.0,2921000000,733000000,53394000000,11488000000,-56274000000,-17716000000.0,1
15-08-2016,27.03499985,27.38500023,27.02000046,27.37000084,25.27515984,103472800,18892.639,240.101,4.8,0.39,290000000000.0,89378000000.0,21120000000,93626000000.0,233000000000.0,71230000000.0,2921000000,733000000,53394000000,11488000000,-56274000000,-17716000000.0,1
16-08-2016,27.40749931,27.55750084,27.30249977,27.34499931,25.2520752,135177600,18892.639,240.101,4.8,0.39,290000000000.0,89378000000.0,21120000000,93626000000.0,233000000000.0,71230000000.0,2921000000,733000000,53394000000,11488000000,-56274000000,-17716000000.0,-1
17-08-2016,27.27499962,27.34250069,27.08499908,27.30500031,25.2151413,101424000,18892.639,240.101,4.8,0.39,290000000000.0,89378000000.0,21120000000,93626000000.0,233000000000.0,71230000000.0,2921000000,733000000,53394000000,11488000000,-56274000000,-17716000000.0,1
18-08-2016,27.30750084,27.39999962,27.25499916,27.27000046,25.18281364,87938800,18892.639,240.101,4.8,0.39,290000000000.0,89378000000.0,21120000000,93626000000.0,233000000000.0,71230000000.0,2921000000,733000000,53394000000,11488000000,-56274000000,-17716000000.0,-1
19-08-2016,27.19249916,27.42250061,27.09000015,27.34000015,25.2474556,101472400,18892.639,240.101,4.8,0.39,290000000000.0,89378000000.0,21120000000,93626000000.0,233000000000.0,71230000000.0,2921000000,733000000,53394000000,11488000000,-56274000000,-17716000000.0,1
22-08-2016,27.21500015,27.27499962,26.96249962,27.12750053,25.05121994,103280800,18892.639,240.101,4.8,0.39,290000000000.0,89378000000.0,21120000000,93626000000.0,233000000000.0,71230000000.0,2921000000,733000000,53394000000,11488000000,-56274000000,-17716000000.0,-1
23-08-2016,27.14749908,27.32999992,27.13249969,27.21249962,25.12971306,85030800,18892.639,240.101,4.8,0.39,290000000000.0,89378000000.0,21120000000,93626000000.0,233000000000.0,71230000000.0,2921000000,733000000,53394000000,11488000000,-56274000000,-17716000000.0,1
24-08-2016,27.14249992,27.1875,26.92000008,27.00749969,24.94040298,94700400,18892.639,240.101,4.8,0.39,290000000000.0,89378000000.0,21120000000,93626000000.0,233000000000.0,71230000000.0,2921000000,733000000,53394000000,11488000000,-56274000000,-17716000000.0,-1
25-08-2016,26.84749985,26.96999931,26.67000008,26.89249992,24.83421135,100344800,18892.639,240.101,4.8,0.39,290000000000.0,89378000000.0,21120000000,93626000000.0,233000000000.0,71230000000.0,2921000000,733000000,53394000000,11488000000,-56274000000,-17716000000.0,1
26-08-2016,26.85250092,26.98749924,26.57749939,26.73500061,24.68876648,111065200,18892.639,240.101,4.8,0.39,290000000000.0,89378000000.0,21120000000,93626000000.0,233000000000.0,71230000000.0,2921000000,733000000,53394000000,11488000000,-56274000000,-17716000000.0,-1
29-08-2016,26.65500069,26.86000061,26.57250023,26.70499992,24.66105461,99881200,18892.639,240.101,4.8,0.39,290000000000.0,89378000000.0,21120000000,93626000000.0,233000000000.0,71230000000.0,2921000000,733000000,53394000000,11488000000,-56274000000,-17716000000.0,1
30-08-2016,26.45000076,26.625,26.375,26.5,24.47174644,99455600,18892.639,240.101,4.8,0.39,290000000000.0,89378000000.0,21120000000,93626000000.0,233000000000.0,71230000000.0,2921000000,733000000,53394000000,11488000000,-56274000000,-17716000000.0,1
31-08-2016,26.41500092,26.64249992,26.40999985,26.52499962,24.49483681,118649600,18892.639,240.101,4.8,0.39,290000000000.0,89378000000.0,21120000000,93626000000.0,233000000000.0,71230000000.0,2921000000,733000000,53394000000,11488000000,-56274000000,-17716000000.0,1
01-09-2016,26.53499985,26.70000076,26.40500069,26.68250084,24.64027977,106806000,18892.639,240.101,4.8,0.39,290000000000.0,89378000000.0,21120000000,93626000000.0,233000000000.0,71230000000.0,2921000000,733000000,53394000000,11488000000,-56274000000,-17716000000.0,1
02-09-2016,26.92499924,27.0,26.70499992,26.93250084,24.87114525,107210000,18892.639,240.101,4.8,0.39,290000000000.0,89378000000.0,21120000000,93626000000.0,233000000000.0,71230000000.0,2921000000,733000000,53394000000,11488000000,-56274000000,-17716000000.0,1
06-09-2016,26.97500038,27.07500076,26.87750053,26.92499924,24.86422348,107521600,18892.639,240.101,4.8,0.39,290000000000.0,89378000000.0,21120000000,93626000000.0,233000000000.0,71230000000.0,2921000000,733000000,53394000000,11488000000,-56274000000,-17716000000.0,-1
07-09-2016,26.95750046,27.19000053,26.76749992,27.09000015,25.01659393,169457200,18892.639,240.101,4.8,0.39,290000000000.0,89378000000.0,21120000000,93626000000.0,233000000000.0,71230000000.0,2921000000,733000000,53394000000,11488000000,-56274000000,-17716000000.0,1
08-09-2016,26.8125,26.81749916,26.30999947,26.37999916,24.3609333,212008000,18892.639,240.101,4.8,0.39,290000000000.0,89378000000.0,21120000000,93626000000.0,233000000000.0,71230000000.0,2921000000,733000000,53394000000,11488000000,-56274000000,-17716000000.0,-1
09-09-2016,26.15999985,26.43000031,25.78249931,25.78249931,23.80916214,186228000,18892.639,240.101,4.8,0.39,290000000000.0,89378000000.0,21120000000,93626000000.0,233000000000.0,71230000000.0,2921000000,733000000,53394000000,11488000000,-56274000000,-17716000000.0,-1
12-09-2016,25.66250038,26.43000031,25.63249969,26.36000061,24.34246826,181171200,18892.639,240.101,4.8,0.39,290000000000.0,89378000000.0,21120000000,93626000000.0,233000000000.0,71230000000.0,2921000000,733000000,53394000000,11488000000,-56274000000,-17716000000.0,1
13-09-2016,26.87750053,27.19750023,26.80999947,26.98749924,24.92193604,248704800,18892.639,240.101,4.8,0.39,290000000000.0,89378000000.0,21120000000,93626000000.0,233000000000.0,71230000000.0,2921000000,733000000,53394000000,11488000000,-56274000000,-17716000000.0,1
14-09-2016,27.18250084,28.25749969,27.14999962,27.94249916,25.80384254,443554800,18892.639,240.101,4.8,0.39,290000000000.0,89378000000.0,21120000000,93626000000.0,233000000000.0,71230000000.0,2921000000,733000000,53394000000,11488000000,-56274000000,-17716000000.0,1
15-09-2016,28.46500015,28.93250084,28.37249947,28.89249992,26.68112946,359934400,18892.639,240.101,4.8,0.39,290000000000.0,89378000000.0,21120000000,93626000000.0,233000000000.0,71230000000.0,2921000000,733000000,53394000000,11488000000,-56274000000,-17716000000.0,1
16-09-2016,28.78000069,29.03249931,28.51000023,28.72999954,26.53106689,319547600,18892.639,240.101,4.8,0.39,290000000000.0,89378000000.0,21120000000,93626000000.0,233000000000.0,71230000000.0,2921000000,733000000,53394000000,11488000000,-56274000000,-17716000000.0,-1
19-09-2016,28.79750061,29.04500008,28.3125,28.39500046,26.22170639,188092000,18892.639,240.101,4.8,0.39,290000000000.0,89378000000.0,21120000000,93626000000.0,233000000000.0,71230000000.0,2921000000,733000000,53394000000,11488000000,-56274000000,-17716000000.0,-1
20-09-2016,28.26250076,28.53000069,28.12750053,28.39249992,26.21939659,138057200,18892.639,240.101,4.8,0.39,290000000000.0,89378000000.0,21120000000,93626000000.0,233000000000.0,71230000000.0,2921000000,733000000,53394000000,11488000000,-56274000000,-17716000000.0,1
21-09-2016,28.46249962,28.49749947,28.11000061,28.38750076,26.21478081,144012800,18892.639,240.101,4.8,0.39,290000000000.0,89378000000.0,21120000000,93626000000.0,233000000000.0,71230000000.0,2921000000,733000000,53394000000,11488000000,-56274000000,-17716000000.0,-1
22-09-2016,28.58749962,28.73500061,28.5,28.65500069,26.46181297,124296000,18892.639,240.101,4.8,0.39,290000000000.0,89378000000.0,21120000000,93626000000.0,233000000000.0,71230000000.0,2921000000,733000000,53394000000,11488000000,-56274000000,-17716000000.0,1
23-09-2016,28.60499954,28.69750023,27.88750076,28.17749977,26.02085686,209924800,18892.639,240.101,4.8,0.39,290000000000.0,89378000000.0,21120000000,93626000000.0,233000000000.0,71230000000.0,2921000000,733000000,53394000000,11488000000,-56274000000,-17716000000.0,-1
26-09-2016,27.90999985,28.34749985,27.88750076,28.21999931,26.06010056,119477600,18892.639,240.101,4.8,0.39,290000000000.0,89378000000.0,21120000000,93626000000.0,233000000000.0,71230000000.0,2921000000,733000000,53394000000,11488000000,-56274000000,-17716000000.0,1
27-09-2016,28.25,28.29500008,28.08499908,28.27249908,26.10858536,98429600,18892.639,240.101,4.8,0.39,290000000000.0,89378000000.0,21120000000,93626000000.0,233000000000.0,71230000000.0,2921000000,733000000,53394000000,11488000000,-56274000000,-17716000000.0,1
28-09-2016,28.42250061,28.65999985,28.35750008,28.48749924,26.30712891,118564400,18892.639,240.101,4.8,0.39,290000000000.0,89378000000.0,21120000000,93626000000.0,233000000000.0,71230000000.0,2921000000,733000000,53394000000,11488000000,-56274000000,-17716000000.0,1
29-09-2016,28.29000092,28.45000076,27.95000076,28.04500008,25.89849281,143548000,18892.639,240.101,4.8,0.39,290000000000.0,89378000000.0,21120000000,93626000000.0,233000000000.0,71230000000.0,2921000000,733000000,53394000000,11488000000,-56274000000,-17716000000.0,-1
30-09-2016,28.11499977,28.34250069,27.95000076,28.26250076,26.09935188,145516400,18892.639,240.101,4.8,0.39,322000000000.0,107000000000.0,20484000000,84263000000.0,216000000000.0,60024000000.0,3999000000,1456000000,45687000000,13548000000,-45977000000,-20890000000.0,1
03-10-2016,28.17749977,28.26250076,28.06999969,28.12999916,25.97698975,86807200,19089.379,241.741,4.9,0.4,322000000000.0,107000000000.0,20484000000,84263000000.0,216000000000.0,60024000000.0,3999000000,1456000000,45687000000,13548000000,-45977000000,-20890000000.0,-1
04-10-2016,28.26499939,28.57749939,28.15749931,28.25,26.08780861,118947200,19089.379,241.741,4.9,0.4,322000000000.0,107000000000.0,20484000000,84263000000.0,216000000000.0,60024000000.0,3999000000,1456000000,45687000000,13548000000,-45977000000,-20890000000.0,-1
05-10-2016,28.35000038,28.41500092,28.17250061,28.26250076,26.09935188,85812400,19089.379,241.741,4.9,0.4,322000000000.0,107000000000.0,20484000000,84263000000.0,216000000000.0,60024000000.0,3999000000,1456000000,45687000000,13548000000,-45977000000,-20890000000.0,-1
06-10-2016,28.42499924,28.58499908,28.28249931,28.47249985,26.29327583,115117200,19089.379,241.741,4.9,0.4,322000000000.0,107000000000.0,20484000000,84263000000.0,216000000000.0,60024000000.0,3999000000,1456000000,45687000000,13548000000,-45977000000,-20890000000.0,1
07-10-2016,28.57749939,28.63999939,28.37750053,28.51499939,26.33252907,97433600,19089.379,241.741,4.9,0.4,322000000000.0,107000000000.0,20484000000,84263000000.0,216000000000.0,60024000000.0,3999000000,1456000000,45687000000,13548000000,-45977000000,-20890000000.0,-1
10-10-2016,28.75499916,29.1875,28.68000031,29.01250076,26.79194641,144944000,19089.379,241.741,4.9,0.4,322000000000.0,107000000000.0,20484000000,84263000000.0,216000000000.0,60024000000.0,3999000000,1456000000,45687000000,13548000000,-45977000000,-20890000000.0,1
11-10-2016,29.42499924,29.67250061,29.04999924,29.07500076,26.8496666,256164000,19089.379,241.741,4.9,0.4,322000000000.0,107000000000.0,20484000000,84263000000.0,216000000000.0,60024000000.0,3999000000,1456000000,45687000000,13548000000,-45977000000,-20890000000.0,-1
12-10-2016,29.33749962,29.49500084,29.1875,29.33499908,27.08975983,150347200,19089.379,241.741,4.9,0.4,322000000000.0,107000000000.0,20484000000,84263000000.0,216000000000.0,60024000000.0,3999000000,1456000000,45687000000,13548000000,-45977000000,-20890000000.0,-1
13-10-2016,29.19750023,29.36000061,28.93000031,29.24500084,27.00665283,140769600,19089.379,241.741,4.9,0.4,322000000000.0,107000000000.0,20484000000,84263000000.0,216000000000.0,60024000000.0,3999000000,1456000000,45687000000,13548000000,-45977000000,-20890000000.0,1
14-10-2016,29.46999931,29.54249954,29.28249931,29.40749931,27.15671158,142608800,19089.379,241.741,4.9,0.4,322000000000.0,107000000000.0,20484000000,84263000000.0,216000000000.0,60024000000.0,3999000000,1456000000,45687000000,13548000000,-45977000000,-20890000000.0,-1
17-10-2016,29.33250046,29.45999908,29.19499969,29.38750076,27.13824844,94499600,19089.379,241.741,4.9,0.4,322000000000.0,107000000000.0,20484000000,84263000000.0,216000000000.0,60024000000.0,3999000000,1456000000,45687000000,13548000000,-45977000000,-20890000000.0,1
18-10-2016,29.54500008,29.55249977,29.36249924,29.36750031,27.11977577,98214000,19089.379,241.741,4.9,0.4,322000000000.0,107000000000.0,20484000000,84263000000.0,216000000000.0,60024000000.0,3999000000,1456000000,45687000000,13548000000,-45977000000,-20890000000.0,-1
19-10-2016,29.3125,29.44000053,28.45000076,29.28000069,27.03897858,80138400,19089.379,241.741,4.9,0.4,322000000000.0,107000000000.0,20484000000,84263000000.0,216000000000.0,60024000000.0,3999000000,1456000000,45687000000,13548000000,-45977000000,-20890000000.0,-1
20-10-2016,29.21500015,29.34499931,29.08250046,29.26499939,27.02512169,96503200,19089.379,241.741,4.9,0.4,322000000000.0,107000000000.0,20484000000,84263000000.0,216000000000.0,60024000000.0,3999000000,1456000000,45687000000,13548000000,-45977000000,-20890000000.0,1
21-10-2016,29.20249939,29.22750092,29.06999969,29.14999962,26.91892052,92770800,19089.379,241.741,4.9,0.4,322000000000.0,107000000000.0,20484000000,84263000000.0,216000000000.0,60024000000.0,3999000000,1456000000,45687000000,13548000000,-45977000000,-20890000000.0,-1
24-10-2016,29.27499962,29.43499947,29.25,29.41250038,27.16133308,94154800,19089.379,241.741,4.9,0.4,322000000000.0,107000000000.0,20484000000,84263000000.0,216000000000.0,60024000000.0,3999000000,1456000000,45687000000,13548000000,-45977000000,-20890000000.0,1
25-10-2016,29.48749924,29.59000015,29.32749939,29.5625,27.29985428,192516000,19089.379,241.741,4.9,0.4,322000000000.0,107000000000.0,20484000000,84263000000.0,216000000000.0,60024000000.0,3999000000,1456000000,45687000000,13548000000,-45977000000,-20890000000.0,1
26-10-2016,28.57749939,28.92499924,28.32749939,28.89749908,26.68575478,264536800,19089.379,241.741,4.9,0.4,322000000000.0,107000000000.0,20484000000,84263000000.0,216000000000.0,60024000000.0,3999000000,1456000000,45687000000,13548000000,-45977000000,-20890000000.0,1
27-10-2016,28.84749985,28.96500015,28.52499962,28.62000084,26.42948914,138248000,19089.379,241.741,4.9,0.4,322000000000.0,107000000000.0,20484000000,84263000000.0,216000000000.0,60024000000.0,3999000000,1456000000,45687000000,13548000000,-45977000000,-20890000000.0,-1
28-10-2016,28.46750069,28.80249977,28.36249924,28.43000031,26.25403404,151446800,19089.379,241.741,4.9,0.4,322000000000.0,107000000000.0,20484000000,84263000000.0,216000000000.0,60024000000.0,3999000000,1456000000,45687000000,13548000000,-45977000000,-20890000000.0,-1
31-10-2016,28.41250038,28.55750084,28.29999924,28.38500023,26.21247673,105677600,19089.379,241.741,4.9,0.4,322000000000.0,107000000000.0,20484000000,84263000000.0,216000000000.0,60024000000.0,3999000000,1456000000,45687000000,13548000000,-45977000000,-20890000000.0,-1
01-11-2016,28.36499977,28.44249916,27.63249969,27.87249947,25.73919487,175303200,19089.379,241.741,4.9,0.4,322000000000.0,107000000000.0,20484000000,84263000000.0,216000000000.0,60024000000.0,3999000000,1456000000,45687000000,13548000000,-45977000000,-20890000000.0,-1
02-11-2016,27.85000038,28.08749962,27.80750084,27.89749908,25.76228714,113326800,19089.379,241.741,4.9,0.4,322000000000.0,107000000000.0,20484000000,84263000000.0,216000000000.0,60024000000.0,3999000000,1456000000,45687000000,13548000000,-45977000000,-20890000000.0,1
03-11-2016,27.74500084,27.86499977,27.38750076,27.45750046,25.48615074,107730400,19089.379,241.741,4.9,0.4,322000000000.0,107000000000.0,20484000000,84263000000.0,216000000000.0,60024000000.0,3999000000,1456000000,45687000000,13548000000,-45977000000,-20890000000.0,-1
04-11-2016,27.13249969,27.5625,27.02750015,27.20999908,25.25641632,123348000,19089.379,241.741,4.9,0.4,322000000000.0,107000000000.0,20484000000,84263000000.0,216000000000.0,60024000000.0,3999000000,1456000000,45687000000,13548000000,-45977000000,-20890000000.0,1
07-11-2016,27.52000046,27.62750053,27.36499977,27.60250092,25.62073898,130240000,19089.379,241.741,4.9,0.4,322000000000.0,107000000000.0,20484000000,84263000000.0,216000000000.0,60024000000.0,3999000000,1456000000,45687000000,13548000000,-45977000000,-20890000000.0,1
08-11-2016,27.57749939,27.93000031,27.42499924,27.76499939,25.7715683,97016800,19089.379,241.741,4.9,0.4,322000000000.0,107000000000.0,20484000000,84263000000.0,216000000000.0,60024000000.0,3999000000,1456000000,45687000000,13548000000,-45977000000,-20890000000.0,1
09-11-2016,27.46999931,27.82999992,27.01250076,27.71999931,25.72980309,236705600,19089.379,241.741,4.9,0.4,322000000000.0,107000000000.0,20484000000,84263000000.0,216000000000.0,60024000000.0,3999000000,1456000000,45687000000,13548000000,-45977000000,-20890000000.0,1
10-11-2016,27.77249908,27.77249908,26.45750046,26.94750023,25.01276398,228538000,19089.379,241.741,4.9,0.4,322000000000.0,107000000000.0,20484000000,84263000000.0,216000000000.0,60024000000.0,3999000000,1456000000,45687000000,13548000000,-45977000000,-20890000000.0,-1
11-11-2016,26.78000069,27.21750069,26.63750076,27.10750008,25.16127586,136575600,19089.379,241.741,4.9,0.4,322000000000.0,107000000000.0,20484000000,84263000000.0,216000000000.0,60024000000.0,3999000000,1456000000,45687000000,13548000000,-45977000000,-20890000000.0,1
14-11-2016,26.92749977,26.95249939,26.02000046,26.42749977,24.53008842,204702000,19089.379,241.741,4.9,0.4,322000000000.0,107000000000.0,20484000000,84263000000.0,216000000000.0,60024000000.0,3999000000,1456000000,45687000000,13548000000,-45977000000,-20890000000.0,-1
15-11-2016,26.64249992,26.92000008,26.54000092,26.77750015,24.85496712,129058000,19089.379,241.741,4.9,0.4,322000000000.0,107000000000.0,20484000000,84263000000.0,216000000000.0,60024000000.0,3999000000,1456000000,45687000000,13548000000,-45977000000,-20890000000.0,1
16-11-2016,26.67499924,27.55750084,26.64999962,27.49749947,25.52327156,235362000,19089.379,241.741,4.9,0.4,322000000000.0,107000000000.0,20484000000,84263000000.0,216000000000.0,60024000000.0,3999000000,1456000000,45687000000,13548000000,-45977000000,-20890000000.0,1
17-11-2016,27.45249939,27.58749962,27.20750046,27.48749924,25.51399422,110528000,19089.379,241.741,4.9,0.4,322000000000.0,107000000000.0,20484000000,84263000000.0,216000000000.0,60024000000.0,3999000000,1456000000,45687000000,13548000000,-45977000000,-20890000000.0,1
18-11-2016,27.43000031,27.63500023,27.41500092,27.51499939,25.53951836,113715600,19089.379,241.741,4.9,0.4,322000000000.0,107000000000.0,20484000000,84263000000.0,216000000000.0,60024000000.0,3999000000,1456000000,45687000000,13548000000,-45977000000,-20890000000.0,1
21-11-2016,27.53000069,27.99749947,27.50250053,27.93250084,25.92703819,117058400,19089.379,241.741,4.9,0.4,322000000000.0,107000000000.0,20484000000,84263000000.0,216000000000.0,60024000000.0,3999000000,1456000000,45687000000,13548000000,-45977000000,-20890000000.0,1
22-11-2016,27.98749924,28.10499954,27.85000038,27.95000076,25.94329071,103862000,19089.379,241.741,4.9,0.4,322000000000.0,107000000000.0,20484000000,84263000000.0,216000000000.0,60024000000.0,3999000000,1456000000,45687000000,13548000000,-45977000000,-20890000000.0,-1
23-11-2016,27.84000015,27.87750053,27.58250046,27.80750084,25.8110218,109705600,19089.379,241.741,4.9,0.4,322000000000.0,107000000000.0,20484000000,84263000000.0,216000000000.0,60024000000.0,3999000000,1456000000,45687000000,13548000000,-45977000000,-20890000000.0,-1
25-11-2016,27.78249931,27.96750069,27.73749924,27.94750023,25.94096565,45903600,19089.379,241.741,4.9,0.4,322000000000.0,107000000000.0,20484000000,84263000000.0,216000000000.0,60024000000.0,3999000000,1456000000,45687000000,13548000000,-45977000000,-20890000000.0,1
28-11-2016,27.85750008,28.11750031,27.84749985,27.89249992,25.88991547,108776000,19089.379,241.741,4.9,0.4,322000000000.0,107000000000.0,20484000000,84263000000.0,216000000000.0,60024000000.0,3999000000,1456000000,45687000000,13548000000,-45977000000,-20890000000.0,1
29-11-2016,27.69499969,28.00749969,27.51749992,27.86499977,25.86438751,114115200,19089.379,241.741,4.9,0.4,322000000000.0,107000000000.0,20484000000,84263000000.0,216000000000.0,60024000000.0,3999000000,1456000000,45687000000,13548000000,-45977000000,-20890000000.0,1
30-11-2016,27.89999962,28.04999924,27.56749916,27.62999916,25.6462574,144649200,19089.379,241.741,4.9,0.4,322000000000.0,107000000000.0,20484000000,84263000000.0,216000000000.0,60024000000.0,3999000000,1456000000,45687000000,13548000000,-45977000000,-20890000000.0,-1
01-12-2016,27.59250069,27.73500061,27.25749969,27.37249947,25.40725327,148347600,19089.379,241.741,4.9,0.4,322000000000.0,107000000000.0,20484000000,84263000000.0,216000000000.0,60024000000.0,3999000000,1456000000,45687000000,13548000000,-45977000000,-20890000000.0,-1
02-12-2016,27.29249954,27.52249908,27.21249962,27.47500038,25.50239182,106112000,19089.379,241.741,4.9,0.4,322000000000.0,107000000000.0,20484000000,84263000000.0,216000000000.0,60024000000.0,3999000000,1456000000,45687000000,13548000000,-45977000000,-20890000000.0,1
05-12-2016,27.5,27.50749969,27.0625,27.27750015,25.31907463,137298000,19089.379,241.741,4.9,0.4,322000000000.0,107000000000.0,20484000000,84263000000.0,216000000000.0,60024000000.0,3999000000,1456000000,45687000000,13548000000,-45977000000,-20890000000.0,-1
06-12-2016,27.375,27.59000015,27.29750061,27.48749924,25.51399422,104782000,19089.379,241.741,4.9,0.4,322000000000.0,107000000000.0,20484000000,84263000000.0,216000000000.0,60024000000.0,3999000000,1456000000,45687000000,13548000000,-45977000000,-20890000000.0,1
07-12-2016,27.31500053,27.79750061,27.29000092,27.75749969,25.76460838,119994800,19089.379,241.741,4.9,0.4,322000000000.0,107000000000.0,20484000000,84263000000.0,216000000000.0,60024000000.0,3999000000,1456000000,45687000000,13548000000,-45977000000,-20890000000.0,1
08-12-2016,27.71500015,28.10750008,27.64999962,28.03000069,26.0175457,108273200,19089.379,241.741,4.9,0.4,322000000000.0,107000000000.0,20484000000,84263000000.0,216000000000.0,60024000000.0,3999000000,1456000000,45687000000,13548000000,-45977000000,-20890000000.0,1
09-12-2016,28.07749939,28.67499924,28.07749939,28.48749924,26.4421978,137610400,19089.379,241.741,4.9,0.4,322000000000.0,107000000000.0,20484000000,84263000000.0,216000000000.0,60024000000.0,3999000000,1456000000,45687000000,13548000000,-45977000000,-20890000000.0,1
12-12-2016,28.32250023,28.75,28.12249947,28.32500076,26.29136276,105497600,19089.379,241.741,4.9,0.4,322000000000.0,107000000000.0,20484000000,84263000000.0,216000000000.0,60024000000.0,3999000000,1456000000,45687000000,13548000000,-45977000000,-20890000000.0,1
13-12-2016,28.45999908,28.97999954,28.4375,28.79750061,26.72994041,174935200,19089.379,241.741,4.9,0.4,322000000000.0,107000000000.0,20484000000,84263000000.0,216000000000.0,60024000000.0,3999000000,1456000000,45687000000,13548000000,-45977000000,-20890000000.0,1
14-12-2016,28.76000023,29.04999924,28.74500084,28.79750061,26.72994041,136127200,19089.379,241.741,4.9,0.4,322000000000.0,107000000000.0,20484000000,84263000000.0,216000000000.0,60024000000.0,3999000000,1456000000,45687000000,13548000000,-45977000000,-20890000000.0,1
15-12-2016,28.84499931,29.18250084,28.80750084,28.95499992,26.87613106,186098000,19089.379,241.741,4.9,0.4,322000000000.0,107000000000.0,20484000000,84263000000.0,216000000000.0,60024000000.0,3999000000,1456000000,45687000000,13548000000,-45977000000,-20890000000.0,1
16-12-2016,29.11750031,29.125,28.91250038,28.99250031,26.91094398,177404400,19089.379,241.741,4.9,0.4,322000000000.0,107000000000.0,20484000000,84263000000.0,216000000000.0,60024000000.0,3999000000,1456000000,45687000000,13548000000,-45977000000,-20890000000.0,-1
19-12-2016,28.95000076,29.34499931,28.9375,29.15999985,27.06641579,111117600,19089.379,241.741,4.9,0.4,322000000000.0,107000000000.0,20484000000,84263000000.0,216000000000.0,60024000000.0,3999000000,1456000000,45687000000,13548000000,-45977000000,-20890000000.0,1
20-12-2016,29.18499947,29.375,29.17000008,29.23749924,27.13834763,85700000,19089.379,241.741,4.9,0.4,322000000000.0,107000000000.0,20484000000,84263000000.0,216000000000.0,60024000000.0,3999000000,1456000000,45687000000,13548000000,-45977000000,-20890000000.0,1
21-12-2016,29.20000076,29.35000038,29.19499969,29.26499939,27.16387367,95132800,19089.379,241.741,4.9,0.4,322000000000.0,107000000000.0,20484000000,84263000000.0,216000000000.0,60024000000.0,3999000000,1456000000,45687000000,13548000000,-45977000000,-20890000000.0,1
22-12-2016,29.08749962,29.12750053,28.90999985,29.07250023,26.98519516,104343600,19089.379,241.741,4.9,0.4,322000000000.0,107000000000.0,20484000000,84263000000.0,216000000000.0,60024000000.0,3999000000,1456000000,45687000000,13548000000,-45977000000,-20890000000.0,-1
23-12-2016,28.89749908,29.12999916,28.89749908,29.12999916,27.0385685,56998000,19089.379,241.741,4.9,0.4,322000000000.0,107000000000.0,20484000000,84263000000.0,216000000000.0,60024000000.0,3999000000,1456000000,45687000000,13548000000,-45977000000,-20890000000.0,1
27-12-2016,29.12999916,29.45000076,29.12249947,29.31500053,27.21029091,73187600,19089.379,241.741,4.9,0.4,322000000000.0,107000000000.0,20484000000,84263000000.0,216000000000.0,60024000000.0,3999000000,1456000000,45687000000,13548000000,-45977000000,-20890000000.0,1
28-12-2016,29.37999916,29.50499916,29.04999924,29.19000053,27.09425545,83623600,19089.379,241.741,4.9,0.4,322000000000.0,107000000000.0,20484000000,84263000000.0,216000000000.0,60024000000.0,3999000000,1456000000,45687000000,13548000000,-45977000000,-20890000000.0,-1
29-12-2016,29.11249924,29.27750015,29.10000038,29.18250084,27.08729744,60158000,19089.379,241.741,4.9,0.4,322000000000.0,107000000000.0,20484000000,84263000000.0,216000000000.0,60024000000.0,3999000000,1456000000,45687000000,13548000000,-45977000000,-20890000000.0,1
30-12-2016,29.16250038,29.29999924,28.85750008,28.95499992,26.87613106,122345200,19089.379,241.741,4.9,0.4,322000000000.0,107000000000.0,20484000000,84263000000.0,216000000000.0,60024000000.0,3999000000,1456000000,45687000000,13548000000,-45977000000,-20890000000.0,-1
03-01-2017,28.95000076,29.08250046,28.69000053,29.03750038,26.95271111,115127600,19280.084,243.618,4.7,0.65,322000000000.0,107000000000.0,20484000000,84263000000.0,216000000000.0,60024000000.0,3999000000,1456000000,45687000000,13548000000,-45977000000,-20890000000.0,1
04-01-2017,28.96249962,29.12750053,28.9375,29.00499916,26.92254066,84472400,19280.084,243.618,4.7,0.65,322000000000.0,107000000000.0,20484000000,84263000000.0,216000000000.0,60024000000.0,3999000000,1456000000,45687000000,13548000000,-45977000000,-20890000000.0,1
05-01-2017,28.97999954,29.21500015,28.95249939,29.15250015,27.05945396,88774400,19280.084,243.618,4.7,0.65,322000000000.0,107000000000.0,20484000000,84263000000.0,216000000000.0,60024000000.0,3999000000,1456000000,45687000000,13548000000,-45977000000,-20890000000.0,1
06-01-2017,29.19499969,29.54000092,29.11750031,29.47750092,27.36112022,127007600,19280.084,243.618,4.7,0.65,322000000000.0,107000000000.0,20484000000,84263000000.0,216000000000.0,60024000000.0,3999000000,1456000000,45687000000,13548000000,-45977000000,-20890000000.0,1
09-01-2017,29.48749924,29.85750008,29.48500061,29.74749947,27.61173248,134247600,19280.084,243.618,4.7,0.65,322000000000.0,107000000000.0,20484000000,84263000000.0,216000000000.0,60024000000.0,3999000000,1456000000,45687000000,13548000000,-45977000000,-20890000000.0,1
10-01-2017,29.69249916,29.84499931,29.57500076,29.77750015,27.63957787,97848400,19280.084,243.618,4.7,0.65,322000000000.0,107000000000.0,20484000000,84263000000.0,216000000000.0,60024000000.0,3999000000,1456000000,45687000000,13548000000,-45977000000,-20890000000.0,1
11-01-2017,29.68499947,29.98250008,29.64999962,29.9375,27.78809547,110354400,19280.084,243.618,4.7,0.65,322000000000.0,107000000000.0,20484000000,84263000000.0,216000000000.0,60024000000.0,3999000000,1456000000,45687000000,13548000000,-45977000000,-20890000000.0,1
12-01-2017,29.72500038,29.82500076,29.55249977,29.8125,27.67206764,108344800,19280.084,243.618,4.7,0.65,322000000000.0,107000000000.0,20484000000,84263000000.0,216000000000.0,60024000000.0,3999000000,1456000000,45687000000,13548000000,-45977000000,-20890000000.0,1
13-01-2017,29.77750015,29.90500069,29.70249939,29.76000023,27.6233387,104447600,19280.084,243.618,4.7,0.65,322000000000.0,107000000000.0,20484000000,84263000000.0,216000000000.0,60024000000.0,3999000000,1456000000,45687000000,13548000000,-45977000000,-20890000000.0,-1
17-01-2017,29.58499908,30.05999947,29.55500031,30.0,27.84609985,137759200,19280.084,243.618,4.7,0.65,322000000000.0,107000000000.0,20484000000,84263000000.0,216000000000.0,60024000000.0,3999000000,1456000000,45687000000,13548000000,-45977000000,-20890000000.0,1
18-01-2017,30.0,30.125,29.92749977,29.99749947,27.84378433,94852000,19280.084,243.618,4.7,0.65,322000000000.0,107000000000.0,20484000000,84263000000.0,216000000000.0,60024000000.0,3999000000,1456000000,45687000000,13548000000,-45977000000,-20890000000.0,-1
19-01-2017,29.85000038,30.02249908,29.84250069,29.94499969,27.79504967,102389200,19280.084,243.618,4.7,0.65,322000000000.0,107000000000.0,20484000000,84263000000.0,216000000000.0,60024000000.0,3999000000,1456000000,45687000000,13548000000,-45977000000,-20890000000.0,1
20-01-2017,30.11249924,30.11249924,29.93250084,30.0,27.84609985,130391600,19280.084,243.618,4.7,0.65,322000000000.0,107000000000.0,20484000000,84263000000.0,216000000000.0,60024000000.0,3999000000,1456000000,45687000000,13548000000,-45977000000,-20890000000.0,-1
23-01-2017,30.0,30.20249939,29.94249916,30.02000046,27.8646698,88200800,19280.084,243.618,4.7,0.65,322000000000.0,107000000000.0,20484000000,84263000000.0,216000000000.0,60024000000.0,3999000000,1456000000,45687000000,13548000000,-45977000000,-20890000000.0,1
24-01-2017,29.88750076,30.02499962,29.875,29.99250031,27.83914375,92844000,19280.084,243.618,4.7,0.65,322000000000.0,107000000000.0,20484000000,84263000000.0,216000000000.0,60024000000.0,3999000000,1456000000,45687000000,13548000000,-45977000000,-20890000000.0,1
25-01-2017,30.10499954,30.52499962,30.06999969,30.46999931,28.28235626,129510400,19280.084,243.618,4.7,0.65,322000000000.0,107000000000.0,20484000000,84263000000.0,216000000000.0,60024000000.0,3999000000,1456000000,45687000000,13548000000,-45977000000,-20890000000.0,1
26-01-2017,30.41749954,30.61000061,30.39999962,30.48500061,28.29628372,105350400,19280.084,243.618,4.7,0.65,322000000000.0,107000000000.0,20484000000,84263000000.0,216000000000.0,60024000000.0,3999000000,1456000000,45687000000,13548000000,-45977000000,-20890000000.0,1
27-01-2017,30.53499985,30.58749962,30.39999962,30.48749924,28.29860306,82251600,19280.084,243.618,4.7,0.65,322000000000.0,107000000000.0,20484000000,84263000000.0,216000000000.0,60024000000.0,3999000000,1456000000,45687000000,13548000000,-45977000000,-20890000000.0,-1
30-01-2017,30.23250008,30.40749931,30.16500092,30.40749931,28.22434807,121510000,19280.084,243.618,4.7,0.65,322000000000.0,107000000000.0,20484000000,84263000000.0,216000000000.0,60024000000.0,3999000000,1456000000,45687000000,13548000000,-45977000000,-20890000000.0,1
31-01-2017,30.28750038,30.34749985,30.15500069,30.33749962,28.15937042,196804000,19280.084,243.618,4.7,0.65,322000000000.0,107000000000.0,20484000000,84263000000.0,216000000000.0,60024000000.0,3999000000,1456000000,45687000000,13548000000,-45977000000,-20890000000.0,1
01-02-2017,31.75749969,32.62250137,31.75250053,32.1875,29.87654877,447940000,19280.084,243.618,4.7,0.65,322000000000.0,107000000000.0,20484000000,84263000000.0,216000000000.0,60024000000.0,3999000000,1456000000,45687000000,13548000000,-45977000000,-20890000000.0,1
02-02-2017,31.99500084,32.34749985,31.94499969,32.13249969,29.8255024,134841600,19280.084,243.618,4.7,0.65,322000000000.0,107000000000.0,20484000000,84263000000.0,216000000000.0,60024000000.0,3999000000,1456000000,45687000000,13548000000,-45977000000,-20890000000.0,1
03-02-2017,32.07749939,32.29750061,32.04000092,32.27000046,29.95313072,98029200,19280.084,243.618,4.7,0.65,322000000000.0,107000000000.0,20484000000,84263000000.0,216000000000.0,60024000000.0,3999000000,1456000000,45687000000,13548000000,-45977000000,-20890000000.0,1
06-02-2017,32.28250122,32.625,32.22499847,32.57249832,30.23390007,107383600,19280.084,243.618,4.7,0.65,322000000000.0,107000000000.0,20484000000,84263000000.0,216000000000.0,60024000000.0,3999000000,1456000000,45687000000,13548000000,-45977000000,-20890000000.0,1
07-02-2017,32.63499832,33.02249908,32.61249924,32.88249969,30.52164841,152735200,19280.084,243.618,4.7,0.65,322000000000.0,107000000000.0,20484000000,84263000000.0,216000000000.0,60024000000.0,3999000000,1456000000,45687000000,13548000000,-45977000000,-20890000000.0,1
08-02-2017,32.83750153,33.05500031,32.80500031,33.00999832,30.63999557,92016400,19280.084,243.618,4.7,0.65,322000000000.0,107000000000.0,20484000000,84263000000.0,216000000000.0,60024000000.0,3999000000,1456000000,45687000000,13548000000,-45977000000,-20890000000.0,1
09-02-2017,32.91249847,33.11249924,32.77999878,33.10499954,30.86139297,113399600,19280.084,243.618,4.7,0.65,322000000000.0,107000000000.0,20484000000,84263000000.0,216000000000.0,60024000000.0,3999000000,1456000000,45687000000,13548000000,-45977000000,-20890000000.0,1
10-02-2017,33.11500168,33.23500061,33.01250076,33.02999878,30.79148293,80262000,19280.084,243.618,4.7,0.65,322000000000.0,107000000000.0,20484000000,84263000000.0,216000000000.0,60024000000.0,3999000000,1456000000,45687000000,13548000000,-45977000000,-20890000000.0,-1
13-02-2017,33.27000046,33.45500183,33.1875,33.32249832,31.0641613,92141600,19280.084,243.618,4.7,0.65,322000000000.0,107000000000.0,20484000000,84263000000.0,216000000000.0,60024000000.0,3999000000,1456000000,45687000000,13548000000,-45977000000,-20890000000.0,1
14-02-2017,33.36750031,33.77249908,33.3125,33.75500107,31.46735001,132904800,19280.084,243.618,4.7,0.65,322000000000.0,107000000000.0,20484000000,84263000000.0,216000000000.0,60024000000.0,3999000000,1456000000,45687000000,13548000000,-45977000000,-20890000000.0,1
15-02-2017,33.88000107,34.06750107,33.65499878,33.87749863,31.58154106,142492400,19280.084,243.618,4.7,0.65,322000000000.0,107000000000.0,20484000000,84263000000.0,216000000000.0,60024000000.0,3999000000,1456000000,45687000000,13548000000,-45977000000,-20890000000.0,-1
16-02-2017,33.91749954,33.97499847,33.70999908,33.83750153,31.54425049,90338400,19280.084,243.618,4.7,0.65,322000000000.0,107000000000.0,20484000000,84263000000.0,216000000000.0,60024000000.0,3999000000,1456000000,45687000000,13548000000,-45977000000,-20890000000.0,-1
17-02-2017,33.77500153,33.95750046,33.77500153,33.93000031,31.63048363,88792800,19280.084,243.618,4.7,0.65,322000000000.0,107000000000.0,20484000000,84263000000.0,216000000000.0,60024000000.0,3999000000,1456000000,45687000000,13548000000,-45977000000,-20890000000.0,1
21-02-2017,34.05749893,34.1875,33.99499893,34.17499924,31.858881,98028800,19280.084,243.618,4.7,0.65,322000000000.0,107000000000.0,20484000000,84263000000.0,216000000000.0,60024000000.0,3999000000,1456000000,45687000000,13548000000,-45977000000,-20890000000.0,1
22-02-2017,34.10749817,34.27999878,34.02750015,34.27750015,31.95443535,83347600,19280.084,243.618,4.7,0.65,322000000000.0,107000000000.0,20484000000,84263000000.0,216000000000.0,60024000000.0,3999000000,1456000000,45687000000,13548000000,-45977000000,-20890000000.0,1
23-02-2017,34.34500122,34.36999893,34.07500076,34.13249969,31.81926346,83152800,19280.084,243.618,4.7,0.65,322000000000.0,107000000000.0,20484000000,84263000000.0,216000000000.0,60024000000.0,3999000000,1456000000,45687000000,13548000000,-45977000000,-20890000000.0,-1
24-02-2017,33.97750092,34.16500092,33.81999969,34.16500092,31.84956741,87106400,19280.084,243.618,4.7,0.65,322000000000.0,107000000000.0,20484000000,84263000000.0,216000000000.0,60024000000.0,3999000000,1456000000,45687000000,13548000000,-45977000000,-20890000000.0,1
27-02-2017,34.28499985,34.36000061,34.06999969,34.23249817,31.91248322,81029600,19280.084,243.618,4.7,0.65,322000000000.0,107000000000.0,20484000000,84263000000.0,216000000000.0,60024000000.0,3999000000,1456000000,45687000000,13548000000,-45977000000,-20890000000.0,-1
28-02-2017,34.27000046,34.36000061,34.17499924,34.24750137,31.92647552,93931600,19280.084,243.618,4.7,0.65,322000000000.0,107000000000.0,20484000000,84263000000.0,216000000000.0,60024000000.0,3999000000,1456000000,45687000000,13548000000,-45977000000,-20890000000.0,-1
01-03-2017,34.47249985,35.03749847,34.40000153,34.94749832,32.5790329,145658400,19280.084,243.618,4.7,0.65,322000000000.0,107000000000.0,20484000000,84263000000.0,216000000000.0,60024000000.0,3999000000,1456000000,45687000000,13548000000,-45977000000,-20890000000.0,1
02-03-2017,35.0,35.06999969,34.68999863,34.74000168,32.38559341,104844000,19280.084,243.618,4.7,0.65,322000000000.0,107000000000.0,20484000000,84263000000.0,216000000000.0,60024000000.0,3999000000,1456000000,45687000000,13548000000,-45977000000,-20890000000.0,-1
03-03-2017,34.69499969,34.95750046,34.64749908,34.94499969,32.57670593,84432400,19280.084,243.618,4.7,0.65,322000000000.0,107000000000.0,20484000000,84263000000.0,216000000000.0,60024000000.0,3999000000,1456000000,45687000000,13548000000,-45977000000,-20890000000.0,1
06-03-2017,34.84249878,34.94250107,34.65000153,34.83499908,32.47415543,87000000,19280.084,243.618,4.7,0.65,322000000000.0,107000000000.0,20484000000,84263000000.0,216000000000.0,60024000000.0,3999000000,1456000000,45687000000,13548000000,-45977000000,-20890000000.0,-1
07-03-2017,34.76499939,34.99499893,34.69749832,34.88000107,32.51610184,69785200,19280.084,243.618,4.7,0.65,322000000000.0,107000000000.0,20484000000,84263000000.0,216000000000.0,60024000000.0,3999000000,1456000000,45687000000,13548000000,-45977000000,-20890000000.0,1
08-03-2017,34.73749924,34.95000076,34.70500183,34.75,32.39491653,74828800,19280.084,243.618,4.7,0.65,322000000000.0,107000000000.0,20484000000,84263000000.0,216000000000.0,60024000000.0,3999000000,1456000000,45687000000,13548000000,-45977000000,-20890000000.0,1
09-03-2017,34.68500137,34.69749832,34.26250076,34.66999817,32.3203392,88623600,19280.084,243.618,4.7,0.65,322000000000.0,107000000000.0,20484000000,84263000000.0,216000000000.0,60024000000.0,3999000000,1456000000,45687000000,13548000000,-45977000000,-20890000000.0,-1
10-03-2017,34.8125,34.84000015,34.65999985,34.78499985,32.42754745,78451200,19280.084,243.618,4.7,0.65,322000000000.0,107000000000.0,20484000000,84263000000.0,216000000000.0,60024000000.0,3999000000,1456000000,45687000000,13548000000,-45977000000,-20890000000.0,-1
13-03-2017,34.71250153,34.85749817,34.70500183,34.79999924,32.44152832,69686800,19280.084,243.618,4.7,0.65,322000000000.0,107000000000.0,20484000000,84263000000.0,216000000000.0,60024000000.0,3999000000,1456000000,45687000000,13548000000,-45977000000,-20890000000.0,1
14-03-2017,34.82500076,34.91249847,34.70999908,34.74750137,32.39258957,61236400,19280.084,243.618,4.7,0.65,322000000000.0,107000000000.0,20484000000,84263000000.0,216000000000.0,60024000000.0,3999000000,1456000000,45687000000,13548000000,-45977000000,-20890000000.0,-1
15-03-2017,34.85250092,35.1875,34.75749969,35.11500168,32.73517609,102767200,19280.084,243.618,4.7,0.65,322000000000.0,107000000000.0,20484000000,84263000000.0,216000000000.0,60024000000.0,3999000000,1456000000,45687000000,13548000000,-45977000000,-20890000000.0,1
16-03-2017,35.18000031,35.25500107,35.06499863,35.17250061,32.78878403,76928000,19280.084,243.618,4.7,0.65,322000000000.0,107000000000.0,20484000000,84263000000.0,216000000000.0,60024000000.0,3999000000,1456000000,45687000000,13548000000,-45977000000,-20890000000.0,-1
17-03-2017,35.25,35.25,34.97249985,34.99750137,32.62564087,175540000,19280.084,243.618,4.7,0.65,322000000000.0,107000000000.0,20484000000,84263000000.0,216000000000.0,60024000000.0,3999000000,1456000000,45687000000,13548000000,-45977000000,-20890000000.0,-1
20-03-2017,35.09999847,35.375,35.05749893,35.36500168,32.9682312,86168000,19280.084,243.618,4.7,0.65,322000000000.0,107000000000.0,20484000000,84263000000.0,216000000000.0,60024000000.0,3999000000,1456000000,45687000000,13548000000,-45977000000,-20890000000.0,1
21-03-2017,35.52750015,35.70000076,34.93249893,34.95999908,32.59069061,158119600,19280.084,243.618,4.7,0.65,322000000000.0,107000000000.0,20484000000,84263000000.0,216000000000.0,60024000000.0,3999000000,1456000000,45687000000,13548000000,-45977000000,-20890000000.0,-1
22-03-2017,34.96250153,35.40000153,34.93999863,35.35499954,32.95890808,103440800,19280.084,243.618,4.7,0.65,322000000000.0,107000000000.0,20484000000,84263000000.0,216000000000.0,60024000000.0,3999000000,1456000000,45687000000,13548000000,-45977000000,-20890000000.0,1
23-03-2017,35.31499863,35.39500046,35.15250015,35.22999954,32.84237289,81385200,19280.084,243.618,4.7,0.65,322000000000.0,107000000000.0,20484000000,84263000000.0,216000000000.0,60024000000.0,3999000000,1456000000,45687000000,13548000000,-45977000000,-20890000000.0,-1
24-03-2017,35.375,35.43500137,35.08750153,35.15999985,32.77714157,89582400,19280.084,243.618,4.7,0.65,322000000000.0,107000000000.0,20484000000,84263000000.0,216000000000.0,60024000000.0,3999000000,1456000000,45687000000,13548000000,-45977000000,-20890000000.0,-1
27-03-2017,34.84749985,35.30500031,34.65499878,35.22000122,32.83306122,94300400,19280.084,243.618,4.7,0.65,322000000000.0,107000000000.0,20484000000,84263000000.0,216000000000.0,60024000000.0,3999000000,1456000000,45687000000,13548000000,-45977000000,-20890000000.0,1
28-03-2017,35.22750092,36.00999832,35.15499878,35.95000076,33.51359177,133499200,19280.084,243.618,4.7,0.65,322000000000.0,107000000000.0,20484000000,84263000000.0,216000000000.0,60024000000.0,3999000000,1456000000,45687000000,13548000000,-45977000000,-20890000000.0,1
29-03-2017,35.91999817,36.12250137,35.79750061,36.02999878,33.5881691,116760000,19280.084,243.618,4.7,0.65,322000000000.0,107000000000.0,20484000000,84263000000.0,216000000000.0,60024000000.0,3999000000,1456000000,45687000000,13548000000,-45977000000,-20890000000.0,1
30-03-2017,36.04750061,36.125,35.875,35.98249817,33.54389191,84829200,19280.084,243.618,4.7,0.65,322000000000.0,107000000000.0,20484000000,84263000000.0,216000000000.0,60024000000.0,3999000000,1456000000,45687000000,13548000000,-45977000000,-20890000000.0,-1
31-03-2017,35.93000031,36.06750107,35.75249863,35.91500092,33.48096085,78646800,19280.084,243.618,4.7,0.65,322000000000.0,107000000000.0,20484000000,84263000000.0,216000000000.0,60024000000.0,3999000000,1456000000,45687000000,13548000000,-45977000000,-20890000000.0,-1
03-04-2017,35.92750168,36.02999878,35.76250076,35.92499924,33.49028397,79942800,19438.643,244.193,4.4,0.9,322000000000.0,107000000000.0,20484000000,84263000000.0,216000000000.0,60024000000.0,3999000000,1456000000,45687000000,13548000000,-45977000000,-20890000000.0,-1
04-04-2017,35.8125,36.22249985,35.79249954,36.19250107,33.73965836,79565600,19438.643,244.193,4.4,0.9,322000000000.0,107000000000.0,20484000000,84263000000.0,216000000000.0,60024000000.0,3999000000,1456000000,45687000000,13548000000,-45977000000,-20890000000.0,1
05-04-2017,36.05500031,36.36500168,35.95249939,36.00500107,33.56486511,110871600,19438.643,244.193,4.4,0.9,322000000000.0,107000000000.0,20484000000,84263000000.0,216000000000.0,60024000000.0,3999000000,1456000000,45687000000,13548000000,-45977000000,-20890000000.0,-1
06-04-2017,36.07249832,36.13000107,35.86249924,35.91500092,33.48096085,84596000,19438.643,244.193,4.4,0.9,322000000000.0,107000000000.0,20484000000,84263000000.0,216000000000.0,60024000000.0,3999000000,1456000000,45687000000,13548000000,-45977000000,-20890000000.0,-1
07-04-2017,35.93249893,36.04499817,35.81750107,35.83499908,33.40637207,66688800,19438.643,244.193,4.4,0.9,322000000000.0,107000000000.0,20484000000,84263000000.0,216000000000.0,60024000000.0,3999000000,1456000000,45687000000,13548000000,-45977000000,-20890000000.0,-1
10-04-2017,35.90000153,35.97000122,35.72499847,35.79249954,33.36675644,75733600,19438.643,244.193,4.4,0.9,322000000000.0,107000000000.0,20484000000,84263000000.0,216000000000.0,60024000000.0,3999000000,1456000000,45687000000,13548000000,-45977000000,-20890000000.0,-1
11-04-2017,35.73500061,35.83750153,35.01499939,35.40750122,33.00785446,121517600,19438.643,244.193,4.4,0.9,322000000000.0,107000000000.0,20484000000,84263000000.0,216000000000.0,60024000000.0,3999000000,1456000000,45687000000,13548000000,-45977000000,-20890000000.0,-1
12-04-2017,35.40000153,35.53749847,35.25249863,35.45000076,33.04746628,81400000,19438.643,244.193,4.4,0.9,322000000000.0,107000000000.0,20484000000,84263000000.0,216000000000.0,60024000000.0,3999000000,1456000000,45687000000,13548000000,-45977000000,-20890000000.0,1
13-04-2017,35.47750092,35.59500122,35.26250076,35.26250076,32.87267685,71291600,19438.643,244.193,4.4,0.9,322000000000.0,107000000000.0,20484000000,84263000000.0,216000000000.0,60024000000.0,3999000000,1456000000,45687000000,13548000000,-45977000000,-20890000000.0,-1
17-04-2017,35.36999893,35.47000122,35.21749878,35.45750046,33.05446625,66328400,19438.643,244.193,4.4,0.9,322000000000.0,107000000000.0,20484000000,84263000000.0,216000000000.0,60024000000.0,3999000000,1456000000,45687000000,13548000000,-45977000000,-20890000000.0,1
18-04-2017,35.35250092,35.50999832,35.27750015,35.29999924,32.90763474,58790000,19438.643,244.193,4.4,0.9,322000000000.0,107000000000.0,20484000000,84263000000.0,216000000000.0,60024000000.0,3999000000,1456000000,45687000000,13548000000,-45977000000,-20890000000.0,-1
19-04-2017,35.47000122,35.5,35.11249924,35.16999817,32.78645325,69313600,19438.643,244.193,4.4,0.9,322000000000.0,107000000000.0,20484000000,84263000000.0,216000000000.0,60024000000.0,3999000000,1456000000,45687000000,13548000000,-45977000000,-20890000000.0,-1
20-04-2017,35.30500031,35.72999954,35.29000092,35.61000061,33.19664001,93278400,19438.643,244.193,4.4,0.9,322000000000.0,107000000000.0,20484000000,84263000000.0,216000000000.0,60024000000.0,3999000000,1456000000,45687000000,13548000000,-45977000000,-20890000000.0,1
21-04-2017,35.61000061,35.66999817,35.46250153,35.56750107,33.15702438,69283600,19438.643,244.193,4.4,0.9,322000000000.0,107000000000.0,20484000000,84263000000.0,216000000000.0,60024000000.0,3999000000,1456000000,45687000000,13548000000,-45977000000,-20890000000.0,-1
24-04-2017,35.875,35.98749924,35.79499817,35.90999985,33.4763031,68537200,19438.643,244.193,4.4,0.9,322000000000.0,107000000000.0,20484000000,84263000000.0,216000000000.0,60024000000.0,3999000000,1456000000,45687000000,13548000000,-45977000000,-20890000000.0,1
25-04-2017,35.97750092,36.22499847,35.96749878,36.13249969,33.68371964,75486000,19438.643,244.193,4.4,0.9,322000000000.0,107000000000.0,20484000000,84263000000.0,216000000000.0,60024000000.0,3999000000,1456000000,45687000000,13548000000,-45977000000,-20890000000.0,1
26-04-2017,36.11750031,36.15000153,35.84500122,35.91999817,33.48561859,80164800,19438.643,244.193,4.4,0.9,322000000000.0,107000000000.0,20484000000,84263000000.0,216000000000.0,60024000000.0,3999000000,1456000000,45687000000,13548000000,-45977000000,-20890000000.0,-1
27-04-2017,35.97999954,36.04000092,35.82749939,35.94749832,33.51125336,56985200,19438.643,244.193,4.4,0.9,322000000000.0,107000000000.0,20484000000,84263000000.0,216000000000.0,60024000000.0,3999000000,1456000000,45687000000,13548000000,-45977000000,-20890000000.0,-1
28-04-2017,36.02249908,36.07500076,35.81750107,35.91249847,33.47863007,83441600,19438.643,244.193,4.4,0.9,322000000000.0,107000000000.0,20484000000,84263000000.0,216000000000.0,60024000000.0,3999000000,1456000000,45687000000,13548000000,-45977000000,-20890000000.0,-1
01-05-2017,36.27500153,36.79999924,36.24000168,36.64500046,34.16149521,134411600,19438.643,244.193,4.4,0.9,322000000000.0,107000000000.0,20484000000,84263000000.0,216000000000.0,60024000000.0,3999000000,1456000000,45687000000,13548000000,-45977000000,-20890000000.0,1
02-05-2017,36.88499832,37.02249908,36.70999908,36.87749863,34.37823105,181408800,19438.643,244.193,4.4,0.9,322000000000.0,107000000000.0,20484000000,84263000000.0,216000000000.0,60024000000.0,3999000000,1456000000,45687000000,13548000000,-45977000000,-20890000000.0,-1
03-05-2017,36.39749908,36.87250137,36.06750107,36.76499939,34.27334976,182788000,19438.643,244.193,4.4,0.9,322000000000.0,107000000000.0,20484000000,84263000000.0,216000000000.0,60024000000.0,3999000000,1456000000,45687000000,13548000000,-45977000000,-20890000000.0,1
04-05-2017,36.63000107,36.78499985,36.45249939,36.63249969,34.14984894,93487600,19438.643,244.193,4.4,0.9,322000000000.0,107000000000.0,20484000000,84263000000.0,216000000000.0,60024000000.0,3999000000,1456000000,45687000000,13548000000,-45977000000,-20890000000.0,1
05-05-2017,36.68999863,37.24499893,36.68999863,37.24000168,34.71615982,109310800,19438.643,244.193,4.4,0.9,322000000000.0,107000000000.0,20484000000,84263000000.0,216000000000.0,60024000000.0,3999000000,1456000000,45687000000,13548000000,-45977000000,-20890000000.0,1
08-05-2017,37.25749969,38.42499924,37.25749969,38.25249863,35.66003036,195009600,19438.643,244.193,4.4,0.9,322000000000.0,107000000000.0,20484000000,84263000000.0,216000000000.0,60024000000.0,3999000000,1456000000,45687000000,13548000000,-45977000000,-20890000000.0,1
09-05-2017,38.46749878,38.72000122,38.36249924,38.49750137,35.88844681,156521600,19438.643,244.193,4.4,0.9,322000000000.0,107000000000.0,20484000000,84263000000.0,216000000000.0,60024000000.0,3999000000,1456000000,45687000000,13548000000,-45977000000,-20890000000.0,1
10-05-2017,38.40750122,38.48500061,38.02750015,38.31499863,35.71830368,103222800,19438.643,244.193,4.4,0.9,322000000000.0,107000000000.0,20484000000,84263000000.0,216000000000.0,60024000000.0,3999000000,1456000000,45687000000,13548000000,-45977000000,-20890000000.0,-1
11-05-2017,38.11249924,38.51750183,38.07749939,38.48749924,36.02721024,109020400,19438.643,244.193,4.4,0.9,322000000000.0,107000000000.0,20484000000,84263000000.0,216000000000.0,60024000000.0,3999000000,1456000000,45687000000,13548000000,-45977000000,-20890000000.0,1
12-05-2017,38.67499924,39.10499954,38.66749954,39.02500153,36.53036118,130108000,19438.643,244.193,4.4,0.9,322000000000.0,107000000000.0,20484000000,84263000000.0,216000000000.0,60024000000.0,3999000000,1456000000,45687000000,13548000000,-45977000000,-20890000000.0,1
15-05-2017,39.00249863,39.16249847,38.76250076,38.92499924,36.43673706,104038800,19438.643,244.193,4.4,0.9,322000000000.0,107000000000.0,20484000000,84263000000.0,216000000000.0,60024000000.0,3999000000,1456000000,45687000000,13548000000,-45977000000,-20890000000.0,-1
16-05-2017,38.98500061,39.01499939,38.68000031,38.86750031,36.38291931,80194000,19438.643,244.193,4.4,0.9,322000000000.0,107000000000.0,20484000000,84263000000.0,216000000000.0,60024000000.0,3999000000,1456000000,45687000000,13548000000,-45977000000,-20890000000.0,-1
17-05-2017,38.40000153,38.64250183,37.42750168,37.5625,35.16134262,203070800,19438.643,244.193,4.4,0.9,322000000000.0,107000000000.0,20484000000,84263000000.0,216000000000.0,60024000000.0,3999000000,1456000000,45687000000,13548000000,-45977000000,-20890000000.0,-1
18-05-2017,37.81750107,38.33499908,37.78250122,38.13499832,35.69725037,134272800,19438.643,244.193,4.4,0.9,322000000000.0,107000000000.0,20484000000,84263000000.0,216000000000.0,60024000000.0,3999000000,1456000000,45687000000,13548000000,-45977000000,-20890000000.0,1
19-05-2017,38.34500122,38.49499893,38.15750122,38.26499939,35.81893539,107843200,19438.643,244.193,4.4,0.9,322000000000.0,107000000000.0,20484000000,84263000000.0,216000000000.0,60024000000.0,3999000000,1456000000,45687000000,13548000000,-45977000000,-20890000000.0,-1
22-05-2017,38.5,38.64500046,38.22750092,38.49750137,36.03658295,91865600,19438.643,244.193,4.4,0.9,322000000000.0,107000000000.0,20484000000,84263000000.0,216000000000.0,60024000000.0,3999000000,1456000000,45687000000,13548000000,-45977000000,-20890000000.0,-1
23-05-2017,38.72499847,38.72499847,38.32749939,38.45000076,35.99210358,79675600,19438.643,244.193,4.4,0.9,322000000000.0,107000000000.0,20484000000,84263000000.0,216000000000.0,60024000000.0,3999000000,1456000000,45687000000,13548000000,-45977000000,-20890000000.0,-1
24-05-2017,38.45999908,38.54249954,38.16749954,38.33499908,35.88446426,76712000,19438.643,244.193,4.4,0.9,322000000000.0,107000000000.0,20484000000,84263000000.0,216000000000.0,60024000000.0,3999000000,1456000000,45687000000,13548000000,-45977000000,-20890000000.0,-1
25-05-2017,38.43249893,38.58750153,38.25749969,38.46749878,36.0084877,76942400,19438.643,244.193,4.4,0.9,322000000000.0,107000000000.0,20484000000,84263000000.0,216000000000.0,60024000000.0,3999000000,1456000000,45687000000,13548000000,-45977000000,-20890000000.0,1
26-05-2017,38.5,38.56000137,38.32749939,38.40250015,35.94763947,87710400,19438.643,244.193,4.4,0.9,322000000000.0,107000000000.0,20484000000,84263000000.0,216000000000.0,60024000000.0,3999000000,1456000000,45687000000,13548000000,-45977000000,-20890000000.0,-1
30-05-2017,38.35499954,38.60749817,38.33250046,38.41749954,35.96168518,80507600,19438.643,244.193,4.4,0.9,322000000000.0,107000000000.0,20484000000,84263000000.0,216000000000.0,60024000000.0,3999000000,1456000000,45687000000,13548000000,-45977000000,-20890000000.0,1
31-05-2017,38.49250031,38.54249954,38.09500122,38.18999863,35.74873352,97804800,19438.643,244.193,4.4,0.9,322000000000.0,107000000000.0,20484000000,84263000000.0,216000000000.0,60024000000.0,3999000000,1456000000,45687000000,13548000000,-45977000000,-20890000000.0,-1
01-06-2017,38.29249954,38.33250046,38.05500031,38.29499817,35.8470192,65616400,19438.643,244.193,4.4,0.9,322000000000.0,107000000000.0,20484000000,84263000000.0,216000000000.0,60024000000.0,3999000000,1456000000,45687000000,13548000000,-45977000000,-20890000000.0,1
02-06-2017,38.39500046,38.86249924,38.22249985,38.86249924,36.37823868,111082800,19438.643,244.193,4.4,0.9,322000000000.0,107000000000.0,20484000000,84263000000.0,216000000000.0,60024000000.0,3999000000,1456000000,45687000000,13548000000,-45977000000,-20890000000.0,1
05-06-2017,38.58499908,38.61249924,38.36500168,38.48249817,36.02253342,101326800,19438.643,244.193,4.4,0.9,322000000000.0,107000000000.0,20484000000,84263000000.0,216000000000.0,60024000000.0,3999000000,1456000000,45687000000,13548000000,-45977000000,-20890000000.0,-1
06-06-2017,38.47499847,38.95249939,38.44499969,38.61249924,36.14421844,106499600,19438.643,244.193,4.4,0.9,322000000000.0,107000000000.0,20484000000,84263000000.0,216000000000.0,60024000000.0,3999000000,1456000000,45687000000,13548000000,-45977000000,-20890000000.0,1
07-06-2017,38.75500107,38.99499893,38.61999893,38.84249878,36.35951996,84278400,19438.643,244.193,4.4,0.9,322000000000.0,107000000000.0,20484000000,84263000000.0,216000000000.0,60024000000.0,3999000000,1456000000,45687000000,13548000000,-45977000000,-20890000000.0,1
08-06-2017,38.8125,38.88499832,38.59999847,38.74750137,36.27059937,85003200,19438.643,244.193,4.4,0.9,322000000000.0,107000000000.0,20484000000,84263000000.0,216000000000.0,60024000000.0,3999000000,1456000000,45687000000,13548000000,-45977000000,-20890000000.0,-1
09-06-2017,38.79750061,38.79750061,36.50500107,37.24499893,34.86412811,259530800,19438.643,244.193,4.4,0.9,322000000000.0,107000000000.0,20484000000,84263000000.0,216000000000.0,60024000000.0,3999000000,1456000000,45687000000,13548000000,-45977000000,-20890000000.0,-1
12-06-2017,36.43500137,36.52249908,35.62749863,36.35499954,34.03102493,289229200,19438.643,244.193,4.4,0.9,322000000000.0,107000000000.0,20484000000,84263000000.0,216000000000.0,60024000000.0,3999000000,1456000000,45687000000,13548000000,-45977000000,-20890000000.0,-1
13-06-2017,36.79000092,36.86249924,36.28749847,36.64749908,34.30483246,136661600,19438.643,244.193,4.4,0.9,322000000000.0,107000000000.0,20484000000,84263000000.0,216000000000.0,60024000000.0,3999000000,1456000000,45687000000,13548000000,-45977000000,-20890000000.0,-1
14-06-2017,36.875,36.875,35.95999908,36.29000092,33.97018433,126124800,19438.643,244.193,4.4,0.9,322000000000.0,107000000000.0,20484000000,84263000000.0,216000000000.0,60024000000.0,3999000000,1456000000,45687000000,13548000000,-45977000000,-20890000000.0,-1
15-06-2017,35.83000183,36.11999893,35.55250168,36.07249832,33.76659012,128661600,19438.643,244.193,4.4,0.9,322000000000.0,107000000000.0,20484000000,84263000000.0,216000000000.0,60024000000.0,3999000000,1456000000,45687000000,13548000000,-45977000000,-20890000000.0,1
16-06-2017,35.94499969,36.125,35.54999924,35.56750107,33.29387283,201444400,19438.643,244.193,4.4,0.9,322000000000.0,107000000000.0,20484000000,84263000000.0,216000000000.0,60024000000.0,3999000000,1456000000,45687000000,13548000000,-45977000000,-20890000000.0,-1
19-06-2017,35.91500092,36.68500137,35.91500092,36.58499908,34.24633026,130165600,19438.643,244.193,4.4,0.9,322000000000.0,107000000000.0,20484000000,84263000000.0,216000000000.0,60024000000.0,3999000000,1456000000,45687000000,13548000000,-45977000000,-20890000000.0,1
20-06-2017,36.71749878,36.71749878,36.23500061,36.25249863,33.9350853,99600400,19438.643,244.193,4.4,0.9,322000000000.0,107000000000.0,20484000000,84263000000.0,216000000000.0,60024000000.0,3999000000,1456000000,45687000000,13548000000,-45977000000,-20890000000.0,-1
21-06-2017,36.38000107,36.51750183,36.15250015,36.46749878,34.13634109,85063200,19438.643,244.193,4.4,0.9,322000000000.0,107000000000.0,20484000000,84263000000.0,216000000000.0,60024000000.0,3999000000,1456000000,45687000000,13548000000,-45977000000,-20890000000.0,1
22-06-2017,36.44250107,36.67499924,36.27999878,36.40750122,34.08018112,76425200,19438.643,244.193,4.4,0.9,322000000000.0,107000000000.0,20484000000,84263000000.0,216000000000.0,60024000000.0,3999000000,1456000000,45687000000,13548000000,-45977000000,-20890000000.0,-1
23-06-2017,36.28250122,36.79000092,36.27750015,36.56999969,34.23228455,141757600,19438.643,244.193,4.4,0.9,322000000000.0,107000000000.0,20484000000,84263000000.0,216000000000.0,60024000000.0,3999000000,1456000000,45687000000,13548000000,-45977000000,-20890000000.0,1
26-06-2017,36.79249954,37.06999969,36.34500122,36.45500183,34.12462997,102769600,19438.643,244.193,4.4,0.9,322000000000.0,107000000000.0,20484000000,84263000000.0,216000000000.0,60024000000.0,3999000000,1456000000,45687000000,13548000000,-45977000000,-20890000000.0,-1
27-06-2017,36.25249863,36.54000092,35.90499878,35.93249893,33.63553238,99047600,19438.643,244.193,4.4,0.9,322000000000.0,107000000000.0,20484000000,84263000000.0,216000000000.0,60024000000.0,3999000000,1456000000,45687000000,13548000000,-45977000000,-20890000000.0,-1
28-06-2017,36.12250137,36.52750015,35.79000092,36.45750046,34.12697983,88329600,19438.643,244.193,4.4,0.9,322000000000.0,107000000000.0,20484000000,84263000000.0,216000000000.0,60024000000.0,3999000000,1456000000,45687000000,13548000000,-45977000000,-20890000000.0,1
29-06-2017,36.17750168,36.28250122,35.56999969,35.91999817,33.6238327,125997600,19438.643,244.193,4.4,0.9,322000000000.0,107000000000.0,20484000000,84263000000.0,216000000000.0,60024000000.0,3999000000,1456000000,45687000000,13548000000,-45977000000,-20890000000.0,-1
30-06-2017,36.11249924,36.24000168,35.94499969,36.00500107,33.70339966,92096400,19438.643,244.193,4.4,0.9,322000000000.0,107000000000.0,20484000000,84263000000.0,216000000000.0,60024000000.0,3999000000,1456000000,45687000000,13548000000,-45977000000,-20890000000.0,-1
03-07-2017,36.22000122,36.32500076,35.77500153,35.875,33.58171463,57111200,19692.595,244.243,4.3,1.15,322000000000.0,107000000000.0,20484000000,84263000000.0,216000000000.0,60024000000.0,3999000000,1456000000,45687000000,13548000000,-45977000000,-20890000000.0,-1
05-07-2017,35.92250061,36.19749832,35.68000031,36.02249908,33.71977615,86278400,19692.595,244.243,4.3,1.15,322000000000.0,107000000000.0,20484000000,84263000000.0,216000000000.0,60024000000.0,3999000000,1456000000,45687000000,13548000000,-45977000000,-20890000000.0,1
06-07-2017,35.75500107,35.875,35.60250092,35.68249893,33.40151215,96515200,19692.595,244.243,4.3,1.15,322000000000.0,107000000000.0,20484000000,84263000000.0,216000000000.0,60024000000.0,3999000000,1456000000,45687000000,13548000000,-45977000000,-20890000000.0,-1
07-07-2017,35.72499847,36.1875,35.72499847,36.04499817,33.74085236,76806800,19692.595,244.243,4.3,1.15,322000000000.0,107000000000.0,20484000000,84263000000.0,216000000000.0,60024000000.0,3999000000,1456000000,45687000000,13548000000,-45977000000,-20890000000.0,1
10-07-2017,36.02750015,36.48749924,35.84249878,36.26499939,33.94678497,84362400,19692.595,244.243,4.3,1.15,322000000000.0,107000000000.0,20484000000,84263000000.0,216000000000.0,60024000000.0,3999000000,1456000000,45687000000,13548000000,-45977000000,-20890000000.0,1
11-07-2017,36.18249893,36.46250153,36.09500122,36.38249969,34.05677414,79127200,19692.595,244.243,4.3,1.15,322000000000.0,107000000000.0,20484000000,84263000000.0,216000000000.0,60024000000.0,3999000000,1456000000,45687000000,13548000000,-45977000000,-20890000000.0,1
12-07-2017,36.46749878,36.54499817,36.20500183,36.43500137,34.10592651,99538000,19692.595,244.243,4.3,1.15,322000000000.0,107000000000.0,20484000000,84263000000.0,216000000000.0,60024000000.0,3999000000,1456000000,45687000000,13548000000,-45977000000,-20890000000.0,-1
13-07-2017,36.375,37.12250137,36.36000061,36.94250107,34.58097839,100797600,19692.595,244.243,4.3,1.15,322000000000.0,107000000000.0,20484000000,84263000000.0,216000000000.0,60024000000.0,3999000000,1456000000,45687000000,13548000000,-45977000000,-20890000000.0,1
14-07-2017,36.99250031,37.33250046,36.83250046,37.25999832,34.87818146,80528400,19692.595,244.243,4.3,1.15,322000000000.0,107000000000.0,20484000000,84263000000.0,216000000000.0,60024000000.0,3999000000,1456000000,45687000000,13548000000,-45977000000,-20890000000.0,1
17-07-2017,37.20500183,37.72499847,37.14250183,37.38999939,34.99987793,95174000,19692.595,244.243,4.3,1.15,322000000000.0,107000000000.0,20484000000,84263000000.0,216000000000.0,60024000000.0,3999000000,1456000000,45687000000,13548000000,-45977000000,-20890000000.0,1
18-07-2017,37.29999924,37.53250122,37.16749954,37.52000046,35.12156296,71475200,19692.595,244.243,4.3,1.15,322000000000.0,107000000000.0,20484000000,84263000000.0,216000000000.0,60024000000.0,3999000000,1456000000,45687000000,13548000000,-45977000000,-20890000000.0,1
19-07-2017,37.61999893,37.85499954,37.48749924,37.75500107,35.34154129,83692000,19692.595,244.243,4.3,1.15,322000000000.0,107000000000.0,20484000000,84263000000.0,216000000000.0,60024000000.0,3999000000,1456000000,45687000000,13548000000,-45977000000,-20890000000.0,1
20-07-2017,37.875,37.93500137,37.54750061,37.58499908,35.18239594,68974800,19692.595,244.243,4.3,1.15,322000000000.0,107000000000.0,20484000000,84263000000.0,216000000000.0,60024000000.0,3999000000,1456000000,45687000000,13548000000,-45977000000,-20890000000.0,-1
21-07-2017,37.49750137,37.61000061,37.22000122,37.56750107,35.16601944,105010400,19692.595,244.243,4.3,1.15,322000000000.0,107000000000.0,20484000000,84263000000.0,216000000000.0,60024000000.0,3999000000,1456000000,45687000000,13548000000,-45977000000,-20890000000.0,1
24-07-2017,37.64500046,38.11000061,37.47499847,38.02249908,35.59194183,85972800,19692.595,244.243,4.3,1.15,322000000000.0,107000000000.0,20484000000,84263000000.0,216000000000.0,60024000000.0,3999000000,1456000000,45687000000,13548000000,-45977000000,-20890000000.0,1
25-07-2017,37.95000076,38.45999908,37.95000076,38.18500137,35.74404526,75415600,19692.595,244.243,4.3,1.15,322000000000.0,107000000000.0,20484000000,84263000000.0,216000000000.0,60024000000.0,3999000000,1456000000,45687000000,13548000000,-45977000000,-20890000000.0,1
26-07-2017,38.33750153,38.48249817,38.26499939,38.36500168,35.91254425,63124000,19692.595,244.243,4.3,1.15,322000000000.0,107000000000.0,20484000000,84263000000.0,216000000000.0,60024000000.0,3999000000,1456000000,45687000000,13548000000,-45977000000,-20890000000.0,1
27-07-2017,38.4375,38.49750137,36.82500076,37.63999939,35.23389053,129905200,19692.595,244.243,4.3,1.15,322000000000.0,107000000000.0,20484000000,84263000000.0,216000000000.0,60024000000.0,3999000000,1456000000,45687000000,13548000000,-45977000000,-20890000000.0,-1
28-07-2017,37.47249985,37.55749893,37.29750061,37.375,34.9858284,68854800,19692.595,244.243,4.3,1.15,322000000000.0,107000000000.0,20484000000,84263000000.0,216000000000.0,60024000000.0,3999000000,1456000000,45687000000,13548000000,-45977000000,-20890000000.0,-1
31-07-2017,37.47499847,37.58250046,37.03250122,37.18249893,34.80563354,79383600,19692.595,244.243,4.3,1.15,322000000000.0,107000000000.0,20484000000,84263000000.0,216000000000.0,60024000000.0,3999000000,1456000000,45687000000,13548000000,-45977000000,-20890000000.0,-1
01-08-2017,37.27500153,37.55500031,37.10250092,37.51250076,35.11453247,141474400,19692.595,244.243,4.3,1.15,322000000000.0,107000000000.0,20484000000,84263000000.0,216000000000.0,60024000000.0,3999000000,1456000000,45687000000,13548000000,-45977000000,-20890000000.0,1
02-08-2017,39.81999969,39.9375,39.04000092,39.28499985,36.77372742,279747200,19692.595,244.243,4.3,1.15,322000000000.0,107000000000.0,20484000000,84263000000.0,216000000000.0,60024000000.0,3999000000,1456000000,45687000000,13548000000,-45977000000,-20890000000.0,-1
03-08-2017,39.26250076,39.30250168,38.75500107,38.89250183,36.40631485,108389200,19692.595,244.243,4.3,1.15,322000000000.0,107000000000.0,20484000000,84263000000.0,216000000000.0,60024000000.0,3999000000,1456000000,45687000000,13548000000,-45977000000,-20890000000.0,-1
04-08-2017,39.01750183,39.34999847,38.92250061,39.09749985,36.59822083,82239600,19692.595,244.243,4.3,1.15,322000000000.0,107000000000.0,20484000000,84263000000.0,216000000000.0,60024000000.0,3999000000,1456000000,45687000000,13548000000,-45977000000,-20890000000.0,1
07-08-2017,39.26499939,39.72999954,39.16749954,39.70249939,37.16454697,87481200,19692.595,244.243,4.3,1.15,322000000000.0,107000000000.0,20484000000,84263000000.0,216000000000.0,60024000000.0,3999000000,1456000000,45687000000,13548000000,-45977000000,-20890000000.0,1
08-08-2017,39.65000153,40.45750046,39.56750107,40.02000046,37.46175003,144823600,19692.595,244.243,4.3,1.15,322000000000.0,107000000000.0,20484000000,84263000000.0,216000000000.0,60024000000.0,3999000000,1456000000,45687000000,13548000000,-45977000000,-20890000000.0,1
09-08-2017,39.81499863,40.31750107,39.77750015,40.26499939,37.69107819,104526000,19692.595,244.243,4.3,1.15,322000000000.0,107000000000.0,20484000000,84263000000.0,216000000000.0,60024000000.0,3999000000,1456000000,45687000000,13548000000,-45977000000,-20890000000.0,1
10-08-2017,39.97499847,40.0,38.65750122,38.83000183,36.49055481,163217200,19692.595,244.243,4.3,1.15,322000000000.0,107000000000.0,20484000000,84263000000.0,216000000000.0,60024000000.0,3999000000,1456000000,45687000000,13548000000,-45977000000,-20890000000.0,-1
11-08-2017,39.15000153,39.64250183,39.01750183,39.36999893,36.99801636,105028400,19692.595,244.243,4.3,1.15,322000000000.0,107000000000.0,20484000000,84263000000.0,216000000000.0,60024000000.0,3999000000,1456000000,45687000000,13548000000,-45977000000,-20890000000.0,1
14-08-2017,39.83000183,40.05250168,39.6875,39.96250153,37.55482101,88490800,19692.595,244.243,4.3,1.15,322000000000.0,107000000000.0,20484000000,84263000000.0,216000000000.0,60024000000.0,3999000000,1456000000,45687000000,13548000000,-45977000000,-20890000000.0,1
15-08-2017,40.16500092,40.54999924,40.03499985,40.40000153,37.9659729,117862000,19692.595,244.243,4.3,1.15,322000000000.0,107000000000.0,20484000000,84263000000.0,216000000000.0,60024000000.0,3999000000,1456000000,45687000000,13548000000,-45977000000,-20890000000.0,1
16-08-2017,40.48500061,40.62749863,40.03749847,40.23749924,37.81324768,110686400,19692.595,244.243,4.3,1.15,322000000000.0,107000000000.0,20484000000,84263000000.0,216000000000.0,60024000000.0,3999000000,1456000000,45687000000,13548000000,-45977000000,-20890000000.0,-1
17-08-2017,40.13000107,40.17750168,39.45999908,39.46500015,37.08729553,111762400,19692.595,244.243,4.3,1.15,322000000000.0,107000000000.0,20484000000,84263000000.0,216000000000.0,60024000000.0,3999000000,1456000000,45687000000,13548000000,-45977000000,-20890000000.0,-1
18-08-2017,39.46500015,39.875,39.18000031,39.375,37.00270462,109712400,19692.595,244.243,4.3,1.15,322000000000.0,107000000000.0,20484000000,84263000000.0,216000000000.0,60024000000.0,3999000000,1456000000,45687000000,13548000000,-45977000000,-20890000000.0,-1
21-08-2017,39.375,39.47249985,38.77750015,39.30250168,36.93459702,105474000,19692.595,244.243,4.3,1.15,322000000000.0,107000000000.0,20484000000,84263000000.0,216000000000.0,60024000000.0,3999000000,1456000000,45687000000,13548000000,-45977000000,-20890000000.0,-1
22-08-2017,39.55749893,40.0,39.50500107,39.94499969,37.53836823,86418400,19692.595,244.243,4.3,1.15,322000000000.0,107000000000.0,20484000000,84263000000.0,216000000000.0,60024000000.0,3999000000,1456000000,45687000000,13548000000,-45977000000,-20890000000.0,1
23-08-2017,39.76750183,40.11750031,39.72000122,39.99499893,37.58535767,77596400,19692.595,244.243,4.3,1.15,322000000000.0,107000000000.0,20484000000,84263000000.0,216000000000.0,60024000000.0,3999000000,1456000000,45687000000,13548000000,-45977000000,-20890000000.0,1
24-08-2017,40.10749817,40.18500137,39.63750076,39.81750107,37.41856003,79275600,19692.595,244.243,4.3,1.15,322000000000.0,107000000000.0,20484000000,84263000000.0,216000000000.0,60024000000.0,3999000000,1456000000,45687000000,13548000000,-45977000000,-20890000000.0,-1
25-08-2017,39.91249847,40.13999939,39.81750107,39.96500015,37.5571785,101920400,19692.595,244.243,4.3,1.15,322000000000.0,107000000000.0,20484000000,84263000000.0,216000000000.0,60024000000.0,3999000000,1456000000,45687000000,13548000000,-45977000000,-20890000000.0,1
28-08-2017,40.03499985,40.5,39.98249817,40.36750031,37.9354248,103864000,19692.595,244.243,4.3,1.15,322000000000.0,107000000000.0,20484000000,84263000000.0,216000000000.0,60024000000.0,3999000000,1456000000,45687000000,13548000000,-45977000000,-20890000000.0,1
29-08-2017,40.02500153,40.77999878,40.0,40.72750092,38.27373505,118067600,19692.595,244.243,4.3,1.15,322000000000.0,107000000000.0,20484000000,84263000000.0,216000000000.0,60024000000.0,3999000000,1456000000,45687000000,13548000000,-45977000000,-20890000000.0,1
30-08-2017,40.95000076,40.97249985,40.65250015,40.83750153,38.37710953,109078400,19692.595,244.243,4.3,1.15,322000000000.0,107000000000.0,20484000000,84263000000.0,216000000000.0,60024000000.0,3999000000,1456000000,45687000000,13548000000,-45977000000,-20890000000.0,-1
31-08-2017,40.90999985,41.13000107,40.86999893,41.0,38.52981186,107140400,19692.595,244.243,4.3,1.15,322000000000.0,107000000000.0,20484000000,84263000000.0,216000000000.0,60024000000.0,3999000000,1456000000,45687000000,13548000000,-45977000000,-20890000000.0,1
01-09-2017,41.20000076,41.23500061,40.90750122,41.01250076,38.54156876,66364400,19692.595,244.243,4.3,1.15,322000000000.0,107000000000.0,20484000000,84263000000.0,216000000000.0,60024000000.0,3999000000,1456000000,45687000000,13548000000,-45977000000,-20890000000.0,-1
05-09-2017,40.9375,41.0625,40.13999939,40.52000046,38.07874298,117874000,19692.595,244.243,4.3,1.15,322000000000.0,107000000000.0,20484000000,84263000000.0,216000000000.0,60024000000.0,3999000000,1456000000,45687000000,13548000000,-45977000000,-20890000000.0,-1
06-09-2017,40.67750168,40.74750137,40.13000107,40.47750092,38.03879929,86606800,19692.595,244.243,4.3,1.15,322000000000.0,107000000000.0,20484000000,84263000000.0,216000000000.0,60024000000.0,3999000000,1456000000,45687000000,13548000000,-45977000000,-20890000000.0,-1
07-09-2017,40.52249908,40.56000137,40.09000015,40.31499863,37.88607788,87714000,19692.595,244.243,4.3,1.15,322000000000.0,107000000000.0,20484000000,84263000000.0,216000000000.0,60024000000.0,3999000000,1456000000,45687000000,13548000000,-45977000000,-20890000000.0,-1
08-09-2017,40.21500015,40.28749847,39.63249969,39.65750122,37.26819992,114446000,19692.595,244.243,4.3,1.15,322000000000.0,107000000000.0,20484000000,84263000000.0,216000000000.0,60024000000.0,3999000000,1456000000,45687000000,13548000000,-45977000000,-20890000000.0,-1
11-09-2017,40.125,40.51250076,39.97249985,40.375,37.94247055,126323200,19692.595,244.243,4.3,1.15,322000000000.0,107000000000.0,20484000000,84263000000.0,216000000000.0,60024000000.0,3999000000,1456000000,45687000000,13548000000,-45977000000,-20890000000.0,1
12-09-2017,40.65250015,40.99000168,39.69250107,40.21500015,37.79211426,286856000,19692.595,244.243,4.3,1.15,322000000000.0,107000000000.0,20484000000,84263000000.0,216000000000.0,60024000000.0,3999000000,1456000000,45687000000,13548000000,-45977000000,-20890000000.0,-1
13-09-2017,39.96749878,39.99000168,39.47750092,39.91249847,37.50783157,179629600,19692.595,244.243,4.3,1.15,322000000000.0,107000000000.0,20484000000,84263000000.0,216000000000.0,60024000000.0,3999000000,1456000000,45687000000,13548000000,-45977000000,-20890000000.0,-1
14-09-2017,39.74750137,39.84999847,39.52249908,39.56999969,37.18597412,95042800,19692.595,244.243,4.3,1.15,322000000000.0,107000000000.0,20484000000,84263000000.0,216000000000.0,60024000000.0,3999000000,1456000000,45687000000,13548000000,-45977000000,-20890000000.0,-1
15-09-2017,39.61750031,40.24250031,39.5,39.97000122,37.56187057,196458400,19692.595,244.243,4.3,1.15,322000000000.0,107000000000.0,20484000000,84263000000.0,216000000000.0,60024000000.0,3999000000,1456000000,45687000000,13548000000,-45977000000,-20890000000.0,1
18-09-2017,40.02750015,40.125,39.5,39.66749954,37.27758789,113077600,19692.595,244.243,4.3,1.15,322000000000.0,107000000000.0,20484000000,84263000000.0,216000000000.0,60024000000.0,3999000000,1456000000,45687000000,13548000000,-45977000000,-20890000000.0,-1
19-09-2017,39.87749863,39.94250107,39.61000061,39.68249893,37.29169083,83242400,19692.595,244.243,4.3,1.15,322000000000.0,107000000000.0,20484000000,84263000000.0,216000000000.0,60024000000.0,3999000000,1456000000,45687000000,13548000000,-45977000000,-20890000000.0,-1
20-09-2017,39.47499847,39.56499863,38.45750046,39.01750183,36.66676331,211805600,19692.595,244.243,4.3,1.15,322000000000.0,107000000000.0,20484000000,84263000000.0,216000000000.0,60024000000.0,3999000000,1456000000,45687000000,13548000000,-45977000000,-20890000000.0,-1
21-09-2017,38.95000076,38.95000076,38.1875,38.34749985,36.03712463,150046800,19692.595,244.243,4.3,1.15,322000000000.0,107000000000.0,20484000000,84263000000.0,216000000000.0,60024000000.0,3999000000,1456000000,45687000000,13548000000,-45977000000,-20890000000.0,-1
22-09-2017,37.88499832,38.06750107,37.63999939,37.97249985,35.68471527,186581600,19692.595,244.243,4.3,1.15,322000000000.0,107000000000.0,20484000000,84263000000.0,216000000000.0,60024000000.0,3999000000,1456000000,45687000000,13548000000,-45977000000,-20890000000.0,1
25-09-2017,37.49750137,37.95750046,37.29000092,37.63750076,35.36990738,177549200,19692.595,244.243,4.3,1.15,322000000000.0,107000000000.0,20484000000,84263000000.0,216000000000.0,60024000000.0,3999000000,1456000000,45687000000,13548000000,-45977000000,-20890000000.0,1
26-09-2017,37.94499969,38.47999954,37.92250061,38.28499985,35.97839737,146640000,19692.595,244.243,4.3,1.15,322000000000.0,107000000000.0,20484000000,84263000000.0,216000000000.0,60024000000.0,3999000000,1456000000,45687000000,13548000000,-45977000000,-20890000000.0,1
27-09-2017,38.45000076,38.68000031,38.38499832,38.55749893,36.23447418,102016800,19692.595,244.243,4.3,1.15,322000000000.0,107000000000.0,20484000000,84263000000.0,216000000000.0,60024000000.0,3999000000,1456000000,45687000000,13548000000,-45977000000,-20890000000.0,1
28-09-2017,38.47249985,38.56999969,38.17499924,38.31999969,36.01128769,88022000,19692.595,244.243,4.3,1.15,322000000000.0,107000000000.0,20484000000,84263000000.0,216000000000.0,60024000000.0,3999000000,1456000000,45687000000,13548000000,-45977000000,-20890000000.0,-1
29-09-2017,38.30250168,38.53250122,38.0,38.52999878,36.20862579,105199200,19692.595,244.243,4.3,1.15,322000000000.0,107000000000.0,20484000000,84263000000.0,216000000000.0,60024000000.0,3999000000,1456000000,45687000000,13548000000,-45977000000,-20890000000.0,1
02-10-2017,38.56499863,38.61249924,38.18000031,38.45249939,36.13580704,74795200,20037.088,246.626,4.2,1.15,375000000000.0,129000000000.0,20289000000,88186000000.0,229000000000.0,61344000000.0,5201000000,2323000000,48351000000,12795000000,-46446000000,-17974000000.0,-1
03-10-2017,38.50249863,38.77249908,38.47750092,38.61999893,36.29320526,64921200,20037.088,246.626,4.2,1.15,375000000000.0,129000000000.0,20289000000,88186000000.0,229000000000.0,61344000000.0,5201000000,2323000000,48351000000,12795000000,-46446000000,-17974000000.0,1
04-10-2017,38.40750122,38.46500015,38.11500168,38.36999893,36.05826569,80655200,20037.088,246.626,4.2,1.15,375000000000.0,129000000000.0,20289000000,88186000000.0,229000000000.0,61344000000.0,5201000000,2323000000,48351000000,12795000000,-46446000000,-17974000000.0,-1
05-10-2017,38.54499817,38.86000061,38.51250076,38.84749985,36.50699234,85135200,20037.088,246.626,4.2,1.15,375000000000.0,129000000000.0,20289000000,88186000000.0,229000000000.0,61344000000.0,5201000000,2323000000,48351000000,12795000000,-46446000000,-17974000000.0,1
06-10-2017,38.74250031,38.87250137,38.63999939,38.82500076,36.4858551,69630400,20037.088,246.626,4.2,1.15,375000000000.0,129000000000.0,20289000000,88186000000.0,229000000000.0,61344000000.0,5201000000,2323000000,48351000000,12795000000,-46446000000,-17974000000.0,1
09-10-2017,38.95249939,39.18249893,38.87250137,38.95999908,36.61272812,65051600,20037.088,246.626,4.2,1.15,375000000000.0,129000000000.0,20289000000,88186000000.0,229000000000.0,61344000000.0,5201000000,2323000000,48351000000,12795000000,-46446000000,-17974000000.0,1
10-10-2017,39.01499939,39.5,38.77500153,38.97499847,36.6268158,62468000,20037.088,246.626,4.2,1.15,375000000000.0,129000000000.0,20289000000,88186000000.0,229000000000.0,61344000000.0,5201000000,2323000000,48351000000,12795000000,-46446000000,-17974000000.0,-1
11-10-2017,38.99250031,39.24499893,38.9375,39.13750076,36.77953339,67622400,20037.088,246.626,4.2,1.15,375000000000.0,129000000000.0,20289000000,88186000000.0,229000000000.0,61344000000.0,5201000000,2323000000,48351000000,12795000000,-46446000000,-17974000000.0,1
12-10-2017,39.08750153,39.34249878,38.93249893,39.0,36.6503067,64500400,20037.088,246.626,4.2,1.15,375000000000.0,129000000000.0,20289000000,88186000000.0,229000000000.0,61344000000.0,5201000000,2323000000,48351000000,12795000000,-46446000000,-17974000000.0,-1
13-10-2017,39.18249893,39.31999969,39.10250092,39.24750137,36.88290405,65576800,20037.088,246.626,4.2,1.15,375000000000.0,129000000000.0,20289000000,88186000000.0,229000000000.0,61344000000.0,5201000000,2323000000,48351000000,12795000000,-46446000000,-17974000000.0,1
16-10-2017,39.47499847,40.0,39.41249847,39.97000122,37.56187057,96486000,20037.088,246.626,4.2,1.15,375000000000.0,129000000000.0,20289000000,88186000000.0,229000000000.0,61344000000.0,5201000000,2323000000,48351000000,12795000000,-46446000000,-17974000000.0,1
17-10-2017,39.94499969,40.21749878,39.80749893,40.11750031,37.7004776,75989200,20037.088,246.626,4.2,1.15,375000000000.0,129000000000.0,20289000000,88186000000.0,229000000000.0,61344000000.0,5201000000,2323000000,48351000000,12795000000,-46446000000,-17974000000.0,1
18-10-2017,40.10499954,40.17750168,39.90000153,39.93999863,37.53367233,65496800,20037.088,246.626,4.2,1.15,375000000000.0,129000000000.0,20289000000,88186000000.0,229000000000.0,61344000000.0,5201000000,2323000000,48351000000,12795000000,-46446000000,-17974000000.0,-1
19-10-2017,39.1875,39.27000046,38.75500107,38.99499893,36.64561462,170336800,20037.088,246.626,4.2,1.15,375000000000.0,129000000000.0,20289000000,88186000000.0,229000000000.0,61344000000.0,5201000000,2323000000,48351000000,12795000000,-46446000000,-17974000000.0,-1
20-10-2017,39.15250015,39.4375,38.99000168,39.0625,36.70904922,95896400,20037.088,246.626,4.2,1.15,375000000000.0,129000000000.0,20289000000,88186000000.0,229000000000.0,61344000000.0,5201000000,2323000000,48351000000,12795000000,-46446000000,-17974000000.0,-1
23-10-2017,39.22249985,39.42250061,38.875,39.04249954,36.69025803,87937200,20037.088,246.626,4.2,1.15,375000000000.0,129000000000.0,20289000000,88186000000.0,229000000000.0,61344000000.0,5201000000,2323000000,48351000000,12795000000,-46446000000,-17974000000.0,-1
24-10-2017,39.07249832,39.35499954,39.04999924,39.27500153,36.90873718,71028800,20037.088,246.626,4.2,1.15,375000000000.0,129000000000.0,20289000000,88186000000.0,229000000000.0,61344000000.0,5201000000,2323000000,48351000000,12795000000,-46446000000,-17974000000.0,1
25-10-2017,39.22750092,39.38750076,38.81750107,39.10250092,36.74663544,84828400,20037.088,246.626,4.2,1.15,375000000000.0,129000000000.0,20289000000,88186000000.0,229000000000.0,61344000000.0,5201000000,2323000000,48351000000,12795000000,-46446000000,-17974000000.0,-1
26-10-2017,39.30749893,39.45750046,39.19499969,39.35250092,36.98157883,68002000,20037.088,246.626,4.2,1.15,375000000000.0,129000000000.0,20289000000,88186000000.0,229000000000.0,61344000000.0,5201000000,2323000000,48351000000,12795000000,-46446000000,-17974000000.0,1
27-10-2017,39.82249832,40.90000153,39.67499924,40.76250076,38.30662155,177816800,20037.088,246.626,4.2,1.15,375000000000.0,129000000000.0,20289000000,88186000000.0,229000000000.0,61344000000.0,5201000000,2323000000,48351000000,12795000000,-46446000000,-17974000000.0,1
30-10-2017,40.97249985,42.01750183,40.93000031,41.68000031,39.16884613,178803200,20037.088,246.626,4.2,1.15,375000000000.0,129000000000.0,20289000000,88186000000.0,229000000000.0,61344000000.0,5201000000,2323000000,48351000000,12795000000,-46446000000,-17974000000.0,1
31-10-2017,41.97499847,42.41249847,41.73500061,42.25999832,39.71390152,144187200,20037.088,246.626,4.2,1.15,375000000000.0,129000000000.0,20289000000,88186000000.0,229000000000.0,61344000000.0,5201000000,2323000000,48351000000,12795000000,-46446000000,-17974000000.0,1
01-11-2017,42.46749878,42.48500061,41.40250015,41.72249985,39.2087822,134551200,20037.088,246.626,4.2,1.15,375000000000.0,129000000000.0,20289000000,88186000000.0,229000000000.0,61344000000.0,5201000000,2323000000,48351000000,12795000000,-46446000000,-17974000000.0,-1
02-11-2017,41.65000153,42.125,41.31999969,42.02750015,39.49541473,165573600,20037.088,246.626,4.2,1.15,375000000000.0,129000000000.0,20289000000,88186000000.0,229000000000.0,61344000000.0,5201000000,2323000000,48351000000,12795000000,-46446000000,-17974000000.0,1
03-11-2017,43.5,43.56499863,42.77999878,43.125,40.52679443,237594400,20037.088,246.626,4.2,1.15,375000000000.0,129000000000.0,20289000000,88186000000.0,229000000000.0,61344000000.0,5201000000,2323000000,48351000000,12795000000,-46446000000,-17974000000.0,-1
06-11-2017,43.09249878,43.74750137,42.93000031,43.5625,40.93793106,140105200,20037.088,246.626,4.2,1.15,375000000000.0,129000000000.0,20289000000,88186000000.0,229000000000.0,61344000000.0,5201000000,2323000000,48351000000,12795000000,-46446000000,-17974000000.0,1
07-11-2017,43.47750092,43.8125,43.40000153,43.70249939,41.06949234,97446000,20037.088,246.626,4.2,1.15,375000000000.0,129000000000.0,20289000000,88186000000.0,229000000000.0,61344000000.0,5201000000,2323000000,48351000000,12795000000,-46446000000,-17974000000.0,1
08-11-2017,43.66500092,44.06000137,43.58250046,44.06000137,41.40546036,97638000,20037.088,246.626,4.2,1.15,375000000000.0,129000000000.0,20289000000,88186000000.0,229000000000.0,61344000000.0,5201000000,2323000000,48351000000,12795000000,-46446000000,-17974000000.0,1
09-11-2017,43.77750015,44.02500153,43.28499985,43.97000122,41.3208847,117930400,20037.088,246.626,4.2,1.15,375000000000.0,129000000000.0,20289000000,88186000000.0,229000000000.0,61344000000.0,5201000000,2323000000,48351000000,12795000000,-46446000000,-17974000000.0,1
10-11-2017,43.77750015,43.84500122,43.56750107,43.66749954,41.18413544,100582000,20037.088,246.626,4.2,1.15,375000000000.0,129000000000.0,20289000000,88186000000.0,229000000000.0,61344000000.0,5201000000,2323000000,48351000000,12795000000,-46446000000,-17974000000.0,-1
13-11-2017,43.375,43.625,43.34999847,43.49250031,41.0190773,67928400,20037.088,246.626,4.2,1.15,375000000000.0,129000000000.0,20289000000,88186000000.0,229000000000.0,61344000000.0,5201000000,2323000000,48351000000,12795000000,-46446000000,-17974000000.0,1
14-11-2017,43.25999832,43.36999893,42.79499817,42.83499908,40.39897919,99130000,20037.088,246.626,4.2,1.15,375000000000.0,129000000000.0,20289000000,88186000000.0,229000000000.0,61344000000.0,5201000000,2323000000,48351000000,12795000000,-46446000000,-17974000000.0,-1
15-11-2017,42.49250031,42.58000183,42.09500122,42.27000046,39.86610031,116632400,20037.088,246.626,4.2,1.15,375000000000.0,129000000000.0,20289000000,88186000000.0,229000000000.0,61344000000.0,5201000000,2323000000,48351000000,12795000000,-46446000000,-17974000000.0,-1
16-11-2017,42.79499817,42.96749878,42.57500076,42.77500153,40.34237289,94550000,20037.088,246.626,4.2,1.15,375000000000.0,129000000000.0,20289000000,88186000000.0,229000000000.0,61344000000.0,5201000000,2323000000,48351000000,12795000000,-46446000000,-17974000000.0,-1
17-11-2017,42.75999832,42.84749985,42.40999985,42.53749847,40.1183815,87598000,20037.088,246.626,4.2,1.15,375000000000.0,129000000000.0,20289000000,88186000000.0,229000000000.0,61344000000.0,5201000000,2323000000,48351000000,12795000000,-46446000000,-17974000000.0,-1
20-11-2017,42.57249832,42.63999939,42.38999939,42.49499893,40.07829666,65049600,20037.088,246.626,4.2,1.15,375000000000.0,129000000000.0,20289000000,88186000000.0,229000000000.0,61344000000.0,5201000000,2323000000,48351000000,12795000000,-46446000000,-17974000000.0,-1
21-11-2017,42.69499969,43.42499924,42.69499969,43.28499985,40.82338715,100525200,20037.088,246.626,4.2,1.15,375000000000.0,129000000000.0,20289000000,88186000000.0,229000000000.0,61344000000.0,5201000000,2323000000,48351000000,12795000000,-46446000000,-17974000000.0,1
22-11-2017,43.34000015,43.75,43.26250076,43.74000168,41.25250626,102355600,20037.088,246.626,4.2,1.15,375000000000.0,129000000000.0,20289000000,88186000000.0,229000000000.0,61344000000.0,5201000000,2323000000,48351000000,12795000000,-46446000000,-17974000000.0,1
24-11-2017,43.77500153,43.875,43.66249847,43.74250031,41.25485229,56106800,20037.088,246.626,4.2,1.15,375000000000.0,129000000000.0,20289000000,88186000000.0,229000000000.0,61344000000.0,5201000000,2323000000,48351000000,12795000000,-46446000000,-17974000000.0,-1
27-11-2017,43.76250076,43.77000046,43.33499908,43.52249908,41.04738235,82867200,20037.088,246.626,4.2,1.15,375000000000.0,129000000000.0,20289000000,88186000000.0,229000000000.0,61344000000.0,5201000000,2323000000,48351000000,12795000000,-46446000000,-17974000000.0,-1
28-11-2017,43.57500076,43.71749878,42.96500015,43.26750183,40.80687332,105715200,20037.088,246.626,4.2,1.15,375000000000.0,129000000000.0,20289000000,88186000000.0,229000000000.0,61344000000.0,5201000000,2323000000,48351000000,12795000000,-46446000000,-17974000000.0,-1
29-11-2017,43.15750122,43.22999954,41.79000092,42.36999893,39.96041107,166665600,20037.088,246.626,4.2,1.15,375000000000.0,129000000000.0,20289000000,88186000000.0,229000000000.0,61344000000.0,5201000000,2323000000,48351000000,12795000000,-46446000000,-17974000000.0,-1
30-11-2017,42.60749817,43.03499985,42.11000061,42.96250153,40.51922226,166108800,20037.088,246.626,4.2,1.15,375000000000.0,129000000000.0,20289000000,88186000000.0,229000000000.0,61344000000.0,5201000000,2323000000,48351000000,12795000000,-46446000000,-17974000000.0,1
01-12-2017,42.48749924,42.91749954,42.125,42.76250076,40.33060074,159037200,20037.088,246.626,4.2,1.15,375000000000.0,129000000000.0,20289000000,88186000000.0,229000000000.0,61344000000.0,5201000000,2323000000,48351000000,12795000000,-46446000000,-17974000000.0,1
04-12-2017,43.11999893,43.15499878,42.40750122,42.45000076,40.03585815,130169600,20037.088,246.626,4.2,1.15,375000000000.0,129000000000.0,20289000000,88186000000.0,229000000000.0,61344000000.0,5201000000,2323000000,48351000000,12795000000,-46446000000,-17974000000.0,-1
05-12-2017,42.26499939,42.88000107,42.09999847,42.40999985,39.99813843,109400800,20037.088,246.626,4.2,1.15,375000000000.0,129000000000.0,20289000000,88186000000.0,229000000000.0,61344000000.0,5201000000,2323000000,48351000000,12795000000,-46446000000,-17974000000.0,1
06-12-2017,41.875,42.54999924,41.61500168,42.25249863,39.84959793,114240000,20037.088,246.626,4.2,1.15,375000000000.0,129000000000.0,20289000000,88186000000.0,229000000000.0,61344000000.0,5201000000,2323000000,48351000000,12795000000,-46446000000,-17974000000.0,1
07-12-2017,42.25749969,42.61000061,42.22750092,42.33000183,39.92269135,102693200,20037.088,246.626,4.2,1.15,375000000000.0,129000000000.0,20289000000,88186000000.0,229000000000.0,61344000000.0,5201000000,2323000000,48351000000,12795000000,-46446000000,-17974000000.0,1
08-12-2017,42.62250137,42.75,42.20500183,42.34249878,39.93447495,93420800,20037.088,246.626,4.2,1.15,375000000000.0,129000000000.0,20289000000,88186000000.0,229000000000.0,61344000000.0,5201000000,2323000000,48351000000,12795000000,-46446000000,-17974000000.0,-1
11-12-2017,42.29999924,43.22249985,42.19749832,43.16749954,40.71255875,141095200,20037.088,246.626,4.2,1.15,375000000000.0,129000000000.0,20289000000,88186000000.0,229000000000.0,61344000000.0,5201000000,2323000000,48351000000,12795000000,-46446000000,-17974000000.0,1
12-12-2017,43.03749847,43.09749985,42.86500168,42.92499924,40.48385239,77636800,20037.088,246.626,4.2,1.15,375000000000.0,129000000000.0,20289000000,88186000000.0,229000000000.0,61344000000.0,5201000000,2323000000,48351000000,12795000000,-46446000000,-17974000000.0,-1
13-12-2017,43.125,43.38499832,43.0,43.06750107,40.61824417,95273600,20037.088,246.626,4.2,1.15,375000000000.0,129000000000.0,20289000000,88186000000.0,229000000000.0,61344000000.0,5201000000,2323000000,48351000000,12795000000,-46446000000,-17974000000.0,-1
14-12-2017,43.09999847,43.28250122,42.91249847,43.05500031,40.60645676,81906000,20037.088,246.626,4.2,1.15,375000000000.0,129000000000.0,20289000000,88186000000.0,229000000000.0,61344000000.0,5201000000,2323000000,48351000000,12795000000,-46446000000,-17974000000.0,-1
15-12-2017,43.40750122,43.54249954,43.11500168,43.49250031,41.0190773,160677200,20037.088,246.626,4.2,1.15,375000000000.0,129000000000.0,20289000000,88186000000.0,229000000000.0,61344000000.0,5201000000,2323000000,48351000000,12795000000,-46446000000,-17974000000.0,1
18-12-2017,43.72000122,44.29999924,43.71500015,44.10499954,41.59674072,117684400,20037.088,246.626,4.2,1.15,375000000000.0,129000000000.0,20289000000,88186000000.0,229000000000.0,61344000000.0,5201000000,2323000000,48351000000,12795000000,-46446000000,-17974000000.0,1
19-12-2017,43.75749969,43.84749985,43.52249908,43.63499832,41.15346909,109745600,20037.088,246.626,4.2,1.15,375000000000.0,129000000000.0,20289000000,88186000000.0,229000000000.0,61344000000.0,5201000000,2323000000,48351000000,12795000000,-46446000000,-17974000000.0,-1
20-12-2017,43.71749878,43.85499954,43.3125,43.58750153,41.10866547,93902400,20037.088,246.626,4.2,1.15,375000000000.0,129000000000.0,20289000000,88186000000.0,229000000000.0,61344000000.0,5201000000,2323000000,48351000000,12795000000,-46446000000,-17974000000.0,-1
21-12-2017,43.54249954,44.00500107,43.52500153,43.75249863,41.26428604,83799600,20037.088,246.626,4.2,1.15,375000000000.0,129000000000.0,20289000000,88186000000.0,229000000000.0,61344000000.0,5201000000,2323000000,48351000000,12795000000,-46446000000,-17974000000.0,1
22-12-2017,43.66999817,43.85499954,43.625,43.75249863,41.26428604,65397600,20037.088,246.626,4.2,1.15,375000000000.0,129000000000.0,20289000000,88186000000.0,229000000000.0,61344000000.0,5201000000,2323000000,48351000000,12795000000,-46446000000,-17974000000.0,1
26-12-2017,42.70000076,42.86750031,42.41999817,42.64250183,40.21741867,132742000,20037.088,246.626,4.2,1.15,375000000000.0,129000000000.0,20289000000,88186000000.0,229000000000.0,61344000000.0,5201000000,2323000000,48351000000,12795000000,-46446000000,-17974000000.0,-1
27-12-2017,42.52500153,42.69499969,42.42750168,42.65000153,40.22449875,85992800,20037.088,246.626,4.2,1.15,375000000000.0,129000000000.0,20289000000,88186000000.0,229000000000.0,61344000000.0,5201000000,2323000000,48351000000,12795000000,-46446000000,-17974000000.0,1
28-12-2017,42.75,42.96250153,42.61999893,42.77000046,40.33766174,65920800,20037.088,246.626,4.2,1.15,375000000000.0,129000000000.0,20289000000,88186000000.0,229000000000.0,61344000000.0,5201000000,2323000000,48351000000,12795000000,-46446000000,-17974000000.0,1
29-12-2017,42.63000107,42.64749908,42.30500031,42.30749893,39.90147018,103999600,20037.088,246.626,4.2,1.15,375000000000.0,129000000000.0,20289000000,88186000000.0,229000000000.0,61344000000.0,5201000000,2323000000,48351000000,12795000000,-46446000000,-17974000000.0,-1
02-01-2018,42.54000092,43.07500076,42.31499863,43.06499863,40.61588287,102223600,20328.553,248.859,4.0,1.41,375000000000.0,129000000000.0,20289000000,88186000000.0,229000000000.0,61344000000.0,5201000000,2323000000,48351000000,12795000000,-46446000000,-17974000000.0,1
03-01-2018,43.13249969,43.63750076,42.99000168,43.05749893,40.60881042,118071600,20328.553,248.859,4.0,1.41,375000000000.0,129000000000.0,20289000000,88186000000.0,229000000000.0,61344000000.0,5201000000,2323000000,48351000000,12795000000,-46446000000,-17974000000.0,-1
04-01-2018,43.13499832,43.36750031,43.02000046,43.25749969,40.79743576,89738400,20328.553,248.859,4.0,1.41,375000000000.0,129000000000.0,20289000000,88186000000.0,229000000000.0,61344000000.0,5201000000,2323000000,48351000000,12795000000,-46446000000,-17974000000.0,1
05-01-2018,43.36000061,43.84249878,43.26250076,43.75,41.26194763,94640000,20328.553,248.859,4.0,1.41,375000000000.0,129000000000.0,20289000000,88186000000.0,229000000000.0,61344000000.0,5201000000,2323000000,48351000000,12795000000,-46446000000,-17974000000.0,1
08-01-2018,43.58750153,43.90250015,43.48249817,43.58750153,41.10866547,82271200,20328.553,248.859,4.0,1.41,375000000000.0,129000000000.0,20289000000,88186000000.0,229000000000.0,61344000000.0,5201000000,2323000000,48351000000,12795000000,-46446000000,-17974000000.0,0
09-01-2018,43.63750076,43.76499939,43.35250092,43.58250046,41.10395813,86336000,20328.553,248.859,4.0,1.41,375000000000.0,129000000000.0,20289000000,88186000000.0,229000000000.0,61344000000.0,5201000000,2323000000,48351000000,12795000000,-46446000000,-17974000000.0,-1
10-01-2018,43.29000092,43.57500076,43.25,43.57249832,41.0945282,95839600,20328.553,248.859,4.0,1.41,375000000000.0,129000000000.0,20289000000,88186000000.0,229000000000.0,61344000000.0,5201000000,2323000000,48351000000,12795000000,-46446000000,-17974000000.0,1
11-01-2018,43.64749908,43.87250137,43.62250137,43.81999969,41.32794952,74670800,20328.553,248.859,4.0,1.41,375000000000.0,129000000000.0,20289000000,88186000000.0,229000000000.0,61344000000.0,5201000000,2323000000,48351000000,12795000000,-46446000000,-17974000000.0,1
12-01-2018,44.04499817,44.34000015,43.91249847,44.27249908,41.75471497,101672400,20328.553,248.859,4.0,1.41,375000000000.0,129000000000.0,20289000000,88186000000.0,229000000000.0,61344000000.0,5201000000,2323000000,48351000000,12795000000,-46446000000,-17974000000.0,1
16-01-2018,44.47499847,44.84749985,44.03499985,44.04750061,41.5425148,118263600,20328.553,248.859,4.0,1.41,375000000000.0,129000000000.0,20289000000,88186000000.0,229000000000.0,61344000000.0,5201000000,2323000000,48351000000,12795000000,-46446000000,-17974000000.0,-1
17-01-2018,44.03749847,44.8125,43.76750183,44.77500153,42.22864532,137547200,20328.553,248.859,4.0,1.41,375000000000.0,129000000000.0,20289000000,88186000000.0,229000000000.0,61344000000.0,5201000000,2323000000,48351000000,12795000000,-46446000000,-17974000000.0,1
18-01-2018,44.84249878,45.02500153,44.5625,44.81499863,42.26637268,124773600,20328.553,248.859,4.0,1.41,375000000000.0,129000000000.0,20289000000,88186000000.0,229000000000.0,61344000000.0,5201000000,2323000000,48351000000,12795000000,-46446000000,-17974000000.0,-1
19-01-2018,44.65250015,44.89500046,44.35250092,44.61500168,42.07775116,129700400,20328.553,248.859,4.0,1.41,375000000000.0,129000000000.0,20289000000,88186000000.0,229000000000.0,61344000000.0,5201000000,2323000000,48351000000,12795000000,-46446000000,-17974000000.0,-1
22-01-2018,44.32500076,44.44499969,44.15000153,44.25,41.73349762,108434400,20328.553,248.859,4.0,1.41,375000000000.0,129000000000.0,20289000000,88186000000.0,229000000000.0,61344000000.0,5201000000,2323000000,48351000000,12795000000,-46446000000,-17974000000.0,-1
23-01-2018,44.32500076,44.86000061,44.20500183,44.25999832,41.74292374,130756400,20328.553,248.859,4.0,1.41,375000000000.0,129000000000.0,20289000000,88186000000.0,229000000000.0,61344000000.0,5201000000,2323000000,48351000000,12795000000,-46446000000,-17974000000.0,-1
24-01-2018,44.3125,44.32500076,43.29999924,43.55500031,41.07801819,204420400,20328.553,248.859,4.0,1.41,375000000000.0,129000000000.0,20289000000,88186000000.0,229000000000.0,61344000000.0,5201000000,2323000000,48351000000,12795000000,-46446000000,-17974000000.0,-1
25-01-2018,43.62749863,43.73749924,42.63249969,42.77750015,40.34474182,166116000,20328.553,248.859,4.0,1.41,375000000000.0,129000000000.0,20289000000,88186000000.0,229000000000.0,61344000000.0,5201000000,2323000000,48351000000,12795000000,-46446000000,-17974000000.0,-1
26-01-2018,43.0,43.0,42.51499939,42.87749863,40.43904877,156572000,20328.553,248.859,4.0,1.41,375000000000.0,129000000000.0,20289000000,88186000000.0,229000000000.0,61344000000.0,5201000000,2323000000,48351000000,12795000000,-46446000000,-17974000000.0,-1
29-01-2018,42.54000092,42.54000092,41.76750183,41.99000168,39.60202789,202561600,20328.553,248.859,4.0,1.41,375000000000.0,129000000000.0,20289000000,88186000000.0,229000000000.0,61344000000.0,5201000000,2323000000,48351000000,12795000000,-46446000000,-17974000000.0,-1
30-01-2018,41.38249969,41.84249878,41.17499924,41.74250031,39.36860275,184192800,20328.553,248.859,4.0,1.41,375000000000.0,129000000000.0,20289000000,88186000000.0,229000000000.0,61344000000.0,5201000000,2323000000,48351000000,12795000000,-46446000000,-17974000000.0,1
31-01-2018,41.71749878,42.11000061,41.625,41.85749817,39.47705841,129915600,20328.553,248.859,4.0,1.41,375000000000.0,129000000000.0,20289000000,88186000000.0,229000000000.0,61344000000.0,5201000000,2323000000,48351000000,12795000000,-46446000000,-17974000000.0,1
01-02-2018,41.79249954,42.15499878,41.68999863,41.94499969,39.55958939,188923200,20328.553,248.859,4.0,1.41,375000000000.0,129000000000.0,20289000000,88186000000.0,229000000000.0,61344000000.0,5201000000,2323000000,48351000000,12795000000,-46446000000,-17974000000.0,1
02-02-2018,41.5,41.70000076,40.02500153,40.125,37.84309006,346375200,20328.553,248.859,4.0,1.41,375000000000.0,129000000000.0,20289000000,88186000000.0,229000000000.0,61344000000.0,5201000000,2323000000,48351000000,12795000000,-46446000000,-17974000000.0,-1
05-02-2018,39.77500153,40.97000122,39.0,39.12250137,36.89759445,290954000,20328.553,248.859,4.0,1.41,375000000000.0,129000000000.0,20289000000,88186000000.0,229000000000.0,61344000000.0,5201000000,2323000000,48351000000,12795000000,-46446000000,-17974000000.0,-1
06-02-2018,38.70750046,40.93000031,38.5,40.75749969,38.43960953,272975200,20328.553,248.859,4.0,1.41,375000000000.0,129000000000.0,20289000000,88186000000.0,229000000000.0,61344000000.0,5201000000,2323000000,48351000000,12795000000,-46446000000,-17974000000.0,1
07-02-2018,40.77249908,40.84999847,39.76750183,39.88499832,37.61672211,206434400,20328.553,248.859,4.0,1.41,375000000000.0,129000000000.0,20289000000,88186000000.0,229000000000.0,61344000000.0,5201000000,2323000000,48351000000,12795000000,-46446000000,-17974000000.0,-1
08-02-2018,40.07249832,40.25,38.75749969,38.78749847,36.58164978,217562000,20328.553,248.859,4.0,1.41,375000000000.0,129000000000.0,20289000000,88186000000.0,229000000000.0,61344000000.0,5201000000,2323000000,48351000000,12795000000,-46446000000,-17974000000.0,-1
09-02-2018,39.26750183,39.47249985,37.56000137,39.10250092,37.02909851,282690400,20328.553,248.859,4.0,1.41,375000000000.0,129000000000.0,20289000000,88186000000.0,229000000000.0,61344000000.0,5201000000,2323000000,48351000000,12795000000,-46446000000,-17974000000.0,-1
12-02-2018,39.625,40.97249985,39.37749863,40.67750168,38.52059174,243278000,20328.553,248.859,4.0,1.41,375000000000.0,129000000000.0,20289000000,88186000000.0,229000000000.0,61344000000.0,5201000000,2323000000,48351000000,12795000000,-46446000000,-17974000000.0,1
13-02-2018,40.48749924,41.1875,40.41249847,41.08499908,38.90647888,130196800,20328.553,248.859,4.0,1.41,375000000000.0,129000000000.0,20289000000,88186000000.0,229000000000.0,61344000000.0,5201000000,2323000000,48351000000,12795000000,-46446000000,-17974000000.0,1
14-02-2018,40.75999832,41.88499832,40.72000122,41.84249878,39.62379074,162579600,20328.553,248.859,4.0,1.41,375000000000.0,129000000000.0,20289000000,88186000000.0,229000000000.0,61344000000.0,5201000000,2323000000,48351000000,12795000000,-46446000000,-17974000000.0,1
15-02-2018,42.44749832,43.27249908,42.25,43.24750137,40.95430756,204588800,20328.553,248.859,4.0,1.41,375000000000.0,129000000000.0,20289000000,88186000000.0,229000000000.0,61344000000.0,5201000000,2323000000,48351000000,12795000000,-46446000000,-17974000000.0,1
16-02-2018,43.09000015,43.70500183,42.94250107,43.10749817,40.82173538,160704400,20328.553,248.859,4.0,1.41,375000000000.0,129000000000.0,20289000000,88186000000.0,229000000000.0,61344000000.0,5201000000,2323000000,48351000000,12795000000,-46446000000,-17974000000.0,1
20-02-2018,43.01250076,43.56499863,42.85499954,42.96250153,40.68442535,135722000,20328.553,248.859,4.0,1.41,375000000000.0,129000000000.0,20289000000,88186000000.0,229000000000.0,61344000000.0,5201000000,2323000000,48351000000,12795000000,-46446000000,-17974000000.0,-1
21-02-2018,43.20750046,43.52999878,42.75249863,42.76750183,40.49975586,149886400,20328.553,248.859,4.0,1.41,375000000000.0,129000000000.0,20289000000,88186000000.0,229000000000.0,61344000000.0,5201000000,2323000000,48351000000,12795000000,-46446000000,-17974000000.0,-1
22-02-2018,42.95000076,43.48749924,42.92750168,43.125,40.83831406,123967600,20328.553,248.859,4.0,1.41,375000000000.0,129000000000.0,20289000000,88186000000.0,229000000000.0,61344000000.0,5201000000,2323000000,48351000000,12795000000,-46446000000,-17974000000.0,1
23-02-2018,43.41749954,43.91249847,43.38499832,43.875,41.54853439,135249600,20328.553,248.859,4.0,1.41,375000000000.0,129000000000.0,20289000000,88186000000.0,229000000000.0,61344000000.0,5201000000,2323000000,48351000000,12795000000,-46446000000,-17974000000.0,1
26-02-2018,44.08750153,44.84749985,44.05250168,44.74250031,42.37003326,152648800,20328.553,248.859,4.0,1.41,375000000000.0,129000000000.0,20289000000,88186000000.0,229000000000.0,61344000000.0,5201000000,2323000000,48351000000,12795000000,-46446000000,-17974000000.0,1
27-02-2018,44.77500153,45.11999893,44.54000092,44.59749985,42.23273087,155712400,20328.553,248.859,4.0,1.41,375000000000.0,129000000000.0,20289000000,88186000000.0,229000000000.0,61344000000.0,5201000000,2323000000,48351000000,12795000000,-46446000000,-17974000000.0,-1
28-02-2018,44.81499863,45.15499878,44.51250076,44.52999878,42.16880417,151128400,20328.553,248.859,4.0,1.41,375000000000.0,129000000000.0,20289000000,88186000000.0,229000000000.0,61344000000.0,5201000000,2323000000,48351000000,12795000000,-46446000000,-17974000000.0,-1
01-03-2018,44.63499832,44.94499969,43.16500092,43.75,41.43016815,195208000,20328.553,248.859,4.0,1.41,375000000000.0,129000000000.0,20289000000,88186000000.0,229000000000.0,61344000000.0,5201000000,2323000000,48351000000,12795000000,-46446000000,-17974000000.0,-1
02-03-2018,43.20000076,44.07500076,43.11249924,44.05250168,41.71662521,153816000,20328.553,248.859,4.0,1.41,375000000000.0,129000000000.0,20289000000,88186000000.0,229000000000.0,61344000000.0,5201000000,2323000000,48351000000,12795000000,-46446000000,-17974000000.0,1
05-03-2018,43.80250168,44.43500137,43.63000107,44.20500183,41.86103439,113605600,20328.553,248.859,4.0,1.41,375000000000.0,129000000000.0,20289000000,88186000000.0,229000000000.0,61344000000.0,5201000000,2323000000,48351000000,12795000000,-46446000000,-17974000000.0,1
06-03-2018,44.47750092,44.5625,44.03250122,44.16749954,41.82552338,95154000,20328.553,248.859,4.0,1.41,375000000000.0,129000000000.0,20289000000,88186000000.0,229000000000.0,61344000000.0,5201000000,2323000000,48351000000,12795000000,-46446000000,-17974000000.0,-1
07-03-2018,43.73500061,43.96250153,43.56750107,43.75749969,41.43726349,126814000,20328.553,248.859,4.0,1.41,375000000000.0,129000000000.0,20289000000,88186000000.0,229000000000.0,61344000000.0,5201000000,2323000000,48351000000,12795000000,-46446000000,-17974000000.0,1
08-03-2018,43.86999893,44.27999878,43.76750183,44.23500061,41.88944626,95096400,20328.553,248.859,4.0,1.41,375000000000.0,129000000000.0,20289000000,88186000000.0,229000000000.0,61344000000.0,5201000000,2323000000,48351000000,12795000000,-46446000000,-17974000000.0,1
09-03-2018,44.49000168,45.0,44.34749985,44.99499893,42.60914993,128740800,20328.553,248.859,4.0,1.41,375000000000.0,129000000000.0,20289000000,88186000000.0,229000000000.0,61344000000.0,5201000000,2323000000,48351000000,12795000000,-46446000000,-17974000000.0,1
12-03-2018,45.07249832,45.59749985,45.05250168,45.43000031,43.02108383,128828400,20328.553,248.859,4.0,1.41,375000000000.0,129000000000.0,20289000000,88186000000.0,229000000000.0,61344000000.0,5201000000,2323000000,48351000000,12795000000,-46446000000,-17974000000.0,1
13-03-2018,45.64749908,45.875,44.81000137,44.99250031,42.60677338,126774000,20328.553,248.859,4.0,1.41,375000000000.0,129000000000.0,20289000000,88186000000.0,229000000000.0,61344000000.0,5201000000,2323000000,48351000000,12795000000,-46446000000,-17974000000.0,-1
14-03-2018,45.08000183,45.13000107,44.45249939,44.61000061,42.24456406,117473600,20328.553,248.859,4.0,1.41,375000000000.0,129000000000.0,20289000000,88186000000.0,229000000000.0,61344000000.0,5201000000,2323000000,48351000000,12795000000,-46446000000,-17974000000.0,-1
15-03-2018,44.625,45.06000137,44.51750183,44.66249847,42.29428482,90975200,20328.553,248.859,4.0,1.41,375000000000.0,129000000000.0,20289000000,88186000000.0,229000000000.0,61344000000.0,5201000000,2323000000,48351000000,12795000000,-46446000000,-17974000000.0,1
16-03-2018,44.66249847,44.77999878,44.40499878,44.50500107,42.14513397,157618800,20328.553,248.859,4.0,1.41,375000000000.0,129000000000.0,20289000000,88186000000.0,229000000000.0,61344000000.0,5201000000,2323000000,48351000000,12795000000,-46446000000,-17974000000.0,-1
19-03-2018,44.33000183,44.36750031,43.41500092,43.82500076,41.50119019,133787200,20328.553,248.859,4.0,1.41,375000000000.0,129000000000.0,20289000000,88186000000.0,229000000000.0,61344000000.0,5201000000,2323000000,48351000000,12795000000,-46446000000,-17974000000.0,-1
20-03-2018,43.81000137,44.20000076,43.73500061,43.81000137,41.48698425,78597600,20328.553,248.859,4.0,1.41,375000000000.0,129000000000.0,20289000000,88186000000.0,229000000000.0,61344000000.0,5201000000,2323000000,48351000000,12795000000,-46446000000,-17974000000.0,0
21-03-2018,43.75999832,43.77249908,42.81499863,42.81750107,40.5471077,148219600,20328.553,248.859,4.0,1.41,375000000000.0,129000000000.0,20289000000,88186000000.0,229000000000.0,61344000000.0,5201000000,2323000000,48351000000,12795000000,-46446000000,-17974000000.0,-1
22-03-2018,42.5,43.16999817,42.15000153,42.21250153,39.97418213,165963200,20328.553,248.859,4.0,1.41,375000000000.0,129000000000.0,20289000000,88186000000.0,229000000000.0,61344000000.0,5201000000,2323000000,48351000000,12795000000,-46446000000,-17974000000.0,-1
23-03-2018,42.09749985,42.47999954,41.23500061,41.23500061,39.04851532,164115200,20328.553,248.859,4.0,1.41,375000000000.0,129000000000.0,20289000000,88186000000.0,229000000000.0,61344000000.0,5201000000,2323000000,48351000000,12795000000,-46446000000,-17974000000.0,-1
26-03-2018,42.01750183,43.27500153,41.61000061,43.19250107,40.90222931,150164800,20328.553,248.859,4.0,1.41,375000000000.0,129000000000.0,20289000000,88186000000.0,229000000000.0,61344000000.0,5201000000,2323000000,48351000000,12795000000,-46446000000,-17974000000.0,1
27-03-2018,43.41999817,43.78749847,41.72999954,42.08499908,39.85343933,163690400,20328.553,248.859,4.0,1.41,375000000000.0,129000000000.0,20289000000,88186000000.0,229000000000.0,61344000000.0,5201000000,2323000000,48351000000,12795000000,-46446000000,-17974000000.0,-1
28-03-2018,41.8125,42.50500107,41.29750061,41.61999893,39.41310883,166674000,20328.553,248.859,4.0,1.41,375000000000.0,129000000000.0,20289000000,88186000000.0,229000000000.0,61344000000.0,5201000000,2323000000,48351000000,12795000000,-46446000000,-17974000000.0,-1
29-03-2018,41.95249939,42.9375,41.72499847,41.94499969,39.7208786,153594000,20328.553,248.859,4.0,1.41,375000000000.0,129000000000.0,20289000000,88186000000.0,229000000000.0,61344000000.0,5201000000,2323000000,48351000000,12795000000,-46446000000,-17974000000.0,-1
02-04-2018,41.65999985,42.23500061,41.11750031,41.66999817,39.46045685,150347200,20580.912,250.227,4.0,1.69,375000000000.0,129000000000.0,20289000000,88186000000.0,229000000000.0,61344000000.0,5201000000,2323000000,48351000000,12795000000,-46446000000,-17974000000.0,1
03-04-2018,41.90999985,42.1875,41.22000122,42.09749985,39.86528778,121112000,20580.912,250.227,4.0,1.69,375000000000.0,129000000000.0,20289000000,88186000000.0,229000000000.0,61344000000.0,5201000000,2323000000,48351000000,12795000000,-46446000000,-17974000000.0,1
04-04-2018,41.22000122,43.00249863,41.19250107,42.90250015,40.62759781,138422000,20580.912,250.227,4.0,1.69,375000000000.0,129000000000.0,20289000000,88186000000.0,229000000000.0,61344000000.0,5201000000,2323000000,48351000000,12795000000,-46446000000,-17974000000.0,1
05-04-2018,43.14500046,43.55749893,43.02000046,43.20000076,40.90932465,107732800,20580.912,250.227,4.0,1.69,375000000000.0,129000000000.0,20289000000,88186000000.0,229000000000.0,61344000000.0,5201000000,2323000000,48351000000,12795000000,-46446000000,-17974000000.0,1
06-04-2018,42.74250031,43.11999893,42.04999924,42.09500122,39.86291885,140021200,20580.912,250.227,4.0,1.69,375000000000.0,129000000000.0,20289000000,88186000000.0,229000000000.0,61344000000.0,5201000000,2323000000,48351000000,12795000000,-46446000000,-17974000000.0,-1
09-04-2018,42.47000122,43.27249908,42.46250153,42.51250076,40.25828171,116070800,20580.912,250.227,4.0,1.69,375000000000.0,129000000000.0,20289000000,88186000000.0,229000000000.0,61344000000.0,5201000000,2323000000,48351000000,12795000000,-46446000000,-17974000000.0,1
10-04-2018,43.25,43.5,42.88249969,43.3125,41.01585007,113634400,20580.912,250.227,4.0,1.69,375000000000.0,129000000000.0,20289000000,88186000000.0,229000000000.0,61344000000.0,5201000000,2323000000,48351000000,12795000000,-46446000000,-17974000000.0,1
11-04-2018,43.05749893,43.47999954,42.92499924,43.11000061,40.82410049,89726400,20580.912,250.227,4.0,1.69,375000000000.0,129000000000.0,20289000000,88186000000.0,229000000000.0,61344000000.0,5201000000,2323000000,48351000000,12795000000,-46446000000,-17974000000.0,1
12-04-2018,43.35250092,43.75,43.25999832,43.53499985,41.22655487,91557200,20580.912,250.227,4.0,1.69,375000000000.0,129000000000.0,20289000000,88186000000.0,229000000000.0,61344000000.0,5201000000,2323000000,48351000000,12795000000,-46446000000,-17974000000.0,1
13-04-2018,43.69499969,43.95999908,43.46250153,43.68249893,41.36624527,100497200,20580.912,250.227,4.0,1.69,375000000000.0,129000000000.0,20289000000,88186000000.0,229000000000.0,61344000000.0,5201000000,2323000000,48351000000,12795000000,-46446000000,-17974000000.0,-1
16-04-2018,43.75749969,44.04750061,43.70750046,43.95500183,41.62428665,86313600,20580.912,250.227,4.0,1.69,375000000000.0,129000000000.0,20289000000,88186000000.0,229000000000.0,61344000000.0,5201000000,2323000000,48351000000,12795000000,-46446000000,-17974000000.0,1
17-04-2018,44.12250137,44.73500061,44.10250092,44.56000137,42.19721222,106421600,20580.912,250.227,4.0,1.69,375000000000.0,129000000000.0,20289000000,88186000000.0,229000000000.0,61344000000.0,5201000000,2323000000,48351000000,12795000000,-46446000000,-17974000000.0,1
18-04-2018,44.45249939,44.70500183,44.22000122,44.45999908,42.10251999,83018000,20580.912,250.227,4.0,1.69,375000000000.0,129000000000.0,20289000000,88186000000.0,229000000000.0,61344000000.0,5201000000,2323000000,48351000000,12795000000,-46446000000,-17974000000.0,1
19-04-2018,43.43999863,43.84749985,43.16500092,43.20000076,40.90932465,139235200,20580.912,250.227,4.0,1.69,375000000000.0,129000000000.0,20289000000,88186000000.0,229000000000.0,61344000000.0,5201000000,2323000000,48351000000,12795000000,-46446000000,-17974000000.0,-1
20-04-2018,42.65000153,42.80500031,41.35749817,41.43000031,39.23318863,261964400,20580.912,250.227,4.0,1.69,375000000000.0,129000000000.0,20289000000,88186000000.0,229000000000.0,61344000000.0,5201000000,2323000000,48351000000,12795000000,-46446000000,-17974000000.0,-1
23-04-2018,41.70750046,41.72999954,41.02249908,41.31000137,39.11954117,146062000,20580.912,250.227,4.0,1.69,375000000000.0,129000000000.0,20289000000,88186000000.0,229000000000.0,61344000000.0,5201000000,2323000000,48351000000,12795000000,-46446000000,-17974000000.0,-1
24-04-2018,41.41749954,41.58250046,40.30500031,40.73500061,38.5750351,134768000,20580.912,250.227,4.0,1.69,375000000000.0,129000000000.0,20289000000,88186000000.0,229000000000.0,61344000000.0,5201000000,2323000000,48351000000,12795000000,-46446000000,-17974000000.0,-1
25-04-2018,40.65499878,41.35499954,40.60250092,40.91249847,38.74311829,113528400,20580.912,250.227,4.0,1.69,375000000000.0,129000000000.0,20289000000,88186000000.0,229000000000.0,61344000000.0,5201000000,2323000000,48351000000,12795000000,-46446000000,-17974000000.0,1
26-04-2018,41.02999878,41.43249893,40.84249878,41.05500031,38.87806702,111852000,20580.912,250.227,4.0,1.69,375000000000.0,129000000000.0,20289000000,88186000000.0,229000000000.0,61344000000.0,5201000000,2323000000,48351000000,12795000000,-46446000000,-17974000000.0,1
27-04-2018,41.0,41.08250046,40.15750122,40.58000183,38.42825317,142623200,20580.912,250.227,4.0,1.69,375000000000.0,129000000000.0,20289000000,88186000000.0,229000000000.0,61344000000.0,5201000000,2323000000,48351000000,12795000000,-46446000000,-17974000000.0,-1
30-04-2018,40.53250122,41.81499863,40.45999908,41.31499863,39.12428284,169709600,20580.912,250.227,4.0,1.69,375000000000.0,129000000000.0,20289000000,88186000000.0,229000000000.0,61344000000.0,5201000000,2323000000,48351000000,12795000000,-46446000000,-17974000000.0,1
01-05-2018,41.60250092,42.29999924,41.31750107,42.27500153,40.03337479,214277600,20580.912,250.227,4.0,1.69,375000000000.0,129000000000.0,20289000000,88186000000.0,229000000000.0,61344000000.0,5201000000,2323000000,48351000000,12795000000,-46446000000,-17974000000.0,1
02-05-2018,43.80749893,44.4375,43.45000076,44.14250183,41.80185318,266157600,20580.912,250.227,4.0,1.69,375000000000.0,129000000000.0,20289000000,88186000000.0,229000000000.0,61344000000.0,5201000000,2323000000,48351000000,12795000000,-46446000000,-17974000000.0,1
03-05-2018,43.97000122,44.375,43.61000061,44.22249985,41.87761307,136272800,20580.912,250.227,4.0,1.69,375000000000.0,129000000000.0,20289000000,88186000000.0,229000000000.0,61344000000.0,5201000000,2323000000,48351000000,12795000000,-46446000000,-17974000000.0,1
04-05-2018,44.5625,46.0625,44.54249954,45.95750046,43.52061462,224805200,20580.912,250.227,4.0,1.69,375000000000.0,129000000000.0,20289000000,88186000000.0,229000000000.0,61344000000.0,5201000000,2323000000,48351000000,12795000000,-46446000000,-17974000000.0,1
07-05-2018,46.29499817,46.91749954,46.1875,46.29000092,43.83547974,169805600,20580.912,250.227,4.0,1.69,375000000000.0,129000000000.0,20289000000,88186000000.0,229000000000.0,61344000000.0,5201000000,2323000000,48351000000,12795000000,-46446000000,-17974000000.0,-1
08-05-2018,46.24750137,46.55500031,45.91749954,46.51250076,44.04617691,113611200,20580.912,250.227,4.0,1.69,375000000000.0,129000000000.0,20289000000,88186000000.0,229000000000.0,61344000000.0,5201000000,2323000000,48351000000,12795000000,-46446000000,-17974000000.0,1
09-05-2018,46.63750076,46.84999847,46.30500031,46.84000015,44.35631561,92844800,20580.912,250.227,4.0,1.69,375000000000.0,129000000000.0,20289000000,88186000000.0,229000000000.0,61344000000.0,5201000000,2323000000,48351000000,12795000000,-46446000000,-17974000000.0,1
10-05-2018,46.93500137,47.59249878,46.91249847,47.50999832,44.99079514,111957200,20580.912,250.227,4.0,1.69,375000000000.0,129000000000.0,20289000000,88186000000.0,229000000000.0,61344000000.0,5201000000,2323000000,48351000000,12795000000,-46446000000,-17974000000.0,1
11-05-2018,47.37250137,47.51499939,46.86249924,47.14749908,44.81967926,104848800,20580.912,250.227,4.0,1.69,375000000000.0,129000000000.0,20289000000,88186000000.0,229000000000.0,61344000000.0,5201000000,2323000000,48351000000,12795000000,-46446000000,-17974000000.0,-1
14-05-2018,47.25249863,47.38249969,46.96500015,47.03749847,44.71509552,83115200,20580.912,250.227,4.0,1.69,375000000000.0,129000000000.0,20289000000,88186000000.0,229000000000.0,61344000000.0,5201000000,2323000000,48351000000,12795000000,-46446000000,-17974000000.0,-1
15-05-2018,46.69499969,46.76750183,46.27500153,46.61000061,44.30871201,94780800,20580.912,250.227,4.0,1.69,375000000000.0,129000000000.0,20289000000,88186000000.0,229000000000.0,61344000000.0,5201000000,2323000000,48351000000,12795000000,-46446000000,-17974000000.0,-1
16-05-2018,46.51750183,47.11500168,46.5,47.04499817,44.72223663,76732400,20580.912,250.227,4.0,1.69,375000000000.0,129000000000.0,20289000000,88186000000.0,229000000000.0,61344000000.0,5201000000,2323000000,48351000000,12795000000,-46446000000,-17974000000.0,1
17-05-2018,47.0,47.22750092,46.59000015,46.74750137,44.43942261,69176000,20580.912,250.227,4.0,1.69,375000000000.0,129000000000.0,20289000000,88186000000.0,229000000000.0,61344000000.0,5201000000,2323000000,48351000000,12795000000,-46446000000,-17974000000.0,-1
18-05-2018,46.79750061,46.95249939,46.53250122,46.57749939,44.27780914,73190800,20580.912,250.227,4.0,1.69,375000000000.0,129000000000.0,20289000000,88186000000.0,229000000000.0,61344000000.0,5201000000,2323000000,48351000000,12795000000,-46446000000,-17974000000.0,-1
21-05-2018,47.0,47.31750107,46.72750092,46.90750122,44.59152603,73603200,20580.912,250.227,4.0,1.69,375000000000.0,129000000000.0,20289000000,88186000000.0,229000000000.0,61344000000.0,5201000000,2323000000,48351000000,12795000000,-46446000000,-17974000000.0,-1
22-05-2018,47.09500122,47.22000122,46.69499969,46.79000092,44.47983551,60962800,20580.912,250.227,4.0,1.69,375000000000.0,129000000000.0,20289000000,88186000000.0,229000000000.0,61344000000.0,5201000000,2323000000,48351000000,12795000000,-46446000000,-17974000000.0,-1
23-05-2018,46.58750153,47.125,46.43999863,47.09000015,44.76501083,80233600,20580.912,250.227,4.0,1.69,375000000000.0,129000000000.0,20289000000,88186000000.0,229000000000.0,61344000000.0,5201000000,2323000000,48351000000,12795000000,-46446000000,-17974000000.0,1
24-05-2018,47.19250107,47.20999908,46.55250168,47.03749847,44.71509552,92936000,20580.912,250.227,4.0,1.69,375000000000.0,129000000000.0,20289000000,88186000000.0,229000000000.0,61344000000.0,5201000000,2323000000,48351000000,12795000000,-46446000000,-17974000000.0,-1
25-05-2018,47.05749893,47.41249847,46.91249847,47.14500046,44.81729889,69844000,20580.912,250.227,4.0,1.69,375000000000.0,129000000000.0,20289000000,88186000000.0,229000000000.0,61344000000.0,5201000000,2323000000,48351000000,12795000000,-46446000000,-17974000000.0,1
29-05-2018,46.90000153,47.1875,46.71749878,46.97499847,44.65569305,90056400,20580.912,250.227,4.0,1.69,375000000000.0,129000000000.0,20289000000,88186000000.0,229000000000.0,61344000000.0,5201000000,2323000000,48351000000,12795000000,-46446000000,-17974000000.0,1
30-05-2018,46.93000031,47.0,46.69499969,46.875,44.56062317,74762000,20580.912,250.227,4.0,1.69,375000000000.0,129000000000.0,20289000000,88186000000.0,229000000000.0,61344000000.0,5201000000,2323000000,48351000000,12795000000,-46446000000,-17974000000.0,-1
31-05-2018,46.80500031,47.05749893,46.53499985,46.71749878,44.41090775,109931200,20580.912,250.227,4.0,1.69,375000000000.0,129000000000.0,20289000000,88186000000.0,229000000000.0,61344000000.0,5201000000,2323000000,48351000000,12795000000,-46446000000,-17974000000.0,-1
01-06-2018,46.99750137,47.56499863,46.9375,47.56000137,45.2118187,93770000,20580.912,250.227,4.0,1.69,375000000000.0,129000000000.0,20289000000,88186000000.0,229000000000.0,61344000000.0,5201000000,2323000000,48351000000,12795000000,-46446000000,-17974000000.0,1
04-06-2018,47.90999985,48.35499954,47.83750153,47.95750046,45.58968735,105064800,20580.912,250.227,4.0,1.69,375000000000.0,129000000000.0,20289000000,88186000000.0,229000000000.0,61344000000.0,5201000000,2323000000,48351000000,12795000000,-46446000000,-17974000000.0,1
05-06-2018,48.26750183,48.48500061,48.09000015,48.32749939,45.94141769,86264000,20580.912,250.227,4.0,1.69,375000000000.0,129000000000.0,20289000000,88186000000.0,229000000000.0,61344000000.0,5201000000,2323000000,48351000000,12795000000,-46446000000,-17974000000.0,1
06-06-2018,48.40750122,48.52000046,47.97999954,48.49499893,46.10064697,83734400,20580.912,250.227,4.0,1.69,375000000000.0,129000000000.0,20289000000,88186000000.0,229000000000.0,61344000000.0,5201000000,2323000000,48351000000,12795000000,-46446000000,-17974000000.0,1
07-06-2018,48.53499985,48.54999924,48.08499908,48.36500168,45.97706604,85388800,20580.912,250.227,4.0,1.69,375000000000.0,129000000000.0,20289000000,88186000000.0,229000000000.0,61344000000.0,5201000000,2323000000,48351000000,12795000000,-46446000000,-17974000000.0,-1
08-06-2018,47.79249954,48.0,47.44250107,47.92499924,45.55878067,106627200,20580.912,250.227,4.0,1.69,375000000000.0,129000000000.0,20289000000,88186000000.0,229000000000.0,61344000000.0,5201000000,2323000000,48351000000,12795000000,-46446000000,-17974000000.0,1
11-06-2018,47.83750153,47.99250031,47.55250168,47.80749893,45.44708633,73234000,20580.912,250.227,4.0,1.69,375000000000.0,129000000000.0,20289000000,88186000000.0,229000000000.0,61344000000.0,5201000000,2323000000,48351000000,12795000000,-46446000000,-17974000000.0,-1
12-06-2018,47.84749985,48.15250015,47.78749847,48.06999969,45.6966362,67644400,20580.912,250.227,4.0,1.69,375000000000.0,129000000000.0,20289000000,88186000000.0,229000000000.0,61344000000.0,5201000000,2323000000,48351000000,12795000000,-46446000000,-17974000000.0,1
13-06-2018,48.10499954,48.22000122,47.61000061,47.67499924,45.32113266,86553600,20580.912,250.227,4.0,1.69,375000000000.0,129000000000.0,20289000000,88186000000.0,229000000000.0,61344000000.0,5201000000,2323000000,48351000000,12795000000,-46446000000,-17974000000.0,-1
14-06-2018,47.88750076,47.89250183,47.55500031,47.70000076,45.34490204,86440400,20580.912,250.227,4.0,1.69,375000000000.0,129000000000.0,20289000000,88186000000.0,229000000000.0,61344000000.0,5201000000,2323000000,48351000000,12795000000,-46446000000,-17974000000.0,-1
15-06-2018,47.50749969,47.54000092,47.06499863,47.20999908,44.8791008,246876800,20580.912,250.227,4.0,1.69,375000000000.0,129000000000.0,20289000000,88186000000.0,229000000000.0,61344000000.0,5201000000,2323000000,48351000000,12795000000,-46446000000,-17974000000.0,-1
18-06-2018,46.97000122,47.30500031,46.79999924,47.18500137,44.85531998,73939600,20580.912,250.227,4.0,1.69,375000000000.0,129000000000.0,20289000000,88186000000.0,229000000000.0,61344000000.0,5201000000,2323000000,48351000000,12795000000,-46446000000,-17974000000.0,1
19-06-2018,46.28499985,46.58250046,45.86249924,46.42250061,44.13045883,134314000,20580.912,250.227,4.0,1.69,375000000000.0,129000000000.0,20289000000,88186000000.0,229000000000.0,61344000000.0,5201000000,2323000000,48351000000,12795000000,-46446000000,-17974000000.0,1
20-06-2018,46.58750153,46.79999924,46.43249893,46.625,44.32297516,82514800,20580.912,250.227,4.0,1.69,375000000000.0,129000000000.0,20289000000,88186000000.0,229000000000.0,61344000000.0,5201000000,2323000000,48351000000,12795000000,-46446000000,-17974000000.0,1
21-06-2018,46.8125,47.08750153,46.23500061,46.36500168,44.07579803,102847600,20580.912,250.227,4.0,1.69,375000000000.0,129000000000.0,20289000000,88186000000.0,229000000000.0,61344000000.0,5201000000,2323000000,48351000000,12795000000,-46446000000,-17974000000.0,-1
22-06-2018,46.52999878,46.53749847,46.17499924,46.22999954,43.94747925,108801600,20580.912,250.227,4.0,1.69,375000000000.0,129000000000.0,20289000000,88186000000.0,229000000000.0,61344000000.0,5201000000,2323000000,48351000000,12795000000,-46446000000,-17974000000.0,-1
25-06-2018,45.84999847,46.22999954,45.18249893,45.54249954,43.29391479,126652400,20580.912,250.227,4.0,1.69,375000000000.0,129000000000.0,20289000000,88186000000.0,229000000000.0,61344000000.0,5201000000,2323000000,48351000000,12795000000,-46446000000,-17974000000.0,-1
26-06-2018,45.74750137,46.63249969,45.63499832,46.10749817,43.83102417,98276800,20580.912,250.227,4.0,1.69,375000000000.0,129000000000.0,20289000000,88186000000.0,229000000000.0,61344000000.0,5201000000,2323000000,48351000000,12795000000,-46446000000,-17974000000.0,1
27-06-2018,46.30749893,46.81999969,46.00749969,46.04000092,43.76685715,101141200,20580.912,250.227,4.0,1.69,375000000000.0,129000000000.0,20289000000,88186000000.0,229000000000.0,61344000000.0,5201000000,2323000000,48351000000,12795000000,-46446000000,-17974000000.0,-1
28-06-2018,46.02500153,46.55250168,45.95000076,46.375,44.08531189,69460800,20580.912,250.227,4.0,1.69,375000000000.0,129000000000.0,20289000000,88186000000.0,229000000000.0,61344000000.0,5201000000,2323000000,48351000000,12795000000,-46446000000,-17974000000.0,1
29-06-2018,46.57249832,46.79750061,45.72750092,46.27750015,43.99264145,90950800,20580.912,250.227,4.0,1.69,375000000000.0,129000000000.0,20289000000,88186000000.0,229000000000.0,61344000000.0,5201000000,2323000000,48351000000,12795000000,-46446000000,-17974000000.0,-1
02-07-2018,45.95500183,46.82500076,45.85499954,46.79499817,44.48457336,70925200,20798.73,251.214,3.8,1.91,375000000000.0,129000000000.0,20289000000,88186000000.0,229000000000.0,61344000000.0,5201000000,2323000000,48351000000,12795000000,-46446000000,-17974000000.0,1
03-07-2018,46.94749832,46.98749924,45.88499832,45.97999954,43.70982361,55819200,20798.73,251.214,3.8,1.91,375000000000.0,129000000000.0,20289000000,88186000000.0,229000000000.0,61344000000.0,5201000000,2323000000,48351000000,12795000000,-46446000000,-17974000000.0,-1
05-07-2018,46.31499863,46.60250092,46.06999969,46.34999847,44.06155777,66416800,20798.73,251.214,3.8,1.91,375000000000.0,129000000000.0,20289000000,88186000000.0,229000000000.0,61344000000.0,5201000000,2323000000,48351000000,12795000000,-46446000000,-17974000000.0,1
06-07-2018,46.35499954,47.10749817,46.29999924,46.99250031,44.67232895,69940800,20798.73,251.214,3.8,1.91,375000000000.0,129000000000.0,20289000000,88186000000.0,229000000000.0,61344000000.0,5201000000,2323000000,48351000000,12795000000,-46446000000,-17974000000.0,1
09-07-2018,47.375,47.66999817,47.32500076,47.64500046,45.29260254,79026400,20798.73,251.214,3.8,1.91,375000000000.0,129000000000.0,20289000000,88186000000.0,229000000000.0,61344000000.0,5201000000,2323000000,48351000000,12795000000,-46446000000,-17974000000.0,1
10-07-2018,47.67750168,47.81999969,47.54499817,47.58750153,45.23795319,63756400,20798.73,251.214,3.8,1.91,375000000000.0,129000000000.0,20289000000,88186000000.0,229000000000.0,61344000000.0,5201000000,2323000000,48351000000,12795000000,-46446000000,-17974000000.0,-1
11-07-2018,47.125,47.44499969,46.90250015,46.97000122,44.65095139,75326000,20798.73,251.214,3.8,1.91,375000000000.0,129000000000.0,20289000000,88186000000.0,229000000000.0,61344000000.0,5201000000,2323000000,48351000000,12795000000,-46446000000,-17974000000.0,-1
12-07-2018,47.38249969,47.85250092,47.32749939,47.75749969,45.39955902,72164400,20798.73,251.214,3.8,1.91,375000000000.0,129000000000.0,20289000000,88186000000.0,229000000000.0,61344000000.0,5201000000,2323000000,48351000000,12795000000,-46446000000,-17974000000.0,1
13-07-2018,47.77000046,47.95999908,47.72499847,47.83250046,45.47084427,50055600,20798.73,251.214,3.8,1.91,375000000000.0,129000000000.0,20289000000,88186000000.0,229000000000.0,61344000000.0,5201000000,2323000000,48351000000,12795000000,-46446000000,-17974000000.0,1
16-07-2018,47.88000107,48.16249847,47.60499954,47.72750092,45.37104034,60172400,20798.73,251.214,3.8,1.91,375000000000.0,129000000000.0,20289000000,88186000000.0,229000000000.0,61344000000.0,5201000000,2323000000,48351000000,12795000000,-46446000000,-17974000000.0,-1
17-07-2018,47.4375,47.96749878,47.29999924,47.86249924,45.49937439,62138000,20798.73,251.214,3.8,1.91,375000000000.0,129000000000.0,20289000000,88186000000.0,229000000000.0,61344000000.0,5201000000,2323000000,48351000000,12795000000,-46446000000,-17974000000.0,1
18-07-2018,47.94499969,47.95000076,47.48249817,47.59999847,45.24982452,65573600,20798.73,251.214,3.8,1.91,375000000000.0,129000000000.0,20289000000,88186000000.0,229000000000.0,61344000000.0,5201000000,2323000000,48351000000,12795000000,-46446000000,-17974000000.0,-1
19-07-2018,47.42250061,48.13750076,47.42250061,47.97000122,45.60157394,81147200,20798.73,251.214,3.8,1.91,375000000000.0,129000000000.0,20289000000,88186000000.0,229000000000.0,61344000000.0,5201000000,2323000000,48351000000,12795000000,-46446000000,-17974000000.0,1
20-07-2018,47.94499969,48.10749817,47.54249954,47.86000061,45.49700165,82704800,20798.73,251.214,3.8,1.91,375000000000.0,129000000000.0,20289000000,88186000000.0,229000000000.0,61344000000.0,5201000000,2323000000,48351000000,12795000000,-46446000000,-17974000000.0,-1
23-07-2018,47.66999817,47.99000168,47.38999939,47.90250015,45.53739166,63957600,20798.73,251.214,3.8,1.91,375000000000.0,129000000000.0,20289000000,88186000000.0,229000000000.0,61344000000.0,5201000000,2323000000,48351000000,12795000000,-46446000000,-17974000000.0,1
24-07-2018,48.11249924,48.41500092,48.01250076,48.25,45.86774826,74791600,20798.73,251.214,3.8,1.91,375000000000.0,129000000000.0,20289000000,88186000000.0,229000000000.0,61344000000.0,5201000000,2323000000,48351000000,12795000000,-46446000000,-17974000000.0,1
25-07-2018,48.26499939,48.71250153,48.10749817,48.70500183,46.30027008,66839600,20798.73,251.214,3.8,1.91,375000000000.0,129000000000.0,20289000000,88186000000.0,229000000000.0,61344000000.0,5201000000,2323000000,48351000000,12795000000,-46446000000,-17974000000.0,1
26-07-2018,48.65250015,48.99000168,48.40250015,48.55250168,46.15530396,76304000,20798.73,251.214,3.8,1.91,375000000000.0,129000000000.0,20289000000,88186000000.0,229000000000.0,61344000000.0,5201000000,2323000000,48351000000,12795000000,-46446000000,-17974000000.0,-1
27-07-2018,48.74750137,48.79750061,47.52500153,47.74499893,45.38766861,96096000,20798.73,251.214,3.8,1.91,375000000000.0,129000000000.0,20289000000,88186000000.0,229000000000.0,61344000000.0,5201000000,2323000000,48351000000,12795000000,-46446000000,-17974000000.0,-1
30-07-2018,47.97499847,48.04999924,47.26750183,47.47750092,45.13337708,84118000,20798.73,251.214,3.8,1.91,375000000000.0,129000000000.0,20289000000,88186000000.0,229000000000.0,61344000000.0,5201000000,2323000000,48351000000,12795000000,-46446000000,-17974000000.0,-1
31-07-2018,47.57500076,48.03499985,47.33499908,47.57249832,45.22368622,157492000,20798.73,251.214,3.8,1.91,375000000000.0,129000000000.0,20289000000,88186000000.0,229000000000.0,61344000000.0,5201000000,2323000000,48351000000,12795000000,-46446000000,-17974000000.0,-1
01-08-2018,49.78250122,50.43999863,49.32749939,50.375,47.8878212,271742800,20798.73,251.214,3.8,1.91,375000000000.0,129000000000.0,20289000000,88186000000.0,229000000000.0,61344000000.0,5201000000,2323000000,48351000000,12795000000,-46446000000,-17974000000.0,1
02-08-2018,50.14500046,52.09500122,50.08750153,51.84749985,49.28762817,249616000,20798.73,251.214,3.8,1.91,375000000000.0,129000000000.0,20289000000,88186000000.0,229000000000.0,61344000000.0,5201000000,2323000000,48351000000,12795000000,-46446000000,-17974000000.0,1
03-08-2018,51.75749969,52.18500137,51.36999893,51.99750137,49.43021774,133789600,20798.73,251.214,3.8,1.91,375000000000.0,129000000000.0,20289000000,88186000000.0,229000000000.0,61344000000.0,5201000000,2323000000,48351000000,12795000000,-46446000000,-17974000000.0,1
06-08-2018,52.0,52.3125,51.76750183,52.26750183,49.68689346,101701600,20798.73,251.214,3.8,1.91,375000000000.0,129000000000.0,20289000000,88186000000.0,229000000000.0,61344000000.0,5201000000,2323000000,48351000000,12795000000,-46446000000,-17974000000.0,1
07-08-2018,52.33000183,52.375,51.68999863,51.77750015,49.22107697,102349600,20798.73,251.214,3.8,1.91,375000000000.0,129000000000.0,20289000000,88186000000.0,229000000000.0,61344000000.0,5201000000,2323000000,48351000000,12795000000,-46446000000,-17974000000.0,-1
08-08-2018,51.51250076,51.95249939,51.13000107,51.8125,49.25435257,90102000,20798.73,251.214,3.8,1.91,375000000000.0,129000000000.0,20289000000,88186000000.0,229000000000.0,61344000000.0,5201000000,2323000000,48351000000,12795000000,-46446000000,-17974000000.0,1
09-08-2018,52.38249969,52.44499969,51.79999924,52.22000122,49.64172363,93970400,20798.73,251.214,3.8,1.91,375000000000.0,129000000000.0,20289000000,88186000000.0,229000000000.0,61344000000.0,5201000000,2323000000,48351000000,12795000000,-46446000000,-17974000000.0,-1
10-08-2018,51.84000015,52.27500153,51.66749954,51.88249969,49.49386597,98444800,20798.73,251.214,3.8,1.91,375000000000.0,129000000000.0,20289000000,88186000000.0,229000000000.0,61344000000.0,5201000000,2323000000,48351000000,12795000000,-46446000000,-17974000000.0,1
13-08-2018,52.32749939,52.73749924,51.92499924,52.21749878,49.81344604,103563600,20798.73,251.214,3.8,1.91,375000000000.0,129000000000.0,20289000000,88186000000.0,229000000000.0,61344000000.0,5201000000,2323000000,48351000000,12795000000,-46446000000,-17974000000.0,-1
14-08-2018,52.54000092,52.63999939,52.06499863,52.4375,50.0233078,82992000,20798.73,251.214,3.8,1.91,375000000000.0,129000000000.0,20289000000,88186000000.0,229000000000.0,61344000000.0,5201000000,2323000000,48351000000,12795000000,-46446000000,-17974000000.0,-1
15-08-2018,52.30500031,52.68500137,52.08250046,52.56000137,50.14017868,115230400,20798.73,251.214,3.8,1.91,375000000000.0,129000000000.0,20289000000,88186000000.0,229000000000.0,61344000000.0,5201000000,2323000000,48351000000,12795000000,-46446000000,-17974000000.0,1
16-08-2018,52.9375,53.45249939,52.86750031,53.33000183,50.87472916,114001600,20798.73,251.214,3.8,1.91,375000000000.0,129000000000.0,20289000000,88186000000.0,229000000000.0,61344000000.0,5201000000,2323000000,48351000000,12795000000,-46446000000,-17974000000.0,1
17-08-2018,53.36000061,54.48749924,53.29000092,54.39500046,51.89070129,141708000,20798.73,251.214,3.8,1.91,375000000000.0,129000000000.0,20289000000,88186000000.0,229000000000.0,61344000000.0,5201000000,2323000000,48351000000,12795000000,-46446000000,-17974000000.0,1
20-08-2018,54.52500153,54.79499817,53.77750015,53.86500168,51.38510132,121150800,20798.73,251.214,3.8,1.91,375000000000.0,129000000000.0,20289000000,88186000000.0,229000000000.0,61344000000.0,5201000000,2323000000,48351000000,12795000000,-46446000000,-17974000000.0,-1
21-08-2018,54.20000076,54.29750061,53.50749969,53.75999832,51.28491974,104639200,20798.73,251.214,3.8,1.91,375000000000.0,129000000000.0,20289000000,88186000000.0,229000000000.0,61344000000.0,5201000000,2323000000,48351000000,12795000000,-46446000000,-17974000000.0,-1
22-08-2018,53.52500153,54.09000015,53.45999908,53.76250076,51.28731155,76072400,20798.73,251.214,3.8,1.91,375000000000.0,129000000000.0,20289000000,88186000000.0,229000000000.0,61344000000.0,5201000000,2323000000,48351000000,12795000000,-46446000000,-17974000000.0,1
23-08-2018,53.66249847,54.26250076,53.65000153,53.87250137,51.39225388,75532800,20798.73,251.214,3.8,1.91,375000000000.0,129000000000.0,20289000000,88186000000.0,229000000000.0,61344000000.0,5201000000,2323000000,48351000000,12795000000,-46446000000,-17974000000.0,1
24-08-2018,54.15000153,54.22499847,53.77750015,54.04000092,51.55203629,73905600,20798.73,251.214,3.8,1.91,375000000000.0,129000000000.0,20289000000,88186000000.0,229000000000.0,61344000000.0,5201000000,2323000000,48351000000,12795000000,-46446000000,-17974000000.0,-1
27-08-2018,54.28749847,54.68500137,54.08250046,54.48500061,51.97655487,82100400,20798.73,251.214,3.8,1.91,375000000000.0,129000000000.0,20289000000,88186000000.0,229000000000.0,61344000000.0,5201000000,2323000000,48351000000,12795000000,-46446000000,-17974000000.0,1
28-08-2018,54.75249863,55.13499832,54.72999954,54.92499924,52.39629364,91107200,20798.73,251.214,3.8,1.91,375000000000.0,129000000000.0,20289000000,88186000000.0,229000000000.0,61344000000.0,5201000000,2323000000,48351000000,12795000000,-46446000000,-17974000000.0,1
29-08-2018,55.03749847,55.87250137,54.85250092,55.74499893,53.17852783,109019200,20798.73,251.214,3.8,1.91,375000000000.0,129000000000.0,20289000000,88186000000.0,229000000000.0,61344000000.0,5201000000,2323000000,48351000000,12795000000,-46446000000,-17974000000.0,1
30-08-2018,55.8125,57.06499863,55.59999847,56.25749969,53.66743851,195175200,20798.73,251.214,3.8,1.91,375000000000.0,129000000000.0,20289000000,88186000000.0,229000000000.0,61344000000.0,5201000000,2323000000,48351000000,12795000000,-46446000000,-17974000000.0,1
31-08-2018,56.62749863,57.21749878,56.5,56.90750122,54.28751755,173360400,20798.73,251.214,3.8,1.91,375000000000.0,129000000000.0,20289000000,88186000000.0,229000000000.0,61344000000.0,5201000000,2323000000,48351000000,12795000000,-46446000000,-17974000000.0,1
04-09-2018,57.10250092,57.29499817,56.65750122,57.09000015,54.46161652,109560400,20798.73,251.214,3.8,1.91,375000000000.0,129000000000.0,20289000000,88186000000.0,229000000000.0,61344000000.0,5201000000,2323000000,48351000000,12795000000,-46446000000,-17974000000.0,-1
05-09-2018,57.24750137,57.41749954,56.27500153,56.71749878,54.10626221,133332000,20798.73,251.214,3.8,1.91,375000000000.0,129000000000.0,20289000000,88186000000.0,229000000000.0,61344000000.0,5201000000,2323000000,48351000000,12795000000,-46446000000,-17974000000.0,-1
06-09-2018,56.55749893,56.83750153,55.32500076,55.77500153,53.20716858,137160000,20798.73,251.214,3.8,1.91,375000000000.0,129000000000.0,20289000000,88186000000.0,229000000000.0,61344000000.0,5201000000,2323000000,48351000000,12795000000,-46446000000,-17974000000.0,-1
07-09-2018,55.46250153,56.34249878,55.17750168,55.32500076,52.77787399,150479200,20798.73,251.214,3.8,1.91,375000000000.0,129000000000.0,20289000000,88186000000.0,229000000000.0,61344000000.0,5201000000,2323000000,48351000000,12795000000,-46446000000,-17974000000.0,-1
10-09-2018,55.23749924,55.46250153,54.11750031,54.58250046,52.06955338,158066000,20798.73,251.214,3.8,1.91,375000000000.0,129000000000.0,20289000000,88186000000.0,229000000000.0,61344000000.0,5201000000,2323000000,48351000000,12795000000,-46446000000,-17974000000.0,-1
11-09-2018,54.50249863,56.07500076,54.13999939,55.96250153,53.38602448,142996000,20798.73,251.214,3.8,1.91,375000000000.0,129000000000.0,20289000000,88186000000.0,229000000000.0,61344000000.0,5201000000,2323000000,48351000000,12795000000,-46446000000,-17974000000.0,1
12-09-2018,56.23500061,56.25,54.95999908,55.26750183,52.72302246,197114800,20798.73,251.214,3.8,1.91,375000000000.0,129000000000.0,20289000000,88186000000.0,229000000000.0,61344000000.0,5201000000,2323000000,48351000000,12795000000,-46446000000,-17974000000.0,-1
13-09-2018,55.88000107,57.08750153,55.64250183,56.60250092,53.99655914,166825600,20798.73,251.214,3.8,1.91,375000000000.0,129000000000.0,20289000000,88186000000.0,229000000000.0,61344000000.0,5201000000,2323000000,48351000000,12795000000,-46446000000,-17974000000.0,1
14-09-2018,56.4375,56.70999908,55.63000107,55.95999908,53.38364029,127997200,20798.73,251.214,3.8,1.91,375000000000.0,129000000000.0,20289000000,88186000000.0,229000000000.0,61344000000.0,5201000000,2323000000,48351000000,12795000000,-46446000000,-17974000000.0,-1
17-09-2018,55.53749847,55.73749924,54.31750107,54.47000122,51.96223831,148780400,20798.73,251.214,3.8,1.91,375000000000.0,129000000000.0,20289000000,88186000000.0,229000000000.0,61344000000.0,5201000000,2323000000,48351000000,12795000000,-46446000000,-17974000000.0,-1
18-09-2018,54.44749832,55.46250153,54.27999878,54.56000137,52.0480957,126286800,20798.73,251.214,3.8,1.91,375000000000.0,129000000000.0,20289000000,88186000000.0,229000000000.0,61344000000.0,5201000000,2323000000,48351000000,12795000000,-46446000000,-17974000000.0,1
19-09-2018,54.625,54.90499878,53.82500076,54.59249878,52.07910538,108495200,20798.73,251.214,3.8,1.91,375000000000.0,129000000000.0,20289000000,88186000000.0,229000000000.0,61344000000.0,5201000000,2323000000,48351000000,12795000000,-46446000000,-17974000000.0,-1
20-09-2018,55.06000137,55.56999969,54.78749847,55.00749969,52.47500229,106435200,20798.73,251.214,3.8,1.91,375000000000.0,129000000000.0,20289000000,88186000000.0,229000000000.0,61344000000.0,5201000000,2323000000,48351000000,12795000000,-46446000000,-17974000000.0,-1
21-09-2018,55.19499969,55.34000015,54.32249832,54.41500092,51.90977097,384986800,20798.73,251.214,3.8,1.91,375000000000.0,129000000000.0,20289000000,88186000000.0,229000000000.0,61344000000.0,5201000000,2323000000,48351000000,12795000000,-46446000000,-17974000000.0,-1
24-09-2018,54.20500183,55.31499863,54.15750122,55.19749832,52.65623856,110773600,20798.73,251.214,3.8,1.91,375000000000.0,129000000000.0,20289000000,88186000000.0,229000000000.0,61344000000.0,5201000000,2323000000,48351000000,12795000000,-46446000000,-17974000000.0,1
25-09-2018,54.9375,55.70500183,54.92499924,55.54750061,52.99012756,98217600,20798.73,251.214,3.8,1.91,375000000000.0,129000000000.0,20289000000,88186000000.0,229000000000.0,61344000000.0,5201000000,2323000000,48351000000,12795000000,-46446000000,-17974000000.0,1
26-09-2018,55.25,55.9375,54.93999863,55.10499954,52.56800461,95938800,20798.73,251.214,3.8,1.91,375000000000.0,129000000000.0,20289000000,88186000000.0,229000000000.0,61344000000.0,5201000000,2323000000,48351000000,12795000000,-46446000000,-17974000000.0,-1
27-09-2018,55.95500183,56.61000061,55.88499832,56.23749924,53.64836121,120724800,20798.73,251.214,3.8,1.91,375000000000.0,129000000000.0,20289000000,88186000000.0,229000000000.0,61344000000.0,5201000000,2323000000,48351000000,12795000000,-46446000000,-17974000000.0,1
28-09-2018,56.19749832,56.45999908,56.00500107,56.43500137,53.83677673,91717600,20798.73,251.214,3.8,1.91,375000000000.0,129000000000.0,20289000000,88186000000.0,229000000000.0,61344000000.0,5201000000,2323000000,48351000000,12795000000,-46446000000,-17974000000.0,1
01-10-2018,56.98749924,57.35499954,56.58750153,56.81499863,54.19927979,94403200,20917.867,252.772,3.8,2.19,366000000000.0,131000000000.0,25913000000,102000000000.0,266000000000.0,70898000000.0,5686000000,3240000000,59531000000,13313000000,16066000000,-87876000000.0,-1
02-10-2018,56.8125,57.5,56.65750122,57.31999969,54.68102646,99152800,20917.867,252.772,3.8,2.19,366000000000.0,131000000000.0,25913000000,102000000000.0,266000000000.0,70898000000.0,5686000000,3240000000,59531000000,13313000000,16066000000,-87876000000.0,1
03-10-2018,57.51250076,58.36750031,57.44499969,58.01750183,55.34642029,114619200,20917.867,252.772,3.8,2.19,366000000000.0,131000000000.0,25913000000,102000000000.0,266000000000.0,70898000000.0,5686000000,3240000000,59531000000,13313000000,16066000000,-87876000000.0,1
04-10-2018,57.69499969,58.08750153,56.68249893,56.99750137,54.37337875,128168000,20917.867,252.772,3.8,2.19,366000000000.0,131000000000.0,25913000000,102000000000.0,266000000000.0,70898000000.0,5686000000,3240000000,59531000000,13313000000,16066000000,-87876000000.0,-1
05-10-2018,56.99000168,57.10250092,55.14500046,56.07249832,53.49095917,134322000,20917.867,252.772,3.8,2.19,366000000000.0,131000000000.0,25913000000,102000000000.0,266000000000.0,70898000000.0,5686000000,3240000000,59531000000,13313000000,16066000000,-87876000000.0,-1
08-10-2018,55.55250168,56.20000076,55.04999924,55.94250107,53.36694336,118655600,20917.867,252.772,3.8,2.19,366000000000.0,131000000000.0,25913000000,102000000000.0,266000000000.0,70898000000.0,5686000000,3240000000,59531000000,13313000000,16066000000,-87876000000.0,1
09-10-2018,55.90999985,56.81750107,55.5625,56.71749878,54.10626221,107564000,20917.867,252.772,3.8,2.19,366000000000.0,131000000000.0,25913000000,102000000000.0,266000000000.0,70898000000.0,5686000000,3240000000,59531000000,13313000000,16066000000,-87876000000.0,1
10-10-2018,56.36500168,56.58750153,54.01250076,54.09000015,51.59973526,167962400,20917.867,252.772,3.8,2.19,366000000000.0,131000000000.0,25913000000,102000000000.0,266000000000.0,70898000000.0,5686000000,3240000000,59531000000,13313000000,16066000000,-87876000000.0,-1
11-10-2018,53.63000107,54.875,53.08000183,53.61249924,51.14421463,212497600,20917.867,252.772,3.8,2.19,366000000000.0,131000000000.0,25913000000,102000000000.0,266000000000.0,70898000000.0,5686000000,3240000000,59531000000,13313000000,16066000000,-87876000000.0,-1
12-10-2018,55.10499954,55.72000122,54.20999908,55.52750015,52.97106171,161351600,20917.867,252.772,3.8,2.19,366000000000.0,131000000000.0,25913000000,102000000000.0,266000000000.0,70898000000.0,5686000000,3240000000,59531000000,13313000000,16066000000,-87876000000.0,1
15-10-2018,55.29000092,55.45750046,54.31750107,54.34000015,51.83821869,123164000,20917.867,252.772,3.8,2.19,366000000000.0,131000000000.0,25913000000,102000000000.0,266000000000.0,70898000000.0,5686000000,3240000000,59531000000,13313000000,16066000000,-87876000000.0,-1
16-10-2018,54.73249817,55.74750137,54.18999863,55.53749847,52.98059464,116736000,20917.867,252.772,3.8,2.19,366000000000.0,131000000000.0,25913000000,102000000000.0,266000000000.0,70898000000.0,5686000000,3240000000,59531000000,13313000000,16066000000,-87876000000.0,1
17-10-2018,55.57500076,55.65999985,54.83499908,55.29750061,52.75164413,91541600,20917.867,252.772,3.8,2.19,366000000000.0,131000000000.0,25913000000,102000000000.0,266000000000.0,70898000000.0,5686000000,3240000000,59531000000,13313000000,16066000000,-87876000000.0,-1
18-10-2018,54.46500015,54.93500137,53.25,54.00500107,51.51865005,130325200,20917.867,252.772,3.8,2.19,366000000000.0,131000000000.0,25913000000,102000000000.0,266000000000.0,70898000000.0,5686000000,3240000000,59531000000,13313000000,16066000000,-87876000000.0,-1
19-10-2018,54.51499939,55.31499863,54.35749817,54.82749939,52.30327606,132314800,20917.867,252.772,3.8,2.19,366000000000.0,131000000000.0,25913000000,102000000000.0,266000000000.0,70898000000.0,5686000000,3240000000,59531000000,13313000000,16066000000,-87876000000.0,1
22-10-2018,54.94749832,55.84000015,54.73500061,55.16249847,52.62285614,115168400,20917.867,252.772,3.8,2.19,366000000000.0,131000000000.0,25913000000,102000000000.0,266000000000.0,70898000000.0,5686000000,3240000000,59531000000,13313000000,16066000000,-87876000000.0,1
23-10-2018,53.95750046,55.8125,53.67499924,55.68249893,53.11891937,155071200,20917.867,252.772,3.8,2.19,366000000000.0,131000000000.0,25913000000,102000000000.0,266000000000.0,70898000000.0,5686000000,3240000000,59531000000,13313000000,16066000000,-87876000000.0,1
24-10-2018,55.65000153,56.05749893,53.63499832,53.77249908,51.29685211,163702000,20917.867,252.772,3.8,2.19,366000000000.0,131000000000.0,25913000000,102000000000.0,266000000000.0,70898000000.0,5686000000,3240000000,59531000000,13313000000,16066000000,-87876000000.0,-1
25-10-2018,54.42750168,55.34500122,54.1875,54.95000076,52.42014694,119423200,20917.867,252.772,3.8,2.19,366000000000.0,131000000000.0,25913000000,102000000000.0,266000000000.0,70898000000.0,5686000000,3240000000,59531000000,13313000000,16066000000,-87876000000.0,1
26-10-2018,53.97499847,55.04750061,53.16749954,54.07500076,51.58542633,189033600,20917.867,252.772,3.8,2.19,366000000000.0,131000000000.0,25913000000,102000000000.0,266000000000.0,70898000000.0,5686000000,3240000000,59531000000,13313000000,16066000000,-87876000000.0,1
29-10-2018,54.79750061,54.92250061,51.52249908,53.06000137,50.61715317,183742000,20917.867,252.772,3.8,2.19,366000000000.0,131000000000.0,25913000000,102000000000.0,266000000000.0,70898000000.0,5686000000,3240000000,59531000000,13313000000,16066000000,-87876000000.0,-1
30-10-2018,52.78749847,53.79499817,52.31750107,53.32500076,50.86995316,146640000,20917.867,252.772,3.8,2.19,366000000000.0,131000000000.0,25913000000,102000000000.0,266000000000.0,70898000000.0,5686000000,3240000000,59531000000,13313000000,16066000000,-87876000000.0,1
31-10-2018,54.22000122,55.11249924,54.15499878,54.71500015,52.19596481,153435600,20917.867,252.772,3.8,2.19,366000000000.0,131000000000.0,25913000000,102000000000.0,266000000000.0,70898000000.0,5686000000,3240000000,59531000000,13313000000,16066000000,-87876000000.0,1
01-11-2018,54.76250076,55.59000015,54.20249939,55.55500031,52.99728012,233292800,20917.867,252.772,3.8,2.19,366000000000.0,131000000000.0,25913000000,102000000000.0,266000000000.0,70898000000.0,5686000000,3240000000,59531000000,13313000000,16066000000,-87876000000.0,1
02-11-2018,52.38750076,53.41249847,51.35749817,51.86999893,49.48192978,365314800,20917.867,252.772,3.8,2.19,366000000000.0,131000000000.0,25913000000,102000000000.0,266000000000.0,70898000000.0,5686000000,3240000000,59531000000,13313000000,16066000000,-87876000000.0,-1
05-11-2018,51.07500076,51.09749985,49.54249954,50.39749908,48.07723618,264654800,20917.867,252.772,3.8,2.19,366000000000.0,131000000000.0,25913000000,102000000000.0,266000000000.0,70898000000.0,5686000000,3240000000,59531000000,13313000000,16066000000,-87876000000.0,-1
06-11-2018,50.47999954,51.18000031,50.42250061,50.94250107,48.5971489,127531600,20917.867,252.772,3.8,2.19,366000000000.0,131000000000.0,25913000000,102000000000.0,266000000000.0,70898000000.0,5686000000,3240000000,59531000000,13313000000,16066000000,-87876000000.0,1
07-11-2018,51.49250031,52.51499939,51.03250122,52.48749924,50.07101059,133697600,20917.867,252.772,3.8,2.19,366000000000.0,131000000000.0,25913000000,102000000000.0,266000000000.0,70898000000.0,5686000000,3240000000,59531000000,13313000000,16066000000,-87876000000.0,1
08-11-2018,52.49499893,52.52999878,51.6875,52.12250137,49.8963089,101450400,20917.867,252.772,3.8,2.19,366000000000.0,131000000000.0,25913000000,102000000000.0,266000000000.0,70898000000.0,5686000000,3240000000,59531000000,13313000000,16066000000,-87876000000.0,-1
09-11-2018,51.38750076,51.50249863,50.5625,51.11750031,48.93422699,137463200,20917.867,252.772,3.8,2.19,366000000000.0,131000000000.0,25913000000,102000000000.0,266000000000.0,70898000000.0,5686000000,3240000000,59531000000,13313000000,16066000000,-87876000000.0,-1
12-11-2018,49.75,49.96250153,48.44749832,48.54249954,46.46921539,204542000,20917.867,252.772,3.8,2.19,366000000000.0,131000000000.0,25913000000,102000000000.0,266000000000.0,70898000000.0,5686000000,3240000000,59531000000,13313000000,16066000000,-87876000000.0,-1
13-11-2018,47.90750122,49.29499817,47.86249924,48.05749893,46.0049324,187531600,20917.867,252.772,3.8,2.19,366000000000.0,131000000000.0,25913000000,102000000000.0,266000000000.0,70898000000.0,5686000000,3240000000,59531000000,13313000000,16066000000,-87876000000.0,1
14-11-2018,48.47499847,48.61999893,46.48249817,46.70000076,44.70541,243204000,20917.867,252.772,3.8,2.19,366000000000.0,131000000000.0,25913000000,102000000000.0,266000000000.0,70898000000.0,5686000000,3240000000,59531000000,13313000000,16066000000,-87876000000.0,-1
15-11-2018,47.09749985,47.99250031,46.72499847,47.85250092,45.80868912,185915200,20917.867,252.772,3.8,2.19,366000000000.0,131000000000.0,25913000000,102000000000.0,266000000000.0,70898000000.0,5686000000,3240000000,59531000000,13313000000,16066000000,-87876000000.0,1
16-11-2018,47.625,48.74250031,47.36500168,48.38249969,46.31605148,147713200,20917.867,252.772,3.8,2.19,366000000000.0,131000000000.0,25913000000,102000000000.0,266000000000.0,70898000000.0,5686000000,3240000000,59531000000,13313000000,16066000000,-87876000000.0,1
19-11-2018,47.5,47.67499924,46.24750137,46.46500015,44.48044968,167701200,20917.867,252.772,3.8,2.19,366000000000.0,131000000000.0,25913000000,102000000000.0,266000000000.0,70898000000.0,5686000000,3240000000,59531000000,13313000000,16066000000,-87876000000.0,-1
20-11-2018,44.59249878,45.36750031,43.87749863,44.24499893,42.35526657,271300800,20917.867,252.772,3.8,2.19,366000000000.0,131000000000.0,25913000000,102000000000.0,266000000000.0,70898000000.0,5686000000,3240000000,59531000000,13313000000,16066000000,-87876000000.0,-1
21-11-2018,44.93249893,45.06750107,44.13750076,44.19499969,42.30739594,124496800,20917.867,252.772,3.8,2.19,366000000000.0,131000000000.0,25913000000,102000000000.0,266000000000.0,70898000000.0,5686000000,3240000000,59531000000,13313000000,16066000000,-87876000000.0,-1
23-11-2018,43.73500061,44.15000153,43.02500153,43.07249832,41.23283768,94496000,20917.867,252.772,3.8,2.19,366000000000.0,131000000000.0,25913000000,102000000000.0,266000000000.0,70898000000.0,5686000000,3240000000,59531000000,13313000000,16066000000,-87876000000.0,-1
26-11-2018,43.56000137,43.73749924,42.56499863,43.65499878,41.79045868,179994000,20917.867,252.772,3.8,2.19,366000000000.0,131000000000.0,25913000000,102000000000.0,266000000000.0,70898000000.0,5686000000,3240000000,59531000000,13313000000,16066000000,-87876000000.0,1
27-11-2018,42.87749863,43.69250107,42.72000122,43.56000137,41.69952011,165549600,20917.867,252.772,3.8,2.19,366000000000.0,131000000000.0,25913000000,102000000000.0,266000000000.0,70898000000.0,5686000000,3240000000,59531000000,13313000000,16066000000,-87876000000.0,1
28-11-2018,44.18249893,45.32249832,43.73249817,45.23500061,43.30297852,184250000,20917.867,252.772,3.8,2.19,366000000000.0,131000000000.0,25913000000,102000000000.0,266000000000.0,70898000000.0,5686000000,3240000000,59531000000,13313000000,16066000000,-87876000000.0,1
29-11-2018,45.66500092,45.70000076,44.42499924,44.88750076,42.97031784,167080000,20917.867,252.772,3.8,2.19,366000000000.0,131000000000.0,25913000000,102000000000.0,266000000000.0,70898000000.0,5686000000,3240000000,59531000000,13313000000,16066000000,-87876000000.0,-1
30-11-2018,45.07249832,45.08250046,44.25749969,44.64500046,42.73818207,158126000,20917.867,252.772,3.8,2.19,366000000000.0,131000000000.0,25913000000,102000000000.0,266000000000.0,70898000000.0,5686000000,3240000000,59531000000,13313000000,16066000000,-87876000000.0,-1
03-12-2018,46.11500168,46.23500061,45.30250168,46.20500183,44.23154831,163210000,20917.867,252.772,3.8,2.19,366000000000.0,131000000000.0,25913000000,102000000000.0,266000000000.0,70898000000.0,5686000000,3240000000,59531000000,13313000000,16066000000,-87876000000.0,1
04-12-2018,45.23749924,45.59749985,44.06750107,44.17250061,42.28586197,165377200,20917.867,252.772,3.8,2.19,366000000000.0,131000000000.0,25913000000,102000000000.0,266000000000.0,70898000000.0,5686000000,3240000000,59531000000,13313000000,16066000000,-87876000000.0,-1
06-12-2018,42.93999863,43.69499969,42.60499954,43.68000031,41.81439209,172393600,20917.867,252.772,3.8,2.19,366000000000.0,131000000000.0,25913000000,102000000000.0,266000000000.0,70898000000.0,5686000000,3240000000,59531000000,13313000000,16066000000,-87876000000.0,1
07-12-2018,43.37250137,43.62250137,42.07500076,42.12250137,40.32342529,169126400,20917.867,252.772,3.8,2.19,366000000000.0,131000000000.0,25913000000,102000000000.0,266000000000.0,70898000000.0,5686000000,3240000000,59531000000,13313000000,16066000000,-87876000000.0,-1
10-12-2018,41.25,42.52249908,40.83250046,42.40000153,40.58907318,248104000,20917.867,252.772,3.8,2.19,366000000000.0,131000000000.0,25913000000,102000000000.0,266000000000.0,70898000000.0,5686000000,3240000000,59531000000,13313000000,16066000000,-87876000000.0,1
11-12-2018,42.91500092,42.94749832,41.75,42.15750122,40.35691452,189126800,20917.867,252.772,3.8,2.19,366000000000.0,131000000000.0,25913000000,102000000000.0,266000000000.0,70898000000.0,5686000000,3240000000,59531000000,13313000000,16066000000,-87876000000.0,-1
12-12-2018,42.59999847,42.97999954,42.25500107,42.27500153,40.46940994,142510800,20917.867,252.772,3.8,2.19,366000000000.0,131000000000.0,25913000000,102000000000.0,266000000000.0,70898000000.0,5686000000,3240000000,59531000000,13313000000,16066000000,-87876000000.0,-1
13-12-2018,42.62250137,43.14250183,42.38750076,42.73749924,40.91215515,127594400,20917.867,252.772,3.8,2.19,366000000000.0,131000000000.0,25913000000,102000000000.0,266000000000.0,70898000000.0,5686000000,3240000000,59531000000,13313000000,16066000000,-87876000000.0,1
14-12-2018,42.25,42.27000046,41.31999969,41.36999893,39.60304642,162814800,20917.867,252.772,3.8,2.19,366000000000.0,131000000000.0,25913000000,102000000000.0,266000000000.0,70898000000.0,5686000000,3240000000,59531000000,13313000000,16066000000,-87876000000.0,-1
17-12-2018,41.36249924,42.08750153,40.68249893,40.98500061,39.2345047,177151600,20917.867,252.772,3.8,2.19,366000000000.0,131000000000.0,25913000000,102000000000.0,266000000000.0,70898000000.0,5686000000,3240000000,59531000000,13313000000,16066000000,-87876000000.0,-1
18-12-2018,41.34500122,41.88249969,41.09749985,41.51750183,39.74425888,135366000,20917.867,252.772,3.8,2.19,366000000000.0,131000000000.0,25913000000,102000000000.0,266000000000.0,70898000000.0,5686000000,3240000000,59531000000,13313000000,16066000000,-87876000000.0,1
19-12-2018,41.5,41.86249924,39.77249908,40.22249985,38.50457001,196189200,20917.867,252.772,3.8,2.19,366000000000.0,131000000000.0,25913000000,102000000000.0,266000000000.0,70898000000.0,5686000000,3240000000,59531000000,13313000000,16066000000,-87876000000.0,-1
20-12-2018,40.09999847,40.52750015,38.82500076,39.20750046,37.53292847,259092000,20917.867,252.772,3.8,2.19,366000000000.0,131000000000.0,25913000000,102000000000.0,266000000000.0,70898000000.0,5686000000,3240000000,59531000000,13313000000,16066000000,-87876000000.0,-1
21-12-2018,39.21500015,39.54000092,37.40750122,37.68249893,36.07304764,382978400,20917.867,252.772,3.8,2.19,366000000000.0,131000000000.0,25913000000,102000000000.0,266000000000.0,70898000000.0,5686000000,3240000000,59531000000,13313000000,16066000000,-87876000000.0,-1
24-12-2018,37.03749847,37.88750076,36.64749908,36.70750046,35.1396904,148676800,20917.867,252.772,3.8,2.19,366000000000.0,131000000000.0,25913000000,102000000000.0,266000000000.0,70898000000.0,5686000000,3240000000,59531000000,13313000000,16066000000,-87876000000.0,-1
26-12-2018,37.07500076,39.30749893,36.68000031,39.29249954,37.61428833,234330000,20917.867,252.772,3.8,2.19,366000000000.0,131000000000.0,25913000000,102000000000.0,266000000000.0,70898000000.0,5686000000,3240000000,59531000000,13313000000,16066000000,-87876000000.0,1
27-12-2018,38.95999908,39.19250107,37.51750183,39.03749847,37.37018204,212468400,20917.867,252.772,3.8,2.19,366000000000.0,131000000000.0,25913000000,102000000000.0,266000000000.0,70898000000.0,5686000000,3240000000,59531000000,13313000000,16066000000,-87876000000.0,1
28-12-2018,39.375,39.63000107,38.63750076,39.05749893,37.38932037,169165600,20917.867,252.772,3.8,2.19,366000000000.0,131000000000.0,25913000000,102000000000.0,266000000000.0,70898000000.0,5686000000,3240000000,59531000000,13313000000,16066000000,-87876000000.0,-1
31-12-2018,39.63249969,39.84000015,39.11999893,39.43500137,37.75070572,140014000,20917.867,252.772,3.8,2.19,366000000000.0,131000000000.0,25913000000,102000000000.0,266000000000.0,70898000000.0,5686000000,3240000000,59531000000,13313000000,16066000000,-87876000000.0,-1
02-01-2019,38.72249985,39.71250153,38.55749893,39.47999954,37.79378128,148158800,21104.133,252.561,4.0,2.4,366000000000.0,131000000000.0,25913000000,102000000000.0,266000000000.0,70898000000.0,5686000000,3240000000,59531000000,13313000000,16066000000,-87876000000.0,1
03-01-2019,35.99499893,36.43000031,35.5,35.54750061,34.02923584,365248800,21104.133,252.561,4.0,2.4,366000000000.0,131000000000.0,25913000000,102000000000.0,266000000000.0,70898000000.0,5686000000,3240000000,59531000000,13313000000,16066000000,-87876000000.0,-1
04-01-2019,36.13249969,37.13750076,35.95000076,37.06499863,35.48192596,234428400,21104.133,252.561,4.0,2.4,366000000000.0,131000000000.0,25913000000,102000000000.0,266000000000.0,70898000000.0,5686000000,3240000000,59531000000,13313000000,16066000000,-87876000000.0,1
07-01-2019,37.17499924,37.20750046,36.47499847,36.98249817,35.40295029,219111200,21104.133,252.561,4.0,2.4,366000000000.0,131000000000.0,25913000000,102000000000.0,266000000000.0,70898000000.0,5686000000,3240000000,59531000000,13313000000,16066000000,-87876000000.0,-1
08-01-2019,37.38999939,37.95500183,37.13000107,37.6875,36.07783508,164101200,21104.133,252.561,4.0,2.4,366000000000.0,131000000000.0,25913000000,102000000000.0,266000000000.0,70898000000.0,5686000000,3240000000,59531000000,13313000000,16066000000,-87876000000.0,1
09-01-2019,37.82249832,38.63249969,37.40750122,38.32749939,36.69050217,180396400,21104.133,252.561,4.0,2.4,366000000000.0,131000000000.0,25913000000,102000000000.0,266000000000.0,70898000000.0,5686000000,3240000000,59531000000,13313000000,16066000000,-87876000000.0,1
10-01-2019,38.125,38.49250031,37.71500015,38.45000076,36.80776596,143122800,21104.133,252.561,4.0,2.4,366000000000.0,131000000000.0,25913000000,102000000000.0,266000000000.0,70898000000.0,5686000000,3240000000,59531000000,13313000000,16066000000,-87876000000.0,1
11-01-2019,38.22000122,38.42499924,37.87749863,38.07249832,36.44638824,108092800,21104.133,252.561,4.0,2.4,366000000000.0,131000000000.0,25913000000,102000000000.0,266000000000.0,70898000000.0,5686000000,3240000000,59531000000,13313000000,16066000000,-87876000000.0,-1
14-01-2019,37.71250153,37.81750107,37.30500031,37.5,35.89834976,129756800,21104.133,252.561,4.0,2.4,366000000000.0,131000000000.0,25913000000,102000000000.0,266000000000.0,70898000000.0,5686000000,3240000000,59531000000,13313000000,16066000000,-87876000000.0,-1
15-01-2019,37.56750107,38.34749985,37.51250076,38.26750183,36.63306808,114843600,21104.133,252.561,4.0,2.4,366000000000.0,131000000000.0,25913000000,102000000000.0,266000000000.0,70898000000.0,5686000000,3240000000,59531000000,13313000000,16066000000,-87876000000.0,1
16-01-2019,38.27000046,38.97000122,38.25,38.73500061,37.08059311,122278800,21104.133,252.561,4.0,2.4,366000000000.0,131000000000.0,25913000000,102000000000.0,266000000000.0,70898000000.0,5686000000,3240000000,59531000000,13313000000,16066000000,-87876000000.0,1
17-01-2019,38.54999924,39.41500092,38.31499863,38.96500015,37.30078125,119284800,21104.133,252.561,4.0,2.4,366000000000.0,131000000000.0,25913000000,102000000000.0,266000000000.0,70898000000.0,5686000000,3240000000,59531000000,13313000000,16066000000,-87876000000.0,1
18-01-2019,39.375,39.47000122,38.99499893,39.20500183,37.53053665,135004000,21104.133,252.561,4.0,2.4,366000000000.0,131000000000.0,25913000000,102000000000.0,266000000000.0,70898000000.0,5686000000,3240000000,59531000000,13313000000,16066000000,-87876000000.0,-1
22-01-2019,39.10250092,39.18249893,38.15499878,38.32500076,36.68811798,121576000,21104.133,252.561,4.0,2.4,366000000000.0,131000000000.0,25913000000,102000000000.0,266000000000.0,70898000000.0,5686000000,3240000000,59531000000,13313000000,16066000000,-87876000000.0,-1
23-01-2019,38.53749847,38.78499985,37.92499924,38.47999954,36.83649445,92522400,21104.133,252.561,4.0,2.4,366000000000.0,131000000000.0,25913000000,102000000000.0,266000000000.0,70898000000.0,5686000000,3240000000,59531000000,13313000000,16066000000,-87876000000.0,-1
24-01-2019,38.52750015,38.61999893,37.93500137,38.17499924,36.54450607,101766000,21104.133,252.561,4.0,2.4,366000000000.0,131000000000.0,25913000000,102000000000.0,266000000000.0,70898000000.0,5686000000,3240000000,59531000000,13313000000,16066000000,-87876000000.0,-1
25-01-2019,38.86999893,39.53250122,38.58000183,39.43999863,37.75548935,134142000,21104.133,252.561,4.0,2.4,366000000000.0,131000000000.0,25913000000,102000000000.0,266000000000.0,70898000000.0,5686000000,3240000000,59531000000,13313000000,16066000000,-87876000000.0,1
28-01-2019,38.94749832,39.08250046,38.41500092,39.07500076,37.40607071,104768400,21104.133,252.561,4.0,2.4,366000000000.0,131000000000.0,25913000000,102000000000.0,266000000000.0,70898000000.0,5686000000,3240000000,59531000000,13313000000,16066000000,-87876000000.0,1
29-01-2019,39.0625,39.53250122,38.52750015,38.66999817,37.01837158,166348800,21104.133,252.561,4.0,2.4,366000000000.0,131000000000.0,25913000000,102000000000.0,266000000000.0,70898000000.0,5686000000,3240000000,59531000000,13313000000,16066000000,-87876000000.0,-1
30-01-2019,40.8125,41.53749847,40.05749893,41.3125,39.54800797,244439200,21104.133,252.561,4.0,2.4,366000000000.0,131000000000.0,25913000000,102000000000.0,266000000000.0,70898000000.0,5686000000,3240000000,59531000000,13313000000,16066000000,-87876000000.0,1
31-01-2019,41.52750015,42.25,41.13999939,41.61000061,39.83280563,162958400,21104.133,252.561,4.0,2.4,366000000000.0,131000000000.0,25913000000,102000000000.0,266000000000.0,70898000000.0,5686000000,3240000000,59531000000,13313000000,16066000000,-87876000000.0,1
01-02-2019,41.74000168,42.24499893,41.48249817,41.63000107,39.85195541,130672400,21104.133,252.561,4.0,2.4,366000000000.0,131000000000.0,25913000000,102000000000.0,266000000000.0,70898000000.0,5686000000,3240000000,59531000000,13313000000,16066000000,-87876000000.0,-1
04-02-2019,41.85250092,42.91500092,41.81999969,42.8125,40.98394394,125982000,21104.133,252.561,4.0,2.4,366000000000.0,131000000000.0,25913000000,102000000000.0,266000000000.0,70898000000.0,5686000000,3240000000,59531000000,13313000000,16066000000,-87876000000.0,1
05-02-2019,43.21500015,43.77000046,43.08750153,43.54499817,41.68515778,144406400,21104.133,252.561,4.0,2.4,366000000000.0,131000000000.0,25913000000,102000000000.0,266000000000.0,70898000000.0,5686000000,3240000000,59531000000,13313000000,16066000000,-87876000000.0,1
06-02-2019,43.66249847,43.89250183,43.21250153,43.56000137,41.69952011,112958400,21104.133,252.561,4.0,2.4,366000000000.0,131000000000.0,25913000000,102000000000.0,266000000000.0,70898000000.0,5686000000,3240000000,59531000000,13313000000,16066000000,-87876000000.0,-1
07-02-2019,43.09999847,43.48500061,42.58499908,42.73500061,40.90975571,126966800,21104.133,252.561,4.0,2.4,366000000000.0,131000000000.0,25913000000,102000000000.0,266000000000.0,70898000000.0,5686000000,3240000000,59531000000,13313000000,16066000000,-87876000000.0,-1
08-02-2019,42.24750137,42.66500092,42.10499954,42.60250092,40.95782089,95280000,21104.133,252.561,4.0,2.4,366000000000.0,131000000000.0,25913000000,102000000000.0,266000000000.0,70898000000.0,5686000000,3240000000,59531000000,13313000000,16066000000,-87876000000.0,1
11-02-2019,42.76250076,42.80250168,42.3125,42.35749817,40.72226715,83973600,21104.133,252.561,4.0,2.4,366000000000.0,131000000000.0,25913000000,102000000000.0,266000000000.0,70898000000.0,5686000000,3240000000,59531000000,13313000000,16066000000,-87876000000.0,-1
12-02-2019,42.52500153,42.75,42.42499924,42.72249985,41.07318878,89134000,21104.133,252.561,4.0,2.4,366000000000.0,131000000000.0,25913000000,102000000000.0,266000000000.0,70898000000.0,5686000000,3240000000,59531000000,13313000000,16066000000,-87876000000.0,1
13-02-2019,42.84749985,43.11999893,42.47999954,42.54499817,40.90254593,89960800,21104.133,252.561,4.0,2.4,366000000000.0,131000000000.0,25913000000,102000000000.0,266000000000.0,70898000000.0,5686000000,3240000000,59531000000,13313000000,16066000000,-87876000000.0,-1
14-02-2019,42.42750168,42.81499863,42.34500122,42.70000076,41.05155563,87342800,21104.133,252.561,4.0,2.4,366000000000.0,131000000000.0,25913000000,102000000000.0,266000000000.0,70898000000.0,5686000000,3240000000,59531000000,13313000000,16066000000,-87876000000.0,1
15-02-2019,42.8125,42.92499924,42.4375,42.60499954,40.96022797,98507200,21104.133,252.561,4.0,2.4,366000000000.0,131000000000.0,25913000000,102000000000.0,266000000000.0,70898000000.0,5686000000,3240000000,59531000000,13313000000,16066000000,-87876000000.0,-1
19-02-2019,42.42750168,42.86000061,42.37250137,42.73249817,41.08280945,75891200,21104.133,252.561,4.0,2.4,366000000000.0,131000000000.0,25913000000,102000000000.0,266000000000.0,70898000000.0,5686000000,3240000000,59531000000,13313000000,16066000000,-87876000000.0,1
20-02-2019,42.79750061,43.33000183,42.74750137,43.00749969,41.34719086,104457600,21104.133,252.561,4.0,2.4,366000000000.0,131000000000.0,25913000000,102000000000.0,266000000000.0,70898000000.0,5686000000,3240000000,59531000000,13313000000,16066000000,-87876000000.0,1
21-02-2019,42.95000076,43.09249878,42.57500076,42.76499939,41.11405182,68998800,21104.133,252.561,4.0,2.4,366000000000.0,131000000000.0,25913000000,102000000000.0,266000000000.0,70898000000.0,5686000000,3240000000,59531000000,13313000000,16066000000,-87876000000.0,-1
22-02-2019,42.89500046,43.25,42.84500122,43.24250031,41.57312393,75652800,21104.133,252.561,4.0,2.4,366000000000.0,131000000000.0,25913000000,102000000000.0,266000000000.0,70898000000.0,5686000000,3240000000,59531000000,13313000000,16066000000,-87876000000.0,1
25-02-2019,43.54000092,43.96749878,43.48749924,43.55749893,41.87595749,87493600,21104.133,252.561,4.0,2.4,366000000000.0,131000000000.0,25913000000,102000000000.0,266000000000.0,70898000000.0,5686000000,3240000000,59531000000,13313000000,16066000000,-87876000000.0,1
26-02-2019,43.42750168,43.82500076,43.29249954,43.58250046,41.89999008,68280800,21104.133,252.561,4.0,2.4,366000000000.0,131000000000.0,25913000000,102000000000.0,266000000000.0,70898000000.0,5686000000,3240000000,59531000000,13313000000,16066000000,-87876000000.0,1
27-02-2019,43.30250168,43.75,43.18249893,43.71749878,42.02978134,111341600,21104.133,252.561,4.0,2.4,366000000000.0,131000000000.0,25913000000,102000000000.0,266000000000.0,70898000000.0,5686000000,3240000000,59531000000,13313000000,16066000000,-87876000000.0,1
28-02-2019,43.58000183,43.72750092,43.22999954,43.28749847,41.61638641,112861600,21104.133,252.561,4.0,2.4,366000000000.0,131000000000.0,25913000000,102000000000.0,266000000000.0,70898000000.0,5686000000,3240000000,59531000000,13313000000,16066000000,-87876000000.0,-1
01-03-2019,43.56999969,43.78749847,43.22249985,43.74250031,42.05381775,103544800,21104.133,252.561,4.0,2.4,366000000000.0,131000000000.0,25913000000,102000000000.0,266000000000.0,70898000000.0,5686000000,3240000000,59531000000,13313000000,16066000000,-87876000000.0,1
04-03-2019,43.92250061,44.4375,43.49250031,43.96250153,42.26533127,109744800,21104.133,252.561,4.0,2.4,366000000000.0,131000000000.0,25913000000,102000000000.0,266000000000.0,70898000000.0,5686000000,3240000000,59531000000,13313000000,16066000000,-87876000000.0,1
05-03-2019,43.98500061,44.0,43.63499832,43.88249969,42.18841171,78949600,21104.133,252.561,4.0,2.4,366000000000.0,131000000000.0,25913000000,102000000000.0,266000000000.0,70898000000.0,5686000000,3240000000,59531000000,13313000000,16066000000,-87876000000.0,-1
06-03-2019,43.66749954,43.87250137,43.48500061,43.63000107,41.94566345,83241600,21104.133,252.561,4.0,2.4,366000000000.0,131000000000.0,25913000000,102000000000.0,266000000000.0,70898000000.0,5686000000,3240000000,59531000000,13313000000,16066000000,-87876000000.0,-1
07-03-2019,43.46749878,43.61000061,43.00500107,43.125,41.46014786,99185600,21104.133,252.561,4.0,2.4,366000000000.0,131000000000.0,25913000000,102000000000.0,266000000000.0,70898000000.0,5686000000,3240000000,59531000000,13313000000,16066000000,-87876000000.0,-1
08-03-2019,42.58000183,43.26750183,42.375,43.22750092,41.55869675,95997600,21104.133,252.561,4.0,2.4,366000000000.0,131000000000.0,25913000000,102000000000.0,266000000000.0,70898000000.0,5686000000,3240000000,59531000000,13313000000,16066000000,-87876000000.0,1
11-03-2019,43.87250137,44.77999878,43.83750153,44.72499847,42.99838257,128044000,21104.133,252.561,4.0,2.4,366000000000.0,131000000000.0,25913000000,102000000000.0,266000000000.0,70898000000.0,5686000000,3240000000,59531000000,13313000000,16066000000,-87876000000.0,1
12-03-2019,45.0,45.66749954,44.84249878,45.22750092,43.48148727,129870400,21104.133,252.561,4.0,2.4,366000000000.0,131000000000.0,25913000000,102000000000.0,266000000000.0,70898000000.0,5686000000,3240000000,59531000000,13313000000,16066000000,-87876000000.0,1
13-03-2019,45.5625,45.82500076,45.22999954,45.42750168,43.67376709,124130000,21104.133,252.561,4.0,2.4,366000000000.0,131000000000.0,25913000000,102000000000.0,266000000000.0,70898000000.0,5686000000,3240000000,59531000000,13313000000,16066000000,-87876000000.0,-1
14-03-2019,45.97499847,46.02500153,45.63999939,45.93249893,44.15926743,94318000,21104.133,252.561,4.0,2.4,366000000000.0,131000000000.0,25913000000,102000000000.0,266000000000.0,70898000000.0,5686000000,3240000000,59531000000,13313000000,16066000000,-87876000000.0,-1
15-03-2019,46.21250153,46.83250046,45.93500137,46.52999878,44.73370361,156171600,21104.133,252.561,4.0,2.4,366000000000.0,131000000000.0,25913000000,102000000000.0,266000000000.0,70898000000.0,5686000000,3240000000,59531000000,13313000000,16066000000,-87876000000.0,1
18-03-2019,46.45000076,47.09749985,46.44749832,47.00500107,45.19036484,104879200,21104.133,252.561,4.0,2.4,366000000000.0,131000000000.0,25913000000,102000000000.0,266000000000.0,70898000000.0,5686000000,3240000000,59531000000,13313000000,16066000000,-87876000000.0,1
19-03-2019,47.08750153,47.24750137,46.47999954,46.63249969,44.8322525,126585600,21104.133,252.561,4.0,2.4,366000000000.0,131000000000.0,25913000000,102000000000.0,266000000000.0,70898000000.0,5686000000,3240000000,59531000000,13313000000,16066000000,-87876000000.0,-1
20-03-2019,46.55749893,47.37250137,46.18249893,47.04000092,45.22401047,124140800,21104.133,252.561,4.0,2.4,366000000000.0,131000000000.0,25913000000,102000000000.0,266000000000.0,70898000000.0,5686000000,3240000000,59531000000,13313000000,16066000000,-87876000000.0,1
21-03-2019,47.50500107,49.08250046,47.45249939,48.77249908,46.88963699,204136800,21104.133,252.561,4.0,2.4,366000000000.0,131000000000.0,25913000000,102000000000.0,266000000000.0,70898000000.0,5686000000,3240000000,59531000000,13313000000,16066000000,-87876000000.0,1
22-03-2019,48.83499908,49.42250061,47.69499969,47.76250076,45.91861725,169630800,21104.133,252.561,4.0,2.4,366000000000.0,131000000000.0,25913000000,102000000000.0,266000000000.0,70898000000.0,5686000000,3240000000,59531000000,13313000000,16066000000,-87876000000.0,-1
25-03-2019,47.87749863,47.99499893,46.65000153,47.18500137,45.36342239,175381200,21104.133,252.561,4.0,2.4,366000000000.0,131000000000.0,25913000000,102000000000.0,266000000000.0,70898000000.0,5686000000,3240000000,59531000000,13313000000,16066000000,-87876000000.0,-1
26-03-2019,47.91500092,48.22000122,46.14500046,46.69749832,44.89473343,199202000,21104.133,252.561,4.0,2.4,366000000000.0,131000000000.0,25913000000,102000000000.0,266000000000.0,70898000000.0,5686000000,3240000000,59531000000,13313000000,16066000000,-87876000000.0,-1
27-03-2019,47.1875,47.43999863,46.63750076,47.11750031,45.29852295,119393600,21104.133,252.561,4.0,2.4,366000000000.0,131000000000.0,25913000000,102000000000.0,266000000000.0,70898000000.0,5686000000,3240000000,59531000000,13313000000,16066000000,-87876000000.0,-1
28-03-2019,47.23749924,47.38999939,46.88249969,47.18000031,45.35860443,83121600,21104.133,252.561,4.0,2.4,366000000000.0,131000000000.0,25913000000,102000000000.0,266000000000.0,70898000000.0,5686000000,3240000000,59531000000,13313000000,16066000000,-87876000000.0,-1
29-03-2019,47.45750046,47.52000046,47.13499832,47.48749924,45.65423584,94256000,21104.133,252.561,4.0,2.4,366000000000.0,131000000000.0,25913000000,102000000000.0,266000000000.0,70898000000.0,5686000000,3240000000,59531000000,13313000000,16066000000,-87876000000.0,1
01-04-2019,47.90999985,47.91999817,47.09500122,47.81000137,45.9642868,111448000,21384.775,255.233,3.7,2.42,366000000000.0,131000000000.0,25913000000,102000000000.0,266000000000.0,70898000000.0,5686000000,3240000000,59531000000,13313000000,16066000000,-87876000000.0,-1
02-04-2019,47.77249908,48.61500168,47.76250076,48.50500107,46.63246155,91062800,21384.775,255.233,3.7,2.42,366000000000.0,131000000000.0,25913000000,102000000000.0,266000000000.0,70898000000.0,5686000000,3240000000,59531000000,13313000000,16066000000,-87876000000.0,1
03-04-2019,48.3125,49.125,48.28749847,48.83750153,46.95212555,93087200,21384.775,255.233,3.7,2.42,366000000000.0,131000000000.0,25913000000,102000000000.0,266000000000.0,70898000000.0,5686000000,3240000000,59531000000,13313000000,16066000000,-87876000000.0,1
04-04-2019,48.69749832,49.09249878,48.28499985,48.92250061,47.03384018,76457200,21384.775,255.233,3.7,2.42,366000000000.0,131000000000.0,25913000000,102000000000.0,266000000000.0,70898000000.0,5686000000,3240000000,59531000000,13313000000,16066000000,-87876000000.0,1
05-04-2019,49.11249924,49.27500153,48.98249817,49.25,47.34870148,74106400,21384.775,255.233,3.7,2.42,366000000000.0,131000000000.0,25913000000,102000000000.0,266000000000.0,70898000000.0,5686000000,3240000000,59531000000,13313000000,16066000000,-87876000000.0,1
08-04-2019,49.10499954,50.05749893,49.08499908,50.02500153,48.09378433,103526800,21384.775,255.233,3.7,2.42,366000000000.0,131000000000.0,25913000000,102000000000.0,266000000000.0,70898000000.0,5686000000,3240000000,59531000000,13313000000,16066000000,-87876000000.0,1
09-04-2019,50.08000183,50.71250153,49.80749893,49.875,47.94957733,143072800,21384.775,255.233,3.7,2.42,366000000000.0,131000000000.0,25913000000,102000000000.0,266000000000.0,70898000000.0,5686000000,3240000000,59531000000,13313000000,16066000000,-87876000000.0,-1
10-04-2019,49.66999817,50.18500137,49.54499817,50.15499878,48.21876526,86781200,21384.775,255.233,3.7,2.42,366000000000.0,131000000000.0,25913000000,102000000000.0,266000000000.0,70898000000.0,5686000000,3240000000,59531000000,13313000000,16066000000,-87876000000.0,1
11-04-2019,50.21250153,50.25,49.61000061,49.73749924,47.817379,83603200,21384.775,255.233,3.7,2.42,366000000000.0,131000000000.0,25913000000,102000000000.0,266000000000.0,70898000000.0,5686000000,3240000000,59531000000,13313000000,16066000000,-87876000000.0,-1
12-04-2019,49.79999924,50.03499985,49.05250168,49.71749878,47.79814911,111042800,21384.775,255.233,3.7,2.42,366000000000.0,131000000000.0,25913000000,102000000000.0,266000000000.0,70898000000.0,5686000000,3240000000,59531000000,13313000000,16066000000,-87876000000.0,-1
15-04-2019,49.64500046,49.96250153,49.50249863,49.80749893,47.88467407,70146400,21384.775,255.233,3.7,2.42,366000000000.0,131000000000.0,25913000000,102000000000.0,266000000000.0,70898000000.0,5686000000,3240000000,59531000000,13313000000,16066000000,-87876000000.0,1
16-04-2019,49.86500168,50.34249878,49.63999939,49.8125,47.88948441,102785600,21384.775,255.233,3.7,2.42,366000000000.0,131000000000.0,25913000000,102000000000.0,266000000000.0,70898000000.0,5686000000,3240000000,59531000000,13313000000,16066000000,-87876000000.0,-1
17-04-2019,49.88499832,50.84500122,49.65250015,50.78250122,48.82202911,115627200,21384.775,255.233,3.7,2.42,366000000000.0,131000000000.0,25913000000,102000000000.0,266000000000.0,70898000000.0,5686000000,3240000000,59531000000,13313000000,16066000000,-87876000000.0,1
18-04-2019,50.77999878,51.03749847,50.63000107,50.96500015,48.99748611,96783200,21384.775,255.233,3.7,2.42,366000000000.0,131000000000.0,25913000000,102000000000.0,266000000000.0,70898000000.0,5686000000,3240000000,59531000000,13313000000,16066000000,-87876000000.0,1
22-04-2019,50.70750046,51.23500061,50.58499908,51.13249969,49.15852737,77758000,21384.775,255.233,3.7,2.42,366000000000.0,131000000000.0,25913000000,102000000000.0,266000000000.0,70898000000.0,5686000000,3240000000,59531000000,13313000000,16066000000,-87876000000.0,1
23-04-2019,51.10749817,51.9375,50.97499847,51.86999893,49.8675499,93292000,21384.775,255.233,3.7,2.42,366000000000.0,131000000000.0,25913000000,102000000000.0,266000000000.0,70898000000.0,5686000000,3240000000,59531000000,13313000000,16066000000,-87876000000.0,1
24-04-2019,51.84000015,52.11999893,51.76250076,51.79000092,49.79064178,70162400,21384.775,255.233,3.7,2.42,366000000000.0,131000000000.0,25913000000,102000000000.0,266000000000.0,70898000000.0,5686000000,3240000000,59531000000,13313000000,16066000000,-87876000000.0,-1
25-04-2019,51.70750046,51.93999863,51.27999878,51.31999969,49.33878708,74172800,21384.775,255.233,3.7,2.42,366000000000.0,131000000000.0,25913000000,102000000000.0,266000000000.0,70898000000.0,5686000000,3240000000,59531000000,13313000000,16066000000,-87876000000.0,-1
26-04-2019,51.22499847,51.25,50.52999878,51.07500076,49.1032486,74596400,21384.775,255.233,3.7,2.42,366000000000.0,131000000000.0,25913000000,102000000000.0,266000000000.0,70898000000.0,5686000000,3240000000,59531000000,13313000000,16066000000,-87876000000.0,-1
29-04-2019,51.09999847,51.49250031,50.96500015,51.15250015,49.17775345,88818800,21384.775,255.233,3.7,2.42,366000000000.0,131000000000.0,25913000000,102000000000.0,266000000000.0,70898000000.0,5686000000,3240000000,59531000000,13313000000,16066000000,-87876000000.0,1
30-04-2019,50.76499939,50.84999847,49.77750015,50.16749954,48.2307663,186139600,21384.775,255.233,3.7,2.42,366000000000.0,131000000000.0,25913000000,102000000000.0,266000000000.0,70898000000.0,5686000000,3240000000,59531000000,13313000000,16066000000,-87876000000.0,-1
01-05-2019,52.47000122,53.82749939,52.30749893,52.63000107,50.5982132,259309200,21384.775,255.233,3.7,2.42,366000000000.0,131000000000.0,25913000000,102000000000.0,266000000000.0,70898000000.0,5686000000,3240000000,59531000000,13313000000,16066000000,-87876000000.0,1
02-05-2019,52.45999908,53.16249847,52.03250122,52.28749847,50.2689209,127985200,21384.775,255.233,3.7,2.42,366000000000.0,131000000000.0,25913000000,102000000000.0,266000000000.0,70898000000.0,5686000000,3240000000,59531000000,13313000000,16066000000,-87876000000.0,-1
03-05-2019,52.72249985,52.95999908,52.55749893,52.9375,50.89384079,83569600,21384.775,255.233,3.7,2.42,366000000000.0,131000000000.0,25913000000,102000000000.0,266000000000.0,70898000000.0,5686000000,3240000000,59531000000,13313000000,16066000000,-87876000000.0,1
06-05-2019,51.07249832,52.20999908,50.875,52.11999893,50.10790253,129772400,21384.775,255.233,3.7,2.42,366000000000.0,131000000000.0,25913000000,102000000000.0,266000000000.0,70898000000.0,5686000000,3240000000,59531000000,13313000000,16066000000,-87876000000.0,1
07-05-2019,51.47000122,51.85499954,50.20750046,50.71500015,48.75714493,155054800,21384.775,255.233,3.7,2.42,366000000000.0,131000000000.0,25913000000,102000000000.0,266000000000.0,70898000000.0,5686000000,3240000000,59531000000,13313000000,16066000000,-87876000000.0,-1
08-05-2019,50.47499847,51.33499908,50.4375,50.72499847,48.76676178,105358000,21384.775,255.233,3.7,2.42,366000000000.0,131000000000.0,25913000000,102000000000.0,266000000000.0,70898000000.0,5686000000,3240000000,59531000000,13313000000,16066000000,-87876000000.0,1
09-05-2019,50.09999847,50.41999817,49.16500092,50.18000031,48.24279404,139634400,21384.775,255.233,3.7,2.42,366000000000.0,131000000000.0,25913000000,102000000000.0,266000000000.0,70898000000.0,5686000000,3240000000,59531000000,13313000000,16066000000,-87876000000.0,1
10-05-2019,49.35499954,49.71250153,48.19250107,49.29499817,47.57447433,164834800,21384.775,255.233,3.7,2.42,366000000000.0,131000000000.0,25913000000,102000000000.0,266000000000.0,70898000000.0,5686000000,3240000000,59531000000,13313000000,16066000000,-87876000000.0,-1
13-05-2019,46.92750168,47.36999893,45.71250153,46.43000031,44.80945969,229722400,21384.775,255.233,3.7,2.42,366000000000.0,131000000000.0,25913000000,102000000000.0,266000000000.0,70898000000.0,5686000000,3240000000,59531000000,13313000000,16066000000,-87876000000.0,-1
14-05-2019,46.60250092,47.42499924,46.35250092,47.16500092,45.51881409,146118800,21384.775,255.233,3.7,2.42,366000000000.0,131000000000.0,25913000000,102000000000.0,266000000000.0,70898000000.0,5686000000,3240000000,59531000000,13313000000,16066000000,-87876000000.0,1
15-05-2019,46.56750107,47.9375,46.50500107,47.72999954,46.06409073,106178800,21384.775,255.233,3.7,2.42,366000000000.0,131000000000.0,25913000000,102000000000.0,266000000000.0,70898000000.0,5686000000,3240000000,59531000000,13313000000,16066000000,-87876000000.0,1
16-05-2019,47.47750092,48.11750031,47.20999908,47.52000046,45.86142349,132125600,21384.775,255.233,3.7,2.42,366000000000.0,131000000000.0,25913000000,102000000000.0,266000000000.0,70898000000.0,5686000000,3240000000,59531000000,13313000000,16066000000,-87876000000.0,1
17-05-2019,46.73249817,47.72499847,46.68999863,47.25,45.60084915,131516400,21384.775,255.233,3.7,2.42,366000000000.0,131000000000.0,25913000000,102000000000.0,266000000000.0,70898000000.0,5686000000,3240000000,59531000000,13313000000,16066000000,-87876000000.0,1
20-05-2019,45.88000107,46.08750153,45.06999969,45.77249908,44.17490768,154449200,21384.775,255.233,3.7,2.42,366000000000.0,131000000000.0,25913000000,102000000000.0,266000000000.0,70898000000.0,5686000000,3240000000,59531000000,13313000000,16066000000,-87876000000.0,-1
21-05-2019,46.30500031,47.0,46.17499924,46.65000153,45.02178574,113459200,21384.775,255.233,3.7,2.42,366000000000.0,131000000000.0,25913000000,102000000000.0,266000000000.0,70898000000.0,5686000000,3240000000,59531000000,13313000000,16066000000,-87876000000.0,1
22-05-2019,46.16500092,46.42750168,45.63750076,45.69499969,44.1001091,118994400,21384.775,255.233,3.7,2.42,366000000000.0,131000000000.0,25913000000,102000000000.0,266000000000.0,70898000000.0,5686000000,3240000000,59531000000,13313000000,16066000000,-87876000000.0,-1
23-05-2019,44.95000076,45.13499832,44.45249939,44.91500092,43.34734726,146118800,21384.775,255.233,3.7,2.42,366000000000.0,131000000000.0,25913000000,102000000000.0,266000000000.0,70898000000.0,5686000000,3240000000,59531000000,13313000000,16066000000,-87876000000.0,-1
24-05-2019,45.04999924,45.53499985,44.65499878,44.74250031,43.18087006,94858800,21384.775,255.233,3.7,2.42,366000000000.0,131000000000.0,25913000000,102000000000.0,266000000000.0,70898000000.0,5686000000,3240000000,59531000000,13313000000,16066000000,-87876000000.0,-1
28-05-2019,44.72999954,45.14749908,44.47750092,44.55749893,43.00231934,111792800,21384.775,255.233,3.7,2.42,366000000000.0,131000000000.0,25913000000,102000000000.0,266000000000.0,70898000000.0,5686000000,3240000000,59531000000,13313000000,16066000000,-87876000000.0,-1
29-05-2019,44.10499954,44.83750153,44.0,44.34500122,42.7972374,113924800,21384.775,255.233,3.7,2.42,366000000000.0,131000000000.0,25913000000,102000000000.0,266000000000.0,70898000000.0,5686000000,3240000000,59531000000,13313000000,16066000000,-87876000000.0,1
30-05-2019,44.48749924,44.80749893,44.16749954,44.57500076,43.01921844,84873600,21384.775,255.233,3.7,2.42,366000000000.0,131000000000.0,25913000000,102000000000.0,266000000000.0,70898000000.0,5686000000,3240000000,59531000000,13313000000,16066000000,-87876000000.0,1
31-05-2019,44.05749893,44.49750137,43.74750137,43.76750183,42.23989868,108174400,21384.775,255.233,3.7,2.42,366000000000.0,131000000000.0,25913000000,102000000000.0,266000000000.0,70898000000.0,5686000000,3240000000,59531000000,13313000000,16066000000,-87876000000.0,-1
03-06-2019,43.90000153,44.47999954,42.56750107,43.32500076,41.81283951,161584400,21384.775,255.233,3.7,2.42,366000000000.0,131000000000.0,25913000000,102000000000.0,266000000000.0,70898000000.0,5686000000,3240000000,59531000000,13313000000,16066000000,-87876000000.0,-1
04-06-2019,43.86000061,44.95750046,43.63000107,44.90999985,43.34252167,123872000,21384.775,255.233,3.7,2.42,366000000000.0,131000000000.0,25913000000,102000000000.0,266000000000.0,70898000000.0,5686000000,3240000000,59531000000,13313000000,16066000000,-87876000000.0,1
05-06-2019,46.06999969,46.24750137,45.28499985,45.63499832,44.04220581,119093600,21384.775,255.233,3.7,2.42,366000000000.0,131000000000.0,25913000000,102000000000.0,266000000000.0,70898000000.0,5686000000,3240000000,59531000000,13313000000,16066000000,-87876000000.0,-1
06-06-2019,45.77000046,46.36750031,45.53749847,46.30500031,44.6888237,90105200,21384.775,255.233,3.7,2.42,366000000000.0,131000000000.0,25913000000,102000000000.0,266000000000.0,70898000000.0,5686000000,3240000000,59531000000,13313000000,16066000000,-87876000000.0,1
07-06-2019,46.62749863,47.97999954,46.44250107,47.53749847,45.87831116,122737600,21384.775,255.233,3.7,2.42,366000000000.0,131000000000.0,25913000000,102000000000.0,266000000000.0,70898000000.0,5686000000,3240000000,59531000000,13313000000,16066000000,-87876000000.0,1
10-06-2019,47.95249939,48.84249878,47.90499878,48.14500046,46.46460724,104883600,21384.775,255.233,3.7,2.42,366000000000.0,131000000000.0,25913000000,102000000000.0,266000000000.0,70898000000.0,5686000000,3240000000,59531000000,13313000000,16066000000,-87876000000.0,1
11-06-2019,48.71500015,49.0,48.40000153,48.70249939,47.0026474,107731600,21384.775,255.233,3.7,2.42,366000000000.0,131000000000.0,25913000000,102000000000.0,266000000000.0,70898000000.0,5686000000,3240000000,59531000000,13313000000,16066000000,-87876000000.0,-1
12-06-2019,48.48749924,48.99250031,48.34749985,48.54750061,46.85305405,73012800,21384.775,255.233,3.7,2.42,366000000000.0,131000000000.0,25913000000,102000000000.0,266000000000.0,70898000000.0,5686000000,3240000000,59531000000,13313000000,16066000000,-87876000000.0,1
13-06-2019,48.67499924,49.19749832,48.40000153,48.53749847,46.84339523,86698400,21384.775,255.233,3.7,2.42,366000000000.0,131000000000.0,25913000000,102000000000.0,266000000000.0,70898000000.0,5686000000,3240000000,59531000000,13313000000,16066000000,-87876000000.0,-1
14-06-2019,47.88750076,48.39749908,47.57500076,48.18500137,46.50320816,75046000,21384.775,255.233,3.7,2.42,366000000000.0,131000000000.0,25913000000,102000000000.0,266000000000.0,70898000000.0,5686000000,3240000000,59531000000,13313000000,16066000000,-87876000000.0,1
17-06-2019,48.22499847,48.74000168,48.04249954,48.47249985,46.78067398,58676400,21384.775,255.233,3.7,2.42,366000000000.0,131000000000.0,25913000000,102000000000.0,266000000000.0,70898000000.0,5686000000,3240000000,59531000000,13313000000,16066000000,-87876000000.0,1
18-06-2019,49.01250076,50.07249832,48.80250168,49.61249924,47.88088608,106204000,21384.775,255.233,3.7,2.42,366000000000.0,131000000000.0,25913000000,102000000000.0,266000000000.0,70898000000.0,5686000000,3240000000,59531000000,13313000000,16066000000,-87876000000.0,1
19-06-2019,49.91999817,49.97000122,49.32749939,49.46749878,47.74094772,84496800,21384.775,255.233,3.7,2.42,366000000000.0,131000000000.0,25913000000,102000000000.0,266000000000.0,70898000000.0,5686000000,3240000000,59531000000,13313000000,16066000000,-87876000000.0,-1
20-06-2019,50.09249878,50.15250015,49.50749969,49.86500168,48.12456894,86056000,21384.775,255.233,3.7,2.42,366000000000.0,131000000000.0,25913000000,102000000000.0,266000000000.0,70898000000.0,5686000000,3240000000,59531000000,13313000000,16066000000,-87876000000.0,-1
21-06-2019,49.70000076,50.21250153,49.53749847,49.69499969,47.96051407,191202400,21384.775,255.233,3.7,2.42,366000000000.0,131000000000.0,25913000000,102000000000.0,266000000000.0,70898000000.0,5686000000,3240000000,59531000000,13313000000,16066000000,-87876000000.0,-1
24-06-2019,49.63499832,50.04000092,49.54249954,49.64500046,47.91225052,72881600,21384.775,255.233,3.7,2.42,366000000000.0,131000000000.0,25913000000,102000000000.0,266000000000.0,70898000000.0,5686000000,3240000000,59531000000,13313000000,16066000000,-87876000000.0,1
25-06-2019,49.60749817,49.81499863,48.82249832,48.89250183,47.1860199,84281200,21384.775,255.233,3.7,2.42,366000000000.0,131000000000.0,25913000000,102000000000.0,266000000000.0,70898000000.0,5686000000,3240000000,59531000000,13313000000,16066000000,-87876000000.0,-1
26-06-2019,49.44250107,50.24750137,49.33750153,49.95000076,48.206604,104270000,21384.775,255.233,3.7,2.42,366000000000.0,131000000000.0,25913000000,102000000000.0,266000000000.0,70898000000.0,5686000000,3240000000,59531000000,13313000000,16066000000,-87876000000.0,1
27-06-2019,50.07249832,50.39250183,49.89250183,49.93500137,48.19213104,83598800,21384.775,255.233,3.7,2.42,366000000000.0,131000000000.0,25913000000,102000000000.0,266000000000.0,70898000000.0,5686000000,3240000000,59531000000,13313000000,16066000000,-87876000000.0,-1
28-06-2019,49.66999817,49.875,49.26250076,49.47999954,47.7530098,124442400,21384.775,255.233,3.7,2.42,366000000000.0,131000000000.0,25913000000,102000000000.0,266000000000.0,70898000000.0,5686000000,3240000000,59531000000,13313000000,16066000000,-87876000000.0,-1
01-07-2019,50.79249954,51.12250137,50.16249847,50.38750076,48.62883759,109012000,21694.282,255.802,3.7,2.4,366000000000.0,131000000000.0,25913000000,102000000000.0,266000000000.0,70898000000.0,5686000000,3240000000,59531000000,13313000000,16066000000,-87876000000.0,-1
02-07-2019,50.35250092,50.78250122,50.34000015,50.68249893,48.9135437,67740800,21694.282,255.802,3.7,2.4,366000000000.0,131000000000.0,25913000000,102000000000.0,266000000000.0,70898000000.0,5686000000,3240000000,59531000000,13313000000,16066000000,-87876000000.0,1
03-07-2019,50.81999969,51.11000061,50.67250061,51.10250092,49.31887817,45448000,21694.282,255.802,3.7,2.4,366000000000.0,131000000000.0,25913000000,102000000000.0,266000000000.0,70898000000.0,5686000000,3240000000,59531000000,13313000000,16066000000,-87876000000.0,1
05-07-2019,50.83750153,51.27000046,50.72499847,51.05749893,49.27544403,69062000,21694.282,255.802,3.7,2.4,366000000000.0,131000000000.0,25913000000,102000000000.0,266000000000.0,70898000000.0,5686000000,3240000000,59531000000,13313000000,16066000000,-87876000000.0,1
08-07-2019,50.20249939,50.34999847,49.60250092,50.00500107,48.25968933,101354400,21694.282,255.802,3.7,2.4,366000000000.0,131000000000.0,25913000000,102000000000.0,266000000000.0,70898000000.0,5686000000,3240000000,59531000000,13313000000,16066000000,-87876000000.0,-1
09-07-2019,49.79999924,50.37749863,49.70249939,50.31000137,48.554039,82312000,21694.282,255.802,3.7,2.4,366000000000.0,131000000000.0,25913000000,102000000000.0,266000000000.0,70898000000.0,5686000000,3240000000,59531000000,13313000000,16066000000,-87876000000.0,1
10-07-2019,50.46250153,50.93249893,50.38999939,50.80749893,49.03417587,71588400,21694.282,255.802,3.7,2.4,366000000000.0,131000000000.0,25913000000,102000000000.0,266000000000.0,70898000000.0,5686000000,3240000000,59531000000,13313000000,16066000000,-87876000000.0,1
11-07-2019,50.82749939,51.09749985,50.42750168,50.4375,48.67709351,80767200,21694.282,255.802,3.7,2.4,366000000000.0,131000000000.0,25913000000,102000000000.0,266000000000.0,70898000000.0,5686000000,3240000000,59531000000,13313000000,16066000000,-87876000000.0,-1
12-07-2019,50.61249924,51.0,50.54999924,50.82500076,49.05106735,70380800,21694.282,255.802,3.7,2.4,366000000000.0,131000000000.0,25913000000,102000000000.0,266000000000.0,70898000000.0,5686000000,3240000000,59531000000,13313000000,16066000000,-87876000000.0,1
15-07-2019,51.02249908,51.46749878,51.0,51.30250168,49.51190567,67789600,21694.282,255.802,3.7,2.4,366000000000.0,131000000000.0,25913000000,102000000000.0,266000000000.0,70898000000.0,5686000000,3240000000,59531000000,13313000000,16066000000,-87876000000.0,1
16-07-2019,51.14749908,51.52750015,50.875,51.125,49.34059143,67467200,21694.282,255.802,3.7,2.4,366000000000.0,131000000000.0,25913000000,102000000000.0,266000000000.0,70898000000.0,5686000000,3240000000,59531000000,13313000000,16066000000,-87876000000.0,-1
17-07-2019,51.01250076,51.27249908,50.81750107,50.83750153,49.06312943,56430000,21694.282,255.802,3.7,2.4,366000000000.0,131000000000.0,25913000000,102000000000.0,266000000000.0,70898000000.0,5686000000,3240000000,59531000000,13313000000,16066000000,-87876000000.0,-1
18-07-2019,51.0,51.47000122,50.92499924,51.41500092,49.62047195,74162400,21694.282,255.802,3.7,2.4,366000000000.0,131000000000.0,25913000000,102000000000.0,266000000000.0,70898000000.0,5686000000,3240000000,59531000000,13313000000,16066000000,-87876000000.0,1
19-07-2019,51.44749832,51.625,50.59000015,50.64749908,48.87975693,83717200,21694.282,255.802,3.7,2.4,366000000000.0,131000000000.0,25913000000,102000000000.0,266000000000.0,70898000000.0,5686000000,3240000000,59531000000,13313000000,16066000000,-87876000000.0,-1
22-07-2019,50.91249847,51.80749893,50.90250015,51.80500031,49.99685669,89111600,21694.282,255.802,3.7,2.4,366000000000.0,131000000000.0,25913000000,102000000000.0,266000000000.0,70898000000.0,5686000000,3240000000,59531000000,13313000000,16066000000,-87876000000.0,1
23-07-2019,52.11500168,52.22750092,51.82249832,52.20999908,50.38773346,73420800,21694.282,255.802,3.7,2.4,366000000000.0,131000000000.0,25913000000,102000000000.0,266000000000.0,70898000000.0,5686000000,3240000000,59531000000,13313000000,16066000000,-87876000000.0,1
24-07-2019,51.91749954,52.28749847,51.79249954,52.16749954,50.34670639,59966400,21694.282,255.802,3.7,2.4,366000000000.0,131000000000.0,25913000000,102000000000.0,266000000000.0,70898000000.0,5686000000,3240000000,59531000000,13313000000,16066000000,-87876000000.0,1
25-07-2019,52.22249985,52.31000137,51.68249893,51.75500107,49.94860458,55638400,21694.282,255.802,3.7,2.4,366000000000.0,131000000000.0,25913000000,102000000000.0,266000000000.0,70898000000.0,5686000000,3240000000,59531000000,13313000000,16066000000,-87876000000.0,-1
26-07-2019,51.86999893,52.43249893,51.78499985,51.93500137,50.12232208,70475600,21694.282,255.802,3.7,2.4,366000000000.0,131000000000.0,25913000000,102000000000.0,266000000000.0,70898000000.0,5686000000,3240000000,59531000000,13313000000,16066000000,-87876000000.0,1
29-07-2019,52.11500168,52.65999985,52.11000061,52.41999817,50.59039307,86693600,21694.282,255.802,3.7,2.4,366000000000.0,131000000000.0,25913000000,102000000000.0,266000000000.0,70898000000.0,5686000000,3240000000,59531000000,13313000000,16066000000,-87876000000.0,1
30-07-2019,52.18999863,52.54000092,51.82749939,52.19499969,50.37324905,135742800,21694.282,255.802,3.7,2.4,366000000000.0,131000000000.0,25913000000,102000000000.0,266000000000.0,70898000000.0,5686000000,3240000000,59531000000,13313000000,16066000000,-87876000000.0,1
31-07-2019,54.10499954,55.34249878,52.82500076,53.25999832,51.40107727,277125600,21694.282,255.802,3.7,2.4,366000000000.0,131000000000.0,25913000000,102000000000.0,266000000000.0,70898000000.0,5686000000,3240000000,59531000000,13313000000,16066000000,-87876000000.0,-1
01-08-2019,53.47499847,54.50749969,51.68500137,52.10749817,50.28879929,216071600,21694.282,255.802,3.7,2.4,366000000000.0,131000000000.0,25913000000,102000000000.0,266000000000.0,70898000000.0,5686000000,3240000000,59531000000,13313000000,16066000000,-87876000000.0,-1
02-08-2019,51.38249969,51.60749817,50.40750122,51.00500107,49.22478867,163448400,21694.282,255.802,3.7,2.4,366000000000.0,131000000000.0,25913000000,102000000000.0,266000000000.0,70898000000.0,5686000000,3240000000,59531000000,13313000000,16066000000,-87876000000.0,-1
05-08-2019,49.49750137,49.66249847,48.14500046,48.33499908,46.64796829,209572000,21694.282,255.802,3.7,2.4,366000000000.0,131000000000.0,25913000000,102000000000.0,266000000000.0,70898000000.0,5686000000,3240000000,59531000000,13313000000,16066000000,-87876000000.0,-1
06-08-2019,49.07749939,49.51750183,48.50999832,49.25,47.53103638,143299200,21694.282,255.802,3.7,2.4,366000000000.0,131000000000.0,25913000000,102000000000.0,266000000000.0,70898000000.0,5686000000,3240000000,59531000000,13313000000,16066000000,-87876000000.0,1
07-08-2019,48.85250092,49.88999939,48.45500183,49.75999832,48.02323914,133457600,21694.282,255.802,3.7,2.4,366000000000.0,131000000000.0,25913000000,102000000000.0,266000000000.0,70898000000.0,5686000000,3240000000,59531000000,13313000000,16066000000,-87876000000.0,1
08-08-2019,50.04999924,50.88249969,49.84749985,50.85749817,49.08243179,108038000,21694.282,255.802,3.7,2.4,366000000000.0,131000000000.0,25913000000,102000000000.0,266000000000.0,70898000000.0,5686000000,3240000000,59531000000,13313000000,16066000000,-87876000000.0,1
09-08-2019,50.32500076,50.68999863,49.82249832,50.24750137,48.67796326,98478800,21694.282,255.802,3.7,2.4,366000000000.0,131000000000.0,25913000000,102000000000.0,266000000000.0,70898000000.0,5686000000,3240000000,59531000000,13313000000,16066000000,-87876000000.0,-1
12-08-2019,49.90499878,50.51250076,49.78749847,50.11999893,48.55445099,89927600,21694.282,255.802,3.7,2.4,366000000000.0,131000000000.0,25913000000,102000000000.0,266000000000.0,70898000000.0,5686000000,3240000000,59531000000,13313000000,16066000000,-87876000000.0,1
13-08-2019,50.25500107,53.03499985,50.11999893,52.24250031,50.61065674,188874000,21694.282,255.802,3.7,2.4,366000000000.0,131000000000.0,25913000000,102000000000.0,266000000000.0,70898000000.0,5686000000,3240000000,59531000000,13313000000,16066000000,-87876000000.0,1
14-08-2019,50.79000092,51.61000061,50.64749908,50.6875,49.10421753,146189600,21694.282,255.802,3.7,2.4,366000000000.0,131000000000.0,25913000000,102000000000.0,266000000000.0,70898000000.0,5686000000,3240000000,59531000000,13313000000,16066000000,-87876000000.0,-1
15-08-2019,50.86500168,51.28499985,49.91749954,50.43500137,48.85961533,108909600,21694.282,255.802,3.7,2.4,366000000000.0,131000000000.0,25913000000,102000000000.0,266000000000.0,70898000000.0,5686000000,3240000000,59531000000,13313000000,16066000000,-87876000000.0,-1
16-08-2019,51.06999969,51.79000092,50.95999908,51.625,50.01244736,110481600,21694.282,255.802,3.7,2.4,366000000000.0,131000000000.0,25913000000,102000000000.0,266000000000.0,70898000000.0,5686000000,3240000000,59531000000,13313000000,16066000000,-87876000000.0,1
19-08-2019,52.65499878,53.18249893,52.50749969,52.58750153,50.94487762,97654400,21694.282,255.802,3.7,2.4,366000000000.0,131000000000.0,25913000000,102000000000.0,266000000000.0,70898000000.0,5686000000,3240000000,59531000000,13313000000,16066000000,-87876000000.0,-1
20-08-2019,52.72000122,53.33750153,52.58000183,52.59000015,50.94729996,107537200,21694.282,255.802,3.7,2.4,366000000000.0,131000000000.0,25913000000,102000000000.0,266000000000.0,70898000000.0,5686000000,3240000000,59531000000,13313000000,16066000000,-87876000000.0,-1
21-08-2019,53.24750137,53.41249847,52.90000153,53.15999985,51.49949646,86141600,21694.282,255.802,3.7,2.4,366000000000.0,131000000000.0,25913000000,102000000000.0,266000000000.0,70898000000.0,5686000000,3240000000,59531000000,13313000000,16066000000,-87876000000.0,-1
22-08-2019,53.29750061,53.61000061,52.6875,53.11500168,51.4559021,89014800,21694.282,255.802,3.7,2.4,366000000000.0,131000000000.0,25913000000,102000000000.0,266000000000.0,70898000000.0,5686000000,3240000000,59531000000,13313000000,16066000000,-87876000000.0,-1
23-08-2019,52.35749817,53.01250076,50.25,50.65999985,49.07759476,187272000,21694.282,255.802,3.7,2.4,366000000000.0,131000000000.0,25913000000,102000000000.0,266000000000.0,70898000000.0,5686000000,3240000000,59531000000,13313000000,16066000000,-87876000000.0,-1
26-08-2019,51.46500015,51.79750061,51.26499939,51.62250137,50.01002502,104174400,21694.282,255.802,3.7,2.4,366000000000.0,131000000000.0,25913000000,102000000000.0,266000000000.0,70898000000.0,5686000000,3240000000,59531000000,13313000000,16066000000,-87876000000.0,1
27-08-2019,51.96500015,52.13750076,50.88249969,51.04000092,49.44572449,103493200,21694.282,255.802,3.7,2.4,366000000000.0,131000000000.0,25913000000,102000000000.0,266000000000.0,70898000000.0,5686000000,3240000000,59531000000,13313000000,16066000000,-87876000000.0,-1
28-08-2019,51.02500153,51.43000031,50.83000183,51.38249969,49.77752304,63755200,21694.282,255.802,3.7,2.4,366000000000.0,131000000000.0,25913000000,102000000000.0,266000000000.0,70898000000.0,5686000000,3240000000,59531000000,13313000000,16066000000,-87876000000.0,1
29-08-2019,52.125,52.33000183,51.66500092,52.25249863,50.62034225,83962000,21694.282,255.802,3.7,2.4,366000000000.0,131000000000.0,25913000000,102000000000.0,266000000000.0,70898000000.0,5686000000,3240000000,59531000000,13313000000,16066000000,-87876000000.0,1
30-08-2019,52.54000092,52.61249924,51.79999924,52.18500137,50.55495834,84573600,21694.282,255.802,3.7,2.4,366000000000.0,131000000000.0,25913000000,102000000000.0,266000000000.0,70898000000.0,5686000000,3240000000,59531000000,13313000000,16066000000,-87876000000.0,-1
03-09-2019,51.60749817,51.74499893,51.05500031,51.42499924,49.81869125,80092000,21694.282,255.802,3.7,2.4,366000000000.0,131000000000.0,25913000000,102000000000.0,266000000000.0,70898000000.0,5686000000,3240000000,59531000000,13313000000,16066000000,-87876000000.0,-1
04-09-2019,52.09749985,52.36999893,51.83000183,52.29750061,50.66393661,76752400,21694.282,255.802,3.7,2.4,366000000000.0,131000000000.0,25913000000,102000000000.0,266000000000.0,70898000000.0,5686000000,3240000000,59531000000,13313000000,16066000000,-87876000000.0,1
05-09-2019,53.0,53.49250031,52.87749863,53.31999969,51.65449905,95654800,21694.282,255.802,3.7,2.4,366000000000.0,131000000000.0,25913000000,102000000000.0,266000000000.0,70898000000.0,5686000000,3240000000,59531000000,13313000000,16066000000,-87876000000.0,1
06-09-2019,53.51250076,53.60499954,53.12749863,53.31499863,51.6496582,77449200,21694.282,255.802,3.7,2.4,366000000000.0,131000000000.0,25913000000,102000000000.0,266000000000.0,70898000000.0,5686000000,3240000000,59531000000,13313000000,16066000000,-87876000000.0,-1
09-09-2019,53.70999908,54.11000061,52.76750183,53.54249954,51.87005234,109237600,21694.282,255.802,3.7,2.4,366000000000.0,131000000000.0,25913000000,102000000000.0,266000000000.0,70898000000.0,5686000000,3240000000,59531000000,13313000000,16066000000,-87876000000.0,-1
10-09-2019,53.46500015,54.19499969,52.92750168,54.17499924,52.48279572,127111600,21694.282,255.802,3.7,2.4,366000000000.0,131000000000.0,25913000000,102000000000.0,266000000000.0,70898000000.0,5686000000,3240000000,59531000000,13313000000,16066000000,-87876000000.0,1
11-09-2019,54.51750183,55.92750168,54.43249893,55.89749908,54.15149307,177158400,21694.282,255.802,3.7,2.4,366000000000.0,131000000000.0,25913000000,102000000000.0,266000000000.0,70898000000.0,5686000000,3240000000,59531000000,13313000000,16066000000,-87876000000.0,1
12-09-2019,56.20000076,56.60499954,55.71500015,55.77249908,54.03038788,128906800,21694.282,255.802,3.7,2.4,366000000000.0,131000000000.0,25913000000,102000000000.0,266000000000.0,70898000000.0,5686000000,3240000000,59531000000,13313000000,16066000000,-87876000000.0,-1
13-09-2019,55.0,55.19749832,54.25500107,54.6875,52.97928619,159053200,21694.282,255.802,3.7,2.4,366000000000.0,131000000000.0,25913000000,102000000000.0,266000000000.0,70898000000.0,5686000000,3240000000,59531000000,13313000000,16066000000,-87876000000.0,-1
16-09-2019,54.43249893,55.03250122,54.38999939,54.97499847,53.25780487,84632400,21694.282,255.802,3.7,2.4,366000000000.0,131000000000.0,25913000000,102000000000.0,266000000000.0,70898000000.0,5686000000,3240000000,59531000000,13313000000,16066000000,-87876000000.0,1
17-09-2019,54.99000168,55.20500183,54.77999878,55.17499924,53.45155334,73274800,21694.282,255.802,3.7,2.4,366000000000.0,131000000000.0,25913000000,102000000000.0,266000000000.0,70898000000.0,5686000000,3240000000,59531000000,13313000000,16066000000,-87876000000.0,1
18-09-2019,55.26499939,55.71250153,54.86000061,55.69250107,53.9528923,101360000,21694.282,255.802,3.7,2.4,366000000000.0,131000000000.0,25913000000,102000000000.0,266000000000.0,70898000000.0,5686000000,3240000000,59531000000,13313000000,16066000000,-87876000000.0,1
19-09-2019,55.50249863,55.93999863,55.09249878,55.24000168,53.51453018,88242400,21694.282,255.802,3.7,2.4,366000000000.0,131000000000.0,25913000000,102000000000.0,266000000000.0,70898000000.0,5686000000,3240000000,59531000000,13313000000,16066000000,-87876000000.0,-1
20-09-2019,55.34500122,55.63999939,54.36750031,54.43249893,52.73225784,221652400,21694.282,255.802,3.7,2.4,366000000000.0,131000000000.0,25913000000,102000000000.0,266000000000.0,70898000000.0,5686000000,3240000000,59531000000,13313000000,16066000000,-87876000000.0,-1
23-09-2019,54.73749924,54.95999908,54.41249847,54.68000031,52.97201538,76662000,21694.282,255.802,3.7,2.4,366000000000.0,131000000000.0,25913000000,102000000000.0,266000000000.0,70898000000.0,5686000000,3240000000,59531000000,13313000000,16066000000,-87876000000.0,-1
24-09-2019,55.25749969,55.62250137,54.29750061,54.41999817,52.72013092,124763200,21694.282,255.802,3.7,2.4,366000000000.0,131000000000.0,25913000000,102000000000.0,266000000000.0,70898000000.0,5686000000,3240000000,59531000000,13313000000,16066000000,-87876000000.0,-1
25-09-2019,54.63750076,55.375,54.28499985,55.25749969,53.5314827,87613600,21694.282,255.802,3.7,2.4,366000000000.0,131000000000.0,25913000000,102000000000.0,266000000000.0,70898000000.0,5686000000,3240000000,59531000000,13313000000,16066000000,-87876000000.0,1
26-09-2019,55.0,55.23500061,54.70750046,54.97249985,53.25537872,75334000,21694.282,255.802,3.7,2.4,366000000000.0,131000000000.0,25913000000,102000000000.0,266000000000.0,70898000000.0,5686000000,3240000000,59531000000,13313000000,16066000000,-87876000000.0,-1
27-09-2019,55.13499832,55.24000168,54.31999969,54.70500183,52.99623489,101408000,21694.282,255.802,3.7,2.4,366000000000.0,131000000000.0,25913000000,102000000000.0,266000000000.0,70898000000.0,5686000000,3240000000,59531000000,13313000000,16066000000,-87876000000.0,-1
30-09-2019,55.22499847,56.14500046,55.19749832,55.99250031,54.24352264,103909600,21694.282,255.802,3.7,2.4,339000000000.0,163000000000.0,48844000000,98392000000.0,257000000000.0,63930000000.0,4961000000,3576000000,55256000000,10495000000,45896000000,-90976000000.0,1
01-10-2019,56.26750183,57.05500031,56.04999924,56.14749908,54.39367294,139223200,21902.39,257.155,3.6,1.83,339000000000.0,163000000000.0,48844000000,98392000000.0,257000000000.0,63930000000.0,4961000000,3576000000,55256000000,10495000000,45896000000,-90976000000.0,-1
02-10-2019,55.76499939,55.89500046,54.48249817,54.74000168,53.03013992,138449200,21902.39,257.155,3.6,1.83,339000000000.0,163000000000.0,48844000000,98392000000.0,257000000000.0,63930000000.0,4961000000,3576000000,55256000000,10495000000,45896000000,-90976000000.0,-1
03-10-2019,54.60749817,55.24000168,53.78250122,55.20500183,53.48061752,114426000,21902.39,257.155,3.6,1.83,339000000000.0,163000000000.0,48844000000,98392000000.0,257000000000.0,63930000000.0,4961000000,3576000000,55256000000,10495000000,45896000000,-90976000000.0,1
04-10-2019,56.40999985,56.87250137,55.97249985,56.75249863,54.97977829,138478800,21902.39,257.155,3.6,1.83,339000000000.0,163000000000.0,48844000000,98392000000.0,257000000000.0,63930000000.0,4961000000,3576000000,55256000000,10495000000,45896000000,-90976000000.0,1
07-10-2019,56.56750107,57.48249817,56.45999908,56.76499939,54.99188995,122306000,21902.39,257.155,3.6,1.83,339000000000.0,163000000000.0,48844000000,98392000000.0,257000000000.0,63930000000.0,4961000000,3576000000,55256000000,10495000000,45896000000,-90976000000.0,1
08-10-2019,56.45500183,57.01499939,56.08250046,56.09999847,54.34766388,111820000,21902.39,257.155,3.6,1.83,339000000000.0,163000000000.0,48844000000,98392000000.0,257000000000.0,63930000000.0,4961000000,3576000000,55256000000,10495000000,45896000000,-90976000000.0,-1
09-10-2019,56.75749969,56.94749832,56.40999985,56.75749969,54.98462677,74770400,21902.39,257.155,3.6,1.83,339000000000.0,163000000000.0,48844000000,98392000000.0,257000000000.0,63930000000.0,4961000000,3576000000,55256000000,10495000000,45896000000,-90976000000.0,0
10-10-2019,56.98249817,57.61000061,56.82500076,57.52249908,55.72572327,113013600,21902.39,257.155,3.6,1.83,339000000000.0,163000000000.0,48844000000,98392000000.0,257000000000.0,63930000000.0,4961000000,3576000000,55256000000,10495000000,45896000000,-90976000000.0,1
11-10-2019,58.23749924,59.40999985,58.07749939,59.05250168,57.20793533,166795600,21902.39,257.155,3.6,1.83,339000000000.0,163000000000.0,48844000000,98392000000.0,257000000000.0,63930000000.0,4961000000,3576000000,55256000000,10495000000,45896000000,-90976000000.0,1
14-10-2019,58.72499847,59.53250122,58.66749954,58.96749878,57.12559891,96427600,21902.39,257.155,3.6,1.83,339000000000.0,163000000000.0,48844000000,98392000000.0,257000000000.0,63930000000.0,4961000000,3576000000,55256000000,10495000000,45896000000,-90976000000.0,1
15-10-2019,59.09749985,59.41249847,58.72000122,58.83000183,56.99239731,87360000,21902.39,257.155,3.6,1.83,339000000000.0,163000000000.0,48844000000,98392000000.0,257000000000.0,63930000000.0,4961000000,3576000000,55256000000,10495000000,45896000000,-90976000000.0,-1
16-10-2019,58.34249878,58.81000137,58.29999924,58.59249878,56.76230621,73903200,21902.39,257.155,3.6,1.83,339000000000.0,163000000000.0,48844000000,98392000000.0,257000000000.0,63930000000.0,4961000000,3576000000,55256000000,10495000000,45896000000,-90976000000.0,1
17-10-2019,58.77249908,59.03749847,58.38000107,58.81999969,56.98270416,67585200,21902.39,257.155,3.6,1.83,339000000000.0,163000000000.0,48844000000,98392000000.0,257000000000.0,63930000000.0,4961000000,3576000000,55256000000,10495000000,45896000000,-90976000000.0,1
18-10-2019,58.64749908,59.39500046,58.57249832,59.10250092,57.25637054,97433600,21902.39,257.155,3.6,1.83,339000000000.0,163000000000.0,48844000000,98392000000.0,257000000000.0,63930000000.0,4961000000,3576000000,55256000000,10495000000,45896000000,-90976000000.0,1
21-10-2019,59.38000107,60.24750137,59.33000183,60.12749863,58.24935532,87247200,21902.39,257.155,3.6,1.83,339000000000.0,163000000000.0,48844000000,98392000000.0,257000000000.0,63930000000.0,4961000000,3576000000,55256000000,10495000000,45896000000,-90976000000.0,1
22-10-2019,60.29000092,60.54999924,59.90499878,59.99000168,58.11615753,82293600,21902.39,257.155,3.6,1.83,339000000000.0,163000000000.0,48844000000,98392000000.0,257000000000.0,63930000000.0,4961000000,3576000000,55256000000,10495000000,45896000000,-90976000000.0,-1
23-10-2019,60.52500153,60.81000137,60.30500031,60.79499817,58.89600754,75828800,21902.39,257.155,3.6,1.83,339000000000.0,163000000000.0,48844000000,98392000000.0,257000000000.0,63930000000.0,4961000000,3576000000,55256000000,10495000000,45896000000,-90976000000.0,1
24-10-2019,61.12749863,61.20000076,60.45249939,60.89500046,58.99287796,69275200,21902.39,257.155,3.6,1.83,339000000000.0,163000000000.0,48844000000,98392000000.0,257000000000.0,63930000000.0,4961000000,3576000000,55256000000,10495000000,45896000000,-90976000000.0,-1
25-10-2019,60.79000092,61.68249893,60.72000122,61.64500046,59.71945572,73477200,21902.39,257.155,3.6,1.83,339000000000.0,163000000000.0,48844000000,98392000000.0,257000000000.0,63930000000.0,4961000000,3576000000,55256000000,10495000000,45896000000,-90976000000.0,1
28-10-2019,61.85499954,62.3125,61.68000031,62.26250076,60.31767273,96572800,21902.39,257.155,3.6,1.83,339000000000.0,163000000000.0,48844000000,98392000000.0,257000000000.0,63930000000.0,4961000000,3576000000,55256000000,10495000000,45896000000,-90976000000.0,1
29-10-2019,62.24250031,62.4375,60.64250183,60.82249832,58.9226532,142839600,21902.39,257.155,3.6,1.83,339000000000.0,163000000000.0,48844000000,98392000000.0,257000000000.0,63930000000.0,4961000000,3576000000,55256000000,10495000000,45896000000,-90976000000.0,-1
30-10-2019,61.18999863,61.32500076,60.30250168,60.81499863,58.91537476,124522000,21902.39,257.155,3.6,1.83,339000000000.0,163000000000.0,48844000000,98392000000.0,257000000000.0,63930000000.0,4961000000,3576000000,55256000000,10495000000,45896000000,-90976000000.0,-1
31-10-2019,61.81000137,62.29249954,59.31499863,62.18999863,60.24743271,139162000,21902.39,257.155,3.6,1.83,339000000000.0,163000000000.0,48844000000,98392000000.0,257000000000.0,63930000000.0,4961000000,3576000000,55256000000,10495000000,45896000000,-90976000000.0,1
01-11-2019,62.38499832,63.98249817,62.29000092,63.95500183,61.95730209,151125200,21902.39,257.155,3.6,1.83,339000000000.0,163000000000.0,48844000000,98392000000.0,257000000000.0,63930000000.0,4961000000,3576000000,55256000000,10495000000,45896000000,-90976000000.0,1
04-11-2019,64.33249664,64.46250153,63.84500122,64.375,62.36418915,103272000,21902.39,257.155,3.6,1.83,339000000000.0,163000000000.0,48844000000,98392000000.0,257000000000.0,63930000000.0,4961000000,3576000000,55256000000,10495000000,45896000000,-90976000000.0,1
05-11-2019,64.26249695,64.54750061,64.08000183,64.28250122,62.27457047,79897600,21902.39,257.155,3.6,1.83,339000000000.0,163000000000.0,48844000000,98392000000.0,257000000000.0,63930000000.0,4961000000,3576000000,55256000000,10495000000,45896000000,-90976000000.0,1
06-11-2019,64.19249725,64.37249756,63.84249878,64.30999756,62.30121613,75864400,21902.39,257.155,3.6,1.83,339000000000.0,163000000000.0,48844000000,98392000000.0,257000000000.0,63930000000.0,4961000000,3576000000,55256000000,10495000000,45896000000,-90976000000.0,1
07-11-2019,64.68499756,65.08750153,64.52749634,64.85749817,63.02024841,94940400,21902.39,257.155,3.6,1.83,339000000000.0,163000000000.0,48844000000,98392000000.0,257000000000.0,63930000000.0,4961000000,3576000000,55256000000,10495000000,45896000000,-90976000000.0,1
08-11-2019,64.67250061,65.11000061,64.21250153,65.03500366,63.19274139,69986400,21902.39,257.155,3.6,1.83,339000000000.0,163000000000.0,48844000000,98392000000.0,257000000000.0,63930000000.0,4961000000,3576000000,55256000000,10495000000,45896000000,-90976000000.0,1
11-11-2019,64.57499695,65.61750031,64.56999969,65.55000305,63.69314194,81821200,21902.39,257.155,3.6,1.83,339000000000.0,163000000000.0,48844000000,98392000000.0,257000000000.0,63930000000.0,4961000000,3576000000,55256000000,10495000000,45896000000,-90976000000.0,1
12-11-2019,65.38749695,65.69750214,65.23000336,65.48999786,63.63481522,87388800,21902.39,257.155,3.6,1.83,339000000000.0,163000000000.0,48844000000,98392000000.0,257000000000.0,63930000000.0,4961000000,3576000000,55256000000,10495000000,45896000000,-90976000000.0,1
13-11-2019,65.28250122,66.19499969,65.26750183,66.11750031,64.24456024,102734400,21902.39,257.155,3.6,1.83,339000000000.0,163000000000.0,48844000000,98392000000.0,257000000000.0,63930000000.0,4961000000,3576000000,55256000000,10495000000,45896000000,-90976000000.0,1
14-11-2019,65.9375,66.22000122,65.52500153,65.66000366,63.8000145,89182800,21902.39,257.155,3.6,1.83,339000000000.0,163000000000.0,48844000000,98392000000.0,257000000000.0,63930000000.0,4961000000,3576000000,55256000000,10495000000,45896000000,-90976000000.0,-1
15-11-2019,65.91999817,66.44499969,65.75250244,66.44000244,64.55792999,100206400,21902.39,257.155,3.6,1.83,339000000000.0,163000000000.0,48844000000,98392000000.0,257000000000.0,63930000000.0,4961000000,3576000000,55256000000,10495000000,45896000000,-90976000000.0,1
18-11-2019,66.44999695,66.85749817,66.05750275,66.77500153,64.88344574,86703200,21902.39,257.155,3.6,1.83,339000000000.0,163000000000.0,48844000000,98392000000.0,257000000000.0,63930000000.0,4961000000,3576000000,55256000000,10495000000,45896000000,-90976000000.0,1
19-11-2019,66.97499847,67.0,66.34750366,66.57250214,64.68666077,76167200,21902.39,257.155,3.6,1.83,339000000000.0,163000000000.0,48844000000,98392000000.0,257000000000.0,63930000000.0,4961000000,3576000000,55256000000,10495000000,45896000000,-90976000000.0,-1
20-11-2019,66.38500214,66.51999664,65.09999847,65.79750061,63.9336319,106234400,21902.39,257.155,3.6,1.83,339000000000.0,163000000000.0,48844000000,98392000000.0,257000000000.0,63930000000.0,4961000000,3576000000,55256000000,10495000000,45896000000,-90976000000.0,-1
21-11-2019,65.92250061,66.00250244,65.29499817,65.50250244,63.6469841,121395200,21902.39,257.155,3.6,1.83,339000000000.0,163000000000.0,48844000000,98392000000.0,257000000000.0,63930000000.0,4961000000,3576000000,55256000000,10495000000,45896000000,-90976000000.0,-1
22-11-2019,65.64749908,65.79499817,65.20999908,65.44499969,63.59111023,65325200,21902.39,257.155,3.6,1.83,339000000000.0,163000000000.0,48844000000,98392000000.0,257000000000.0,63930000000.0,4961000000,3576000000,55256000000,10495000000,45896000000,-90976000000.0,-1
25-11-2019,65.67749786,66.61000061,65.62999725,66.59249878,64.70610809,84020400,21902.39,257.155,3.6,1.83,339000000000.0,163000000000.0,48844000000,98392000000.0,257000000000.0,63930000000.0,4961000000,3576000000,55256000000,10495000000,45896000000,-90976000000.0,1
26-11-2019,66.73500061,66.79000092,65.625,66.07250214,64.20082855,105207600,21902.39,257.155,3.6,1.83,339000000000.0,163000000000.0,48844000000,98392000000.0,257000000000.0,63930000000.0,4961000000,3576000000,55256000000,10495000000,45896000000,-90976000000.0,-1
27-11-2019,66.39499664,66.99500275,66.32749939,66.95999908,65.06319427,65235600,21902.39,257.155,3.6,1.83,339000000000.0,163000000000.0,48844000000,98392000000.0,257000000000.0,63930000000.0,4961000000,3576000000,55256000000,10495000000,45896000000,-90976000000.0,1
29-11-2019,66.65000153,67.0,66.47499847,66.8125,64.91986847,46617600,21902.39,257.155,3.6,1.83,339000000000.0,163000000000.0,48844000000,98392000000.0,257000000000.0,63930000000.0,4961000000,3576000000,55256000000,10495000000,45896000000,-90976000000.0,1
02-12-2019,66.81749725,67.0625,65.86250305,66.04000092,64.16925812,94487200,21902.39,257.155,3.6,1.83,339000000000.0,163000000000.0,48844000000,98392000000.0,257000000000.0,63930000000.0,4961000000,3576000000,55256000000,10495000000,45896000000,-90976000000.0,-1
03-12-2019,64.57749939,64.88249969,64.07250214,64.86250305,63.02511597,114430400,21902.39,257.155,3.6,1.83,339000000000.0,163000000000.0,48844000000,98392000000.0,257000000000.0,63930000000.0,4961000000,3576000000,55256000000,10495000000,45896000000,-90976000000.0,1
04-12-2019,65.26750183,65.82749939,65.16999817,65.43499756,63.58138657,67181600,21902.39,257.155,3.6,1.83,339000000000.0,163000000000.0,48844000000,98392000000.0,257000000000.0,63930000000.0,4961000000,3576000000,55256000000,10495000000,45896000000,-90976000000.0,1
05-12-2019,65.94750214,66.47250366,65.68250275,66.39499664,64.51416779,74424400,21902.39,257.155,3.6,1.83,339000000000.0,163000000000.0,48844000000,98392000000.0,257000000000.0,63930000000.0,4961000000,3576000000,55256000000,10495000000,45896000000,-90976000000.0,1
06-12-2019,66.87000275,67.75,66.82499695,67.67749786,65.76036835,106075600,21902.39,257.155,3.6,1.83,339000000000.0,163000000000.0,48844000000,98392000000.0,257000000000.0,63930000000.0,4961000000,3576000000,55256000000,10495000000,45896000000,-90976000000.0,1
09-12-2019,67.5,67.69999695,66.22750092,66.73000336,64.83970642,128042400,21902.39,257.155,3.6,1.83,339000000000.0,163000000000.0,48844000000,98392000000.0,257000000000.0,63930000000.0,4961000000,3576000000,55256000000,10495000000,45896000000,-90976000000.0,-1
10-12-2019,67.15000153,67.51750183,66.46499634,67.12000275,65.21866608,90420400,21902.39,257.155,3.6,1.83,339000000000.0,163000000000.0,48844000000,98392000000.0,257000000000.0,63930000000.0,4961000000,3576000000,55256000000,10495000000,45896000000,-90976000000.0,-1
11-12-2019,67.20249939,67.77500153,67.125,67.69249725,65.77494049,78756800,21902.39,257.155,3.6,1.83,339000000000.0,163000000000.0,48844000000,98392000000.0,257000000000.0,63930000000.0,4961000000,3576000000,55256000000,10495000000,45896000000,-90976000000.0,1
12-12-2019,66.94499969,68.13999939,66.83000183,67.86499786,65.94255066,137310400,21902.39,257.155,3.6,1.83,339000000000.0,163000000000.0,48844000000,98392000000.0,257000000000.0,63930000000.0,4961000000,3576000000,55256000000,10495000000,45896000000,-90976000000.0,1
13-12-2019,67.86499786,68.82499695,67.73249817,68.78749847,66.83889771,133587600,21902.39,257.155,3.6,1.83,339000000000.0,163000000000.0,48844000000,98392000000.0,257000000000.0,63930000000.0,4961000000,3576000000,55256000000,10495000000,45896000000,-90976000000.0,1
16-12-2019,69.25,70.19750214,69.24500275,69.96499634,67.98307037,128186000,21902.39,257.155,3.6,1.83,339000000000.0,163000000000.0,48844000000,98392000000.0,257000000000.0,63930000000.0,4961000000,3576000000,55256000000,10495000000,45896000000,-90976000000.0,1
17-12-2019,69.89250183,70.44249725,69.69999695,70.10250092,68.11667633,114158400,21902.39,257.155,3.6,1.83,339000000000.0,163000000000.0,48844000000,98392000000.0,257000000000.0,63930000000.0,4961000000,3576000000,55256000000,10495000000,45896000000,-90976000000.0,1
18-12-2019,69.94999695,70.47499847,69.77999878,69.93499756,67.95391846,116028400,21902.39,257.155,3.6,1.83,339000000000.0,163000000000.0,48844000000,98392000000.0,257000000000.0,63930000000.0,4961000000,3576000000,55256000000,10495000000,45896000000,-90976000000.0,-1
19-12-2019,69.875,70.29499817,69.73750305,70.00499725,68.02193451,98369200,21902.39,257.155,3.6,1.83,339000000000.0,163000000000.0,48844000000,98392000000.0,257000000000.0,63930000000.0,4961000000,3576000000,55256000000,10495000000,45896000000,-90976000000.0,1
20-12-2019,70.55750275,70.66249847,69.63999939,69.86000061,67.88106537,275978000,21902.39,257.155,3.6,1.83,339000000000.0,163000000000.0,48844000000,98392000000.0,257000000000.0,63930000000.0,4961000000,3576000000,55256000000,10495000000,45896000000,-90976000000.0,-1
23-12-2019,70.13249969,71.0625,70.09249878,71.0,68.98874664,98572000,21902.39,257.155,3.6,1.83,339000000000.0,163000000000.0,48844000000,98392000000.0,257000000000.0,63930000000.0,4961000000,3576000000,55256000000,10495000000,45896000000,-90976000000.0,1
24-12-2019,71.17250061,71.22250366,70.73000336,71.06749725,69.05434418,48478800,21902.39,257.155,3.6,1.83,339000000000.0,163000000000.0,48844000000,98392000000.0,257000000000.0,63930000000.0,4961000000,3576000000,55256000000,10495000000,45896000000,-90976000000.0,-1
26-12-2019,71.20500183,72.49500275,71.17500305,72.47750092,70.42440033,93121200,21902.39,257.155,3.6,1.83,339000000000.0,163000000000.0,48844000000,98392000000.0,257000000000.0,63930000000.0,4961000000,3576000000,55256000000,10495000000,45896000000,-90976000000.0,1
27-12-2019,72.77999878,73.49250031,72.02999878,72.44999695,70.39765167,146266000,21902.39,257.155,3.6,1.83,339000000000.0,163000000000.0,48844000000,98392000000.0,257000000000.0,63930000000.0,4961000000,3576000000,55256000000,10495000000,45896000000,-90976000000.0,-1
30-12-2019,72.36499786,73.17250061,71.30500031,72.87999725,70.81549072,144114400,21902.39,257.155,3.6,1.83,339000000000.0,163000000000.0,48844000000,98392000000.0,257000000000.0,63930000000.0,4961000000,3576000000,55256000000,10495000000,45896000000,-90976000000.0,1
31-12-2019,72.48249817,73.41999817,72.37999725,73.41249847,71.33291626,100805600,21902.39,257.155,3.6,1.83,339000000000.0,163000000000.0,48844000000,98392000000.0,257000000000.0,63930000000.0,4961000000,3576000000,55256000000,10495000000,45896000000,-90976000000.0,1
02-01-2020,74.05999756,75.15000153,73.79750061,75.08750153,72.96045685,135480400,21706.513,258.906,3.6,1.55,339000000000.0,163000000000.0,48844000000,98392000000.0,257000000000.0,63930000000.0,4961000000,3576000000,55256000000,10495000000,45896000000,-90976000000.0,1
03-01-2020,74.28749847,75.14499664,74.125,74.35749817,72.25112915,146322800,21706.513,258.906,3.6,1.55,339000000000.0,163000000000.0,48844000000,98392000000.0,257000000000.0,63930000000.0,4961000000,3576000000,55256000000,10495000000,45896000000,-90976000000.0,1
06-01-2020,73.44750214,74.98999786,73.1875,74.94999695,72.82685852,118387200,21706.513,258.906,3.6,1.55,339000000000.0,163000000000.0,48844000000,98392000000.0,257000000000.0,63930000000.0,4961000000,3576000000,55256000000,10495000000,45896000000,-90976000000.0,1
07-01-2020,74.95999908,75.22499847,74.37000275,74.59750366,72.48434448,108872000,21706.513,258.906,3.6,1.55,339000000000.0,163000000000.0,48844000000,98392000000.0,257000000000.0,63930000000.0,4961000000,3576000000,55256000000,10495000000,45896000000,-90976000000.0,-1
08-01-2020,74.29000092,76.11000061,74.29000092,75.79750061,73.65035248,132079200,21706.513,258.906,3.6,1.55,339000000000.0,163000000000.0,48844000000,98392000000.0,257000000000.0,63930000000.0,4961000000,3576000000,55256000000,10495000000,45896000000,-90976000000.0,1
09-01-2020,76.80999756,77.60749817,76.55000305,77.40750122,75.21474457,170108400,21706.513,258.906,3.6,1.55,339000000000.0,163000000000.0,48844000000,98392000000.0,257000000000.0,63930000000.0,4961000000,3576000000,55256000000,10495000000,45896000000,-90976000000.0,1
10-01-2020,77.65000153,78.16750336,77.0625,77.58249664,75.38477325,140644800,21706.513,258.906,3.6,1.55,339000000000.0,163000000000.0,48844000000,98392000000.0,257000000000.0,63930000000.0,4961000000,3576000000,55256000000,10495000000,45896000000,-90976000000.0,-1
13-01-2020,77.91000366,79.26750183,77.78749847,79.23999786,76.99533844,121532000,21706.513,258.906,3.6,1.55,339000000000.0,163000000000.0,48844000000,98392000000.0,257000000000.0,63930000000.0,4961000000,3576000000,55256000000,10495000000,45896000000,-90976000000.0,1
14-01-2020,79.17500305,79.39250183,78.04250336,78.16999817,75.9556427,161954400,21706.513,258.906,3.6,1.55,339000000000.0,163000000000.0,48844000000,98392000000.0,257000000000.0,63930000000.0,4961000000,3576000000,55256000000,10495000000,45896000000,-90976000000.0,-1
15-01-2020,77.96250153,78.875,77.38749695,77.83499908,75.63013458,121923600,21706.513,258.906,3.6,1.55,339000000000.0,163000000000.0,48844000000,98392000000.0,257000000000.0,63930000000.0,4961000000,3576000000,55256000000,10495000000,45896000000,-90976000000.0,-1
16-01-2020,78.39749908,78.92500305,78.02249908,78.80999756,76.57750702,108829200,21706.513,258.906,3.6,1.55,339000000000.0,163000000000.0,48844000000,98392000000.0,257000000000.0,63930000000.0,4961000000,3576000000,55256000000,10495000000,45896000000,-90976000000.0,1
17-01-2020,79.06749725,79.68499756,78.75,79.68250275,77.42529297,137816400,21706.513,258.906,3.6,1.55,339000000000.0,163000000000.0,48844000000,98392000000.0,257000000000.0,63930000000.0,4961000000,3576000000,55256000000,10495000000,45896000000,-90976000000.0,1
21-01-2020,79.29750061,79.75499725,79.0,79.14250183,76.90058899,110843200,21706.513,258.906,3.6,1.55,339000000000.0,163000000000.0,48844000000,98392000000.0,257000000000.0,63930000000.0,4961000000,3576000000,55256000000,10495000000,45896000000,-90976000000.0,-1
22-01-2020,79.64499664,79.99749756,79.32749939,79.42500305,77.17508698,101832400,21706.513,258.906,3.6,1.55,339000000000.0,163000000000.0,48844000000,98392000000.0,257000000000.0,63930000000.0,4961000000,3576000000,55256000000,10495000000,45896000000,-90976000000.0,-1
23-01-2020,79.48000336,79.88999939,78.91249847,79.80750275,77.5467453,104472000,21706.513,258.906,3.6,1.55,339000000000.0,163000000000.0,48844000000,98392000000.0,257000000000.0,63930000000.0,4961000000,3576000000,55256000000,10495000000,45896000000,-90976000000.0,1
24-01-2020,80.0625,80.83249664,79.37999725,79.57749939,77.32326508,146537600,21706.513,258.906,3.6,1.55,339000000000.0,163000000000.0,48844000000,98392000000.0,257000000000.0,63930000000.0,4961000000,3576000000,55256000000,10495000000,45896000000,-90976000000.0,-1
27-01-2020,77.51499939,77.94249725,76.22000122,77.23750305,75.04956055,161940000,21706.513,258.906,3.6,1.55,339000000000.0,163000000000.0,48844000000,98392000000.0,257000000000.0,63930000000.0,4961000000,3576000000,55256000000,10495000000,45896000000,-90976000000.0,-1
28-01-2020,78.15000153,79.59999847,78.04750061,79.42250061,77.17267609,162234000,21706.513,258.906,3.6,1.55,339000000000.0,163000000000.0,48844000000,98392000000.0,257000000000.0,63930000000.0,4961000000,3576000000,55256000000,10495000000,45896000000,-90976000000.0,1
29-01-2020,81.11250305,81.96250153,80.34500122,81.08499908,78.78805542,216229200,21706.513,258.906,3.6,1.55,339000000000.0,163000000000.0,48844000000,98392000000.0,257000000000.0,63930000000.0,4961000000,3576000000,55256000000,10495000000,45896000000,-90976000000.0,-1
30-01-2020,80.13500214,81.02249908,79.6875,80.96749878,78.67390442,126743200,21706.513,258.906,3.6,1.55,339000000000.0,163000000000.0,48844000000,98392000000.0,257000000000.0,63930000000.0,4961000000,3576000000,55256000000,10495000000,45896000000,-90976000000.0,1
31-01-2020,80.23249817,80.66999817,77.07250214,77.37750244,75.18560028,199588400,21706.513,258.906,3.6,1.55,339000000000.0,163000000000.0,48844000000,98392000000.0,257000000000.0,63930000000.0,4961000000,3576000000,55256000000,10495000000,45896000000,-90976000000.0,-1
03-02-2020,76.07499695,78.37249756,75.55500031,77.16500092,74.97910309,173788400,21706.513,258.906,3.6,1.55,339000000000.0,163000000000.0,48844000000,98392000000.0,257000000000.0,63930000000.0,4961000000,3576000000,55256000000,10495000000,45896000000,-90976000000.0,1
04-02-2020,78.82749939,79.91000366,78.40750122,79.71250153,77.45443726,136616400,21706.513,258.906,3.6,1.55,339000000000.0,163000000000.0,48844000000,98392000000.0,257000000000.0,63930000000.0,4961000000,3576000000,55256000000,10495000000,45896000000,-90976000000.0,1
05-02-2020,80.87999725,81.19000244,79.73750305,80.36250305,78.08605194,118826800,21706.513,258.906,3.6,1.55,339000000000.0,163000000000.0,48844000000,98392000000.0,257000000000.0,63930000000.0,4961000000,3576000000,55256000000,10495000000,45896000000,-90976000000.0,-1
06-02-2020,80.64250183,81.30500031,80.06500244,81.30249786,78.99942017,105425600,21706.513,258.906,3.6,1.55,339000000000.0,163000000000.0,48844000000,98392000000.0,257000000000.0,63930000000.0,4961000000,3576000000,55256000000,10495000000,45896000000,-90976000000.0,1
07-02-2020,80.59249878,80.84999847,79.5,80.00749969,77.92560577,117684000,21706.513,258.906,3.6,1.55,339000000000.0,163000000000.0,48844000000,98392000000.0,257000000000.0,63930000000.0,4961000000,3576000000,55256000000,10495000000,45896000000,-90976000000.0,-1
10-02-2020,78.54499817,80.38749695,78.46250153,80.38749695,78.2957077,109348800,21706.513,258.906,3.6,1.55,339000000000.0,163000000000.0,48844000000,98392000000.0,257000000000.0,63930000000.0,4961000000,3576000000,55256000000,10495000000,45896000000,-90976000000.0,1
11-02-2020,80.90000153,80.97499847,79.67749786,79.90249634,77.82332611,94323200,21706.513,258.906,3.6,1.55,339000000000.0,163000000000.0,48844000000,98392000000.0,257000000000.0,63930000000.0,4961000000,3576000000,55256000000,10495000000,45896000000,-90976000000.0,-1
12-02-2020,80.36750031,81.80500031,80.36750031,81.80000305,79.67144775,113730400,21706.513,258.906,3.6,1.55,339000000000.0,163000000000.0,48844000000,98392000000.0,257000000000.0,63930000000.0,4961000000,3576000000,55256000000,10495000000,45896000000,-90976000000.0,1
13-02-2020,81.04750061,81.55500031,80.83750153,81.21749878,79.10411835,94747600,21706.513,258.906,3.6,1.55,339000000000.0,163000000000.0,48844000000,98392000000.0,257000000000.0,63930000000.0,4961000000,3576000000,55256000000,10495000000,45896000000,-90976000000.0,1
14-02-2020,81.18499756,81.49500275,80.71250153,81.23750305,79.12358093,80113600,21706.513,258.906,3.6,1.55,339000000000.0,163000000000.0,48844000000,98392000000.0,257000000000.0,63930000000.0,4961000000,3576000000,55256000000,10495000000,45896000000,-90976000000.0,1
18-02-2020,78.83999634,79.9375,78.65249634,79.75,77.67478943,152531200,21706.513,258.906,3.6,1.55,339000000000.0,163000000000.0,48844000000,98392000000.0,257000000000.0,63930000000.0,4961000000,3576000000,55256000000,10495000000,45896000000,-90976000000.0,1
19-02-2020,80.0,81.14250183,80.0,80.90499878,78.79975128,93984000,21706.513,258.906,3.6,1.55,339000000000.0,163000000000.0,48844000000,98392000000.0,257000000000.0,63930000000.0,4961000000,3576000000,55256000000,10495000000,45896000000,-90976000000.0,1
20-02-2020,80.65750122,81.16249847,79.55249786,80.07499695,77.99133301,100566000,21706.513,258.906,3.6,1.55,339000000000.0,163000000000.0,48844000000,98392000000.0,257000000000.0,63930000000.0,4961000000,3576000000,55256000000,10495000000,45896000000,-90976000000.0,-1
21-02-2020,79.65499878,80.11250305,77.625,78.26249695,76.2259903,129554000,21706.513,258.906,3.6,1.55,339000000000.0,163000000000.0,48844000000,98392000000.0,257000000000.0,63930000000.0,4961000000,3576000000,55256000000,10495000000,45896000000,-90976000000.0,-1
24-02-2020,74.31500244,76.04499817,72.30750275,74.54499817,72.60523987,222195200,21706.513,258.906,3.6,1.55,339000000000.0,163000000000.0,48844000000,98392000000.0,257000000000.0,63930000000.0,4961000000,3576000000,55256000000,10495000000,45896000000,-90976000000.0,1
25-02-2020,75.23750305,75.63249969,71.53250122,72.01999664,70.14594269,230673600,21706.513,258.906,3.6,1.55,339000000000.0,163000000000.0,48844000000,98392000000.0,257000000000.0,63930000000.0,4961000000,3576000000,55256000000,10495000000,45896000000,-90976000000.0,-1
26-02-2020,71.63249969,74.47000122,71.625,73.16249847,71.2587204,198054800,21706.513,258.906,3.6,1.55,339000000000.0,163000000000.0,48844000000,98392000000.0,257000000000.0,63930000000.0,4961000000,3576000000,55256000000,10495000000,45896000000,-90976000000.0,1
27-02-2020,70.27500153,71.5,68.23999786,68.37999725,66.60066223,320605600,21706.513,258.906,3.6,1.55,339000000000.0,163000000000.0,48844000000,98392000000.0,257000000000.0,63930000000.0,4961000000,3576000000,55256000000,10495000000,45896000000,-90976000000.0,-1
28-02-2020,64.31500244,69.60250092,64.09249878,68.33999634,66.56169128,426510000,21706.513,258.906,3.6,1.55,339000000000.0,163000000000.0,48844000000,98392000000.0,257000000000.0,63930000000.0,4961000000,3576000000,55256000000,10495000000,45896000000,-90976000000.0,1
02-03-2020,70.56999969,75.36000061,69.43000031,74.70249939,72.7586441,341397200,21706.513,258.906,3.6,1.55,339000000000.0,163000000000.0,48844000000,98392000000.0,257000000000.0,63930000000.0,4961000000,3576000000,55256000000,10495000000,45896000000,-90976000000.0,1
03-03-2020,75.91750336,76.0,71.44999695,72.33000183,70.44787598,319475600,21706.513,258.906,3.6,1.55,339000000000.0,163000000000.0,48844000000,98392000000.0,257000000000.0,63930000000.0,4961000000,3576000000,55256000000,10495000000,45896000000,-90976000000.0,-1
04-03-2020,74.11000061,75.84999847,73.28250122,75.68499756,73.7155838,219178400,21706.513,258.906,3.6,1.55,339000000000.0,163000000000.0,48844000000,98392000000.0,257000000000.0,63930000000.0,4961000000,3576000000,55256000000,10495000000,45896000000,-90976000000.0,1
05-03-2020,73.87999725,74.88749695,72.85250092,73.23000336,71.32445526,187572800,21706.513,258.906,3.6,1.55,339000000000.0,163000000000.0,48844000000,98392000000.0,257000000000.0,63930000000.0,4961000000,3576000000,55256000000,10495000000,45896000000,-90976000000.0,-1
06-03-2020,70.5,72.70500183,70.30750275,72.25749969,70.37727356,226176800,21706.513,258.906,3.6,1.55,339000000000.0,163000000000.0,48844000000,98392000000.0,257000000000.0,63930000000.0,4961000000,3576000000,55256000000,10495000000,45896000000,-90976000000.0,1
09-03-2020,65.9375,69.52249908,65.75,66.54250336,64.81098175,286744800,21706.513,258.906,3.6,1.55,339000000000.0,163000000000.0,48844000000,98392000000.0,257000000000.0,63930000000.0,4961000000,3576000000,55256000000,10495000000,45896000000,-90976000000.0,1
10-03-2020,69.28500366,71.61000061,67.34249878,71.33499908,69.4787674,285290000,21706.513,258.906,3.6,1.55,339000000000.0,163000000000.0,48844000000,98392000000.0,257000000000.0,63930000000.0,4961000000,3576000000,55256000000,10495000000,45896000000,-90976000000.0,1
11-03-2020,69.34750366,70.30500031,67.96499634,68.85749817,67.06573486,255598800,21706.513,258.906,3.6,1.55,339000000000.0,163000000000.0,48844000000,98392000000.0,257000000000.0,63930000000.0,4961000000,3576000000,55256000000,10495000000,45896000000,-90976000000.0,-1
12-03-2020,63.98500061,67.5,62.0,62.05749893,60.44267654,418474000,21706.513,258.906,3.6,1.55,339000000000.0,163000000000.0,48844000000,98392000000.0,257000000000.0,63930000000.0,4961000000,3576000000,55256000000,10495000000,45896000000,-90976000000.0,-1
13-03-2020,66.22250366,69.98000336,63.23749924,69.49250031,67.6842041,370732000,21706.513,258.906,3.6,1.55,339000000000.0,163000000000.0,48844000000,98392000000.0,257000000000.0,63930000000.0,4961000000,3576000000,55256000000,10495000000,45896000000,-90976000000.0,1
16-03-2020,60.48749924,64.76999664,60.0,60.55250168,58.97684097,322423600,21706.513,258.906,3.6,1.55,339000000000.0,163000000000.0,48844000000,98392000000.0,257000000000.0,63930000000.0,4961000000,3576000000,55256000000,10495000000,45896000000,-90976000000.0,1
17-03-2020,61.87749863,64.40249634,59.59999847,63.21500015,61.57006454,324056000,21706.513,258.906,3.6,1.55,339000000000.0,163000000000.0,48844000000,98392000000.0,257000000000.0,63930000000.0,4961000000,3576000000,55256000000,10495000000,45896000000,-90976000000.0,1
18-03-2020,59.94250107,62.5,59.27999878,61.66749954,60.06282806,300233600,21706.513,258.906,3.6,1.55,339000000000.0,163000000000.0,48844000000,98392000000.0,257000000000.0,63930000000.0,4961000000,3576000000,55256000000,10495000000,45896000000,-90976000000.0,1
19-03-2020,61.84749985,63.20999908,60.65250015,61.19499969,59.60262299,271857200,21706.513,258.906,3.6,1.55,339000000000.0,163000000000.0,48844000000,98392000000.0,257000000000.0,63930000000.0,4961000000,3576000000,55256000000,10495000000,45896000000,-90976000000.0,-1
20-03-2020,61.79499817,62.95750046,57.0,57.31000137,55.81871796,401693200,21706.513,258.906,3.6,1.55,339000000000.0,163000000000.0,48844000000,98392000000.0,257000000000.0,63930000000.0,4961000000,3576000000,55256000000,10495000000,45896000000,-90976000000.0,-1
23-03-2020,57.02000046,57.125,53.15250015,56.09249878,54.63289642,336752800,21706.513,258.906,3.6,1.55,339000000000.0,163000000000.0,48844000000,98392000000.0,257000000000.0,63930000000.0,4961000000,3576000000,55256000000,10495000000,45896000000,-90976000000.0,-1
24-03-2020,59.09000015,61.92250061,58.57500076,61.72000122,60.11396408,287531200,21706.513,258.906,3.6,1.55,339000000000.0,163000000000.0,48844000000,98392000000.0,257000000000.0,63930000000.0,4961000000,3576000000,55256000000,10495000000,45896000000,-90976000000.0,1
25-03-2020,62.6875,64.5625,61.07500076,61.38000107,59.78281403,303602000,21706.513,258.906,3.6,1.55,339000000000.0,163000000000.0,48844000000,98392000000.0,257000000000.0,63930000000.0,4961000000,3576000000,55256000000,10495000000,45896000000,-90976000000.0,-1
26-03-2020,61.63000107,64.66999817,61.59000015,64.61000061,62.9287529,252087200,21706.513,258.906,3.6,1.55,339000000000.0,163000000000.0,48844000000,98392000000.0,257000000000.0,63930000000.0,4961000000,3576000000,55256000000,10495000000,45896000000,-90976000000.0,1
27-03-2020,63.1875,63.96749878,61.76250076,61.93500137,60.32336426,204216800,21706.513,258.906,3.6,1.55,339000000000.0,163000000000.0,48844000000,98392000000.0,257000000000.0,63930000000.0,4961000000,3576000000,55256000000,10495000000,45896000000,-90976000000.0,-1
30-03-2020,62.68500137,63.88000107,62.34999847,63.70249939,62.04487228,167976400,21706.513,258.906,3.6,1.55,339000000000.0,163000000000.0,48844000000,98392000000.0,257000000000.0,63930000000.0,4961000000,3576000000,55256000000,10495000000,45896000000,-90976000000.0,1
31-03-2020,63.90000153,65.62249756,63.0,63.57249832,61.91825867,197002000,21706.513,258.906,3.6,1.55,339000000000.0,163000000000.0,48844000000,98392000000.0,257000000000.0,63930000000.0,4961000000,3576000000,55256000000,10495000000,45896000000,-90976000000.0,-1
01-04-2020,61.625,62.18000031,59.78250122,60.22750092,58.66029358,176218400,19913.143,256.126,14.8,0.05,339000000000.0,163000000000.0,48844000000,98392000000.0,257000000000.0,63930000000.0,4961000000,3576000000,55256000000,10495000000,45896000000,-90976000000.0,-1
02-04-2020,60.08499908,61.28749847,59.22499847,61.23249817,59.6391449,165934000,19913.143,256.126,14.8,0.05,339000000000.0,163000000000.0,48844000000,98392000000.0,257000000000.0,63930000000.0,4961000000,3576000000,55256000000,10495000000,45896000000,-90976000000.0,1
03-04-2020,60.70000076,61.42499924,59.74250031,60.35250092,58.78204346,129880000,19913.143,256.126,14.8,0.05,339000000000.0,163000000000.0,48844000000,98392000000.0,257000000000.0,63930000000.0,4961000000,3576000000,55256000000,10495000000,45896000000,-90976000000.0,-1
06-04-2020,62.72499847,65.77749634,62.34500122,65.61750031,63.91004181,201820400,19913.143,256.126,14.8,0.05,339000000000.0,163000000000.0,48844000000,98392000000.0,257000000000.0,63930000000.0,4961000000,3576000000,55256000000,10495000000,45896000000,-90976000000.0,1
07-04-2020,67.69999695,67.92500305,64.75,64.85749817,63.16981506,202887200,19913.143,256.126,14.8,0.05,339000000000.0,163000000000.0,48844000000,98392000000.0,257000000000.0,63930000000.0,4961000000,3576000000,55256000000,10495000000,45896000000,-90976000000.0,-1
08-04-2020,65.68499756,66.84249878,65.30750275,66.51750183,64.78662872,168895200,19913.143,256.126,14.8,0.05,339000000000.0,163000000000.0,48844000000,98392000000.0,257000000000.0,63930000000.0,4961000000,3576000000,55256000000,10495000000,45896000000,-90976000000.0,1
09-04-2020,67.17500305,67.51750183,66.17500305,66.99749756,65.25413513,161834800,19913.143,256.126,14.8,0.05,339000000000.0,163000000000.0,48844000000,98392000000.0,257000000000.0,63930000000.0,4961000000,3576000000,55256000000,10495000000,45896000000,-90976000000.0,-1
13-04-2020,67.07749939,68.42500305,66.45749664,68.3125,66.53491211,131022800,19913.143,256.126,14.8,0.05,339000000000.0,163000000000.0,48844000000,98392000000.0,257000000000.0,63930000000.0,4961000000,3576000000,55256000000,10495000000,45896000000,-90976000000.0,1
14-04-2020,70.0,72.0625,69.51249695,71.76249695,69.89514923,194994800,19913.143,256.126,14.8,0.05,339000000000.0,163000000000.0,48844000000,98392000000.0,257000000000.0,63930000000.0,4961000000,3576000000,55256000000,10495000000,45896000000,-90976000000.0,1
15-04-2020,70.59999847,71.58249664,70.15750122,71.10749817,69.25717926,131154400,19913.143,256.126,14.8,0.05,339000000000.0,163000000000.0,48844000000,98392000000.0,257000000000.0,63930000000.0,4961000000,3576000000,55256000000,10495000000,45896000000,-90976000000.0,1
16-04-2020,71.84500122,72.05000305,70.58750153,71.67250061,69.80749512,157125200,19913.143,256.126,14.8,0.05,339000000000.0,163000000000.0,48844000000,98392000000.0,257000000000.0,63930000000.0,4961000000,3576000000,55256000000,10495000000,45896000000,-90976000000.0,-1
17-04-2020,71.17250061,71.73750305,69.21499634,70.69999695,68.8602829,215250000,19913.143,256.126,14.8,0.05,339000000000.0,163000000000.0,48844000000,98392000000.0,257000000000.0,63930000000.0,4961000000,3576000000,55256000000,10495000000,45896000000,-90976000000.0,-1
20-04-2020,69.48750305,70.41999817,69.21250153,69.23249817,67.43096924,130015200,19913.143,256.126,14.8,0.05,339000000000.0,163000000000.0,48844000000,98392000000.0,257000000000.0,63930000000.0,4961000000,3576000000,55256000000,10495000000,45896000000,-90976000000.0,-1
21-04-2020,69.06999969,69.3125,66.35749817,67.09249878,65.34667969,180991600,19913.143,256.126,14.8,0.05,339000000000.0,163000000000.0,48844000000,98392000000.0,257000000000.0,63930000000.0,4961000000,3576000000,55256000000,10495000000,45896000000,-90976000000.0,-1
22-04-2020,68.40249634,69.47499847,68.05000305,69.02500153,67.22886658,116862400,19913.143,256.126,14.8,0.05,339000000000.0,163000000000.0,48844000000,98392000000.0,257000000000.0,63930000000.0,4961000000,3576000000,55256000000,10495000000,45896000000,-90976000000.0,1
23-04-2020,68.96749878,70.4375,68.71749878,68.75749969,66.96834564,124814400,19913.143,256.126,14.8,0.05,339000000000.0,163000000000.0,48844000000,98392000000.0,257000000000.0,63930000000.0,4961000000,3576000000,55256000000,10495000000,45896000000,-90976000000.0,-1
24-04-2020,69.30000305,70.75250244,69.25,70.74250031,68.90168762,126161200,19913.143,256.126,14.8,0.05,339000000000.0,163000000000.0,48844000000,98392000000.0,257000000000.0,63930000000.0,4961000000,3576000000,55256000000,10495000000,45896000000,-90976000000.0,1
27-04-2020,70.44999695,71.13500214,69.98750305,70.79250336,68.95038605,117087600,19913.143,256.126,14.8,0.05,339000000000.0,163000000000.0,48844000000,98392000000.0,257000000000.0,63930000000.0,4961000000,3576000000,55256000000,10495000000,45896000000,-90976000000.0,1
28-04-2020,71.26999664,71.45749664,69.55000305,69.64499664,67.83274841,112004800,19913.143,256.126,14.8,0.05,339000000000.0,163000000000.0,48844000000,98392000000.0,257000000000.0,63930000000.0,4961000000,3576000000,55256000000,10495000000,45896000000,-90976000000.0,-1
29-04-2020,71.18250275,72.41750336,70.97250366,71.93250275,70.06071472,137280800,19913.143,256.126,14.8,0.05,339000000000.0,163000000000.0,48844000000,98392000000.0,257000000000.0,63930000000.0,4961000000,3576000000,55256000000,10495000000,45896000000,-90976000000.0,1
30-04-2020,72.48999786,73.63249969,72.08750153,73.44999695,71.53873444,183064000,19913.143,256.126,14.8,0.05,339000000000.0,163000000000.0,48844000000,98392000000.0,257000000000.0,63930000000.0,4961000000,3576000000,55256000000,10495000000,45896000000,-90976000000.0,1
01-05-2020,71.5625,74.75,71.46250153,72.26750183,70.3870163,240616800,19913.143,256.126,14.8,0.05,339000000000.0,163000000000.0,48844000000,98392000000.0,257000000000.0,63930000000.0,4961000000,3576000000,55256000000,10495000000,45896000000,-90976000000.0,1
04-05-2020,72.29250336,73.42250061,71.58000183,73.29000092,71.38288879,133568000,19913.143,256.126,14.8,0.05,339000000000.0,163000000000.0,48844000000,98392000000.0,257000000000.0,63930000000.0,4961000000,3576000000,55256000000,10495000000,45896000000,-90976000000.0,1
05-05-2020,73.76499939,75.25,73.61499786,74.38999939,72.45427704,147751200,19913.143,256.126,14.8,0.05,339000000000.0,163000000000.0,48844000000,98392000000.0,257000000000.0,63930000000.0,4961000000,3576000000,55256000000,10495000000,45896000000,-90976000000.0,1
06-05-2020,75.11499786,75.80999756,74.71749878,75.15750122,73.20179749,142333600,19913.143,256.126,14.8,0.05,339000000000.0,163000000000.0,48844000000,98392000000.0,257000000000.0,63930000000.0,4961000000,3576000000,55256000000,10495000000,45896000000,-90976000000.0,1
07-05-2020,75.80500031,76.29250336,75.49250031,75.93499756,73.9590683,115215200,19913.143,256.126,14.8,0.05,339000000000.0,163000000000.0,48844000000,98392000000.0,257000000000.0,63930000000.0,4961000000,3576000000,55256000000,10495000000,45896000000,-90976000000.0,1
08-05-2020,76.41000366,77.58750153,76.07250214,77.53250122,75.71940613,133838400,19913.143,256.126,14.8,0.05,339000000000.0,163000000000.0,48844000000,98392000000.0,257000000000.0,63930000000.0,4961000000,3576000000,55256000000,10495000000,45896000000,-90976000000.0,1
11-05-2020,77.02500153,79.26249695,76.80999756,78.75250244,76.9108963,145946400,19913.143,256.126,14.8,0.05,339000000000.0,163000000000.0,48844000000,98392000000.0,257000000000.0,63930000000.0,4961000000,3576000000,55256000000,10495000000,45896000000,-90976000000.0,1
12-05-2020,79.45749664,79.92250061,77.72750092,77.85250092,76.03192902,162301200,19913.143,256.126,14.8,0.05,339000000000.0,163000000000.0,48844000000,98392000000.0,257000000000.0,63930000000.0,4961000000,3576000000,55256000000,10495000000,45896000000,-90976000000.0,-1
13-05-2020,78.03749847,78.98750305,75.80249786,76.91249847,75.11392212,200622400,19913.143,256.126,14.8,0.05,339000000000.0,163000000000.0,48844000000,98392000000.0,257000000000.0,63930000000.0,4961000000,3576000000,55256000000,10495000000,45896000000,-90976000000.0,-1
14-05-2020,76.12750244,77.44750214,75.38249969,77.38500214,75.57537079,158929200,19913.143,256.126,14.8,0.05,339000000000.0,163000000000.0,48844000000,98392000000.0,257000000000.0,63930000000.0,4961000000,3576000000,55256000000,10495000000,45896000000,-90976000000.0,1
15-05-2020,75.08750153,76.97499847,75.05249786,76.92749786,75.12857056,166348400,19913.143,256.126,14.8,0.05,339000000000.0,163000000000.0,48844000000,98392000000.0,257000000000.0,63930000000.0,4961000000,3576000000,55256000000,10495000000,45896000000,-90976000000.0,1
18-05-2020,78.29250336,79.125,77.58000183,78.73999786,76.89868164,135178400,19913.143,256.126,14.8,0.05,339000000000.0,163000000000.0,48844000000,98392000000.0,257000000000.0,63930000000.0,4961000000,3576000000,55256000000,10495000000,45896000000,-90976000000.0,1
19-05-2020,78.75749969,79.62999725,78.25250244,78.28500366,76.45431519,101729600,19913.143,256.126,14.8,0.05,339000000000.0,163000000000.0,48844000000,98392000000.0,257000000000.0,63930000000.0,4961000000,3576000000,55256000000,10495000000,45896000000,-90976000000.0,-1
20-05-2020,79.16999817,79.87999725,79.12999725,79.80750275,77.94121552,111504800,19913.143,256.126,14.8,0.05,339000000000.0,163000000000.0,48844000000,98392000000.0,257000000000.0,63930000000.0,4961000000,3576000000,55256000000,10495000000,45896000000,-90976000000.0,1
21-05-2020,79.66500092,80.22250366,78.96749878,79.21250153,77.36012268,102688800,19913.143,256.126,14.8,0.05,339000000000.0,163000000000.0,48844000000,98392000000.0,257000000000.0,63930000000.0,4961000000,3576000000,55256000000,10495000000,45896000000,-90976000000.0,-1
22-05-2020,78.94249725,79.80750275,78.83750153,79.72250366,77.85820007,81803200,19913.143,256.126,14.8,0.05,339000000000.0,163000000000.0,48844000000,98392000000.0,257000000000.0,63930000000.0,4961000000,3576000000,55256000000,10495000000,45896000000,-90976000000.0,1
26-05-2020,80.875,81.05999756,79.125,79.18250275,77.33081818,125522000,19913.143,256.126,14.8,0.05,339000000000.0,163000000000.0,48844000000,98392000000.0,257000000000.0,63930000000.0,4961000000,3576000000,55256000000,10495000000,45896000000,-90976000000.0,-1
27-05-2020,79.03500366,79.67749786,78.27249908,79.52749634,77.66777039,112945200,19913.143,256.126,14.8,0.05,339000000000.0,163000000000.0,48844000000,98392000000.0,257000000000.0,63930000000.0,4961000000,3576000000,55256000000,10495000000,45896000000,-90976000000.0,1
28-05-2020,79.19249725,80.86000061,78.90750122,79.5625,77.70193481,133560800,19913.143,256.126,14.8,0.05,339000000000.0,163000000000.0,48844000000,98392000000.0,257000000000.0,63930000000.0,4961000000,3576000000,55256000000,10495000000,45896000000,-90976000000.0,1
29-05-2020,79.8125,80.28749847,79.11750031,79.48500061,77.62625885,153532400,19913.143,256.126,14.8,0.05,339000000000.0,163000000000.0,48844000000,98392000000.0,257000000000.0,63930000000.0,4961000000,3576000000,55256000000,10495000000,45896000000,-90976000000.0,-1
01-06-2020,79.4375,80.58750153,79.30249786,80.46250153,78.58088684,80791200,19913.143,256.126,14.8,0.05,339000000000.0,163000000000.0,48844000000,98392000000.0,257000000000.0,63930000000.0,4961000000,3576000000,55256000000,10495000000,45896000000,-90976000000.0,1
02-06-2020,80.1875,80.86000061,79.73249817,80.83499908,78.94467163,87642800,19913.143,256.126,14.8,0.05,339000000000.0,163000000000.0,48844000000,98392000000.0,257000000000.0,63930000000.0,4961000000,3576000000,55256000000,10495000000,45896000000,-90976000000.0,1
03-06-2020,81.16500092,81.55000305,80.57499695,81.27999878,79.37927246,104491200,19913.143,256.126,14.8,0.05,339000000000.0,163000000000.0,48844000000,98392000000.0,257000000000.0,63930000000.0,4961000000,3576000000,55256000000,10495000000,45896000000,-90976000000.0,1
04-06-2020,81.09750366,81.40499878,80.19499969,80.58000183,78.69565582,87560400,19913.143,256.126,14.8,0.05,339000000000.0,163000000000.0,48844000000,98392000000.0,257000000000.0,63930000000.0,4961000000,3576000000,55256000000,10495000000,45896000000,-90976000000.0,-1
05-06-2020,80.83750153,82.9375,80.80750275,82.875,80.9369812,137250400,19913.143,256.126,14.8,0.05,339000000000.0,163000000000.0,48844000000,98392000000.0,257000000000.0,63930000000.0,4961000000,3576000000,55256000000,10495000000,45896000000,-90976000000.0,1
08-06-2020,82.5625,83.40000153,81.83000183,83.36499786,81.41551971,95654400,19913.143,256.126,14.8,0.05,339000000000.0,163000000000.0,48844000000,98392000000.0,257000000000.0,63930000000.0,4961000000,3576000000,55256000000,10495000000,45896000000,-90976000000.0,1
09-06-2020,83.03500366,86.40249634,83.00250244,85.99749756,83.9864502,147712400,19913.143,256.126,14.8,0.05,339000000000.0,163000000000.0,48844000000,98392000000.0,257000000000.0,63930000000.0,4961000000,3576000000,55256000000,10495000000,45896000000,-90976000000.0,1
10-06-2020,86.97499847,88.69249725,86.52249908,88.20999908,86.14720917,166651600,19913.143,256.126,14.8,0.05,339000000000.0,163000000000.0,48844000000,98392000000.0,257000000000.0,63930000000.0,4961000000,3576000000,55256000000,10495000000,45896000000,-90976000000.0,1
11-06-2020,87.32749939,87.76499939,83.87000275,83.97499847,82.01124573,201662400,19913.143,256.126,14.8,0.05,339000000000.0,163000000000.0,48844000000,98392000000.0,257000000000.0,63930000000.0,4961000000,3576000000,55256000000,10495000000,45896000000,-90976000000.0,-1
12-06-2020,86.18000031,86.94999695,83.55500031,84.69999695,82.71931458,200146000,19913.143,256.126,14.8,0.05,339000000000.0,163000000000.0,48844000000,98392000000.0,257000000000.0,63930000000.0,4961000000,3576000000,55256000000,10495000000,45896000000,-90976000000.0,-1
15-06-2020,83.3125,86.41999817,83.14499664,85.74749756,83.74230957,138808800,19913.143,256.126,14.8,0.05,339000000000.0,163000000000.0,48844000000,98392000000.0,257000000000.0,63930000000.0,4961000000,3576000000,55256000000,10495000000,45896000000,-90976000000.0,1
16-06-2020,87.86499786,88.30000305,86.18000031,88.01999664,85.96165466,165428800,19913.143,256.126,14.8,0.05,339000000000.0,163000000000.0,48844000000,98392000000.0,257000000000.0,63930000000.0,4961000000,3576000000,55256000000,10495000000,45896000000,-90976000000.0,1
17-06-2020,88.78749847,88.84999847,87.77249908,87.89749908,85.84203339,114406400,19913.143,256.126,14.8,0.05,339000000000.0,163000000000.0,48844000000,98392000000.0,257000000000.0,63930000000.0,4961000000,3576000000,55256000000,10495000000,45896000000,-90976000000.0,-1
18-06-2020,87.85250092,88.36250305,87.30500031,87.93250275,85.87621307,96820400,19913.143,256.126,14.8,0.05,339000000000.0,163000000000.0,48844000000,98392000000.0,257000000000.0,63930000000.0,4961000000,3576000000,55256000000,10495000000,45896000000,-90976000000.0,1
19-06-2020,88.66000366,89.13999939,86.28749847,87.43000031,85.38547516,264476000,19913.143,256.126,14.8,0.05,339000000000.0,163000000000.0,48844000000,98392000000.0,257000000000.0,63930000000.0,4961000000,3576000000,55256000000,10495000000,45896000000,-90976000000.0,-1
22-06-2020,87.83499908,89.86499786,87.78749847,89.71749878,87.61948395,135445200,19913.143,256.126,14.8,0.05,339000000000.0,163000000000.0,48844000000,98392000000.0,257000000000.0,63930000000.0,4961000000,3576000000,55256000000,10495000000,45896000000,-90976000000.0,1
23-06-2020,91.0,93.09500122,90.56749725,91.63249969,89.48968506,212155600,19913.143,256.126,14.8,0.05,339000000000.0,163000000000.0,48844000000,98392000000.0,257000000000.0,63930000000.0,4961000000,3576000000,55256000000,10495000000,45896000000,-90976000000.0,1
24-06-2020,91.25,92.19750214,89.62999725,90.01499939,87.91001129,192623200,19913.143,256.126,14.8,0.05,339000000000.0,163000000000.0,48844000000,98392000000.0,257000000000.0,63930000000.0,4961000000,3576000000,55256000000,10495000000,45896000000,-90976000000.0,-1
25-06-2020,90.17500305,91.25,89.39250183,91.20999908,89.07706451,137522400,19913.143,256.126,14.8,0.05,339000000000.0,163000000000.0,48844000000,98392000000.0,257000000000.0,63930000000.0,4961000000,3576000000,55256000000,10495000000,45896000000,-90976000000.0,1
26-06-2020,91.10250092,91.33000183,88.25499725,88.40750122,86.34010315,205256800,19913.143,256.126,14.8,0.05,339000000000.0,163000000000.0,48844000000,98392000000.0,257000000000.0,63930000000.0,4961000000,3576000000,55256000000,10495000000,45896000000,-90976000000.0,-1
29-06-2020,88.3125,90.54250336,87.81999969,90.44499969,88.32997131,130646000,19913.143,256.126,14.8,0.05,339000000000.0,163000000000.0,48844000000,98392000000.0,257000000000.0,63930000000.0,4961000000,3576000000,55256000000,10495000000,45896000000,-90976000000.0,1
30-06-2020,90.01999664,91.49500275,90.0,91.19999695,89.06729889,140223200,19913.143,256.126,14.8,0.05,339000000000.0,163000000000.0,48844000000,98392000000.0,257000000000.0,63930000000.0,4961000000,3576000000,55256000000,10495000000,45896000000,-90976000000.0,1
01-07-2020,91.27999878,91.83999634,90.97750092,91.02749634,88.89881897,110737200,21647.64,258.408,10.2,0.09,339000000000.0,163000000000.0,48844000000,98392000000.0,257000000000.0,63930000000.0,4961000000,3576000000,55256000000,10495000000,45896000000,-90976000000.0,-1
02-07-2020,91.96250153,92.61750031,90.91000366,91.02749634,88.89881897,114041600,21647.64,258.408,10.2,0.09,339000000000.0,163000000000.0,48844000000,98392000000.0,257000000000.0,63930000000.0,4961000000,3576000000,55256000000,10495000000,45896000000,-90976000000.0,-1
06-07-2020,92.5,93.94499969,92.46749878,93.46250153,91.27690125,118655600,21647.64,258.408,10.2,0.09,339000000000.0,163000000000.0,48844000000,98392000000.0,257000000000.0,63930000000.0,4961000000,3576000000,55256000000,10495000000,45896000000,-90976000000.0,1
07-07-2020,93.85250092,94.65499878,93.05750275,93.17250061,90.99365997,112424400,21647.64,258.408,10.2,0.09,339000000000.0,163000000000.0,48844000000,98392000000.0,257000000000.0,63930000000.0,4961000000,3576000000,55256000000,10495000000,45896000000,-90976000000.0,-1
08-07-2020,94.18000031,95.375,94.08999634,95.34249878,93.11294556,117092000,21647.64,258.408,10.2,0.09,339000000000.0,163000000000.0,48844000000,98392000000.0,257000000000.0,63930000000.0,4961000000,3576000000,55256000000,10495000000,45896000000,-90976000000.0,1
09-07-2020,96.26249695,96.31749725,94.67250061,95.75250244,93.51334381,125642800,21647.64,258.408,10.2,0.09,339000000000.0,163000000000.0,48844000000,98392000000.0,257000000000.0,63930000000.0,4961000000,3576000000,55256000000,10495000000,45896000000,-90976000000.0,-1
10-07-2020,95.33499908,95.98000336,94.70500183,95.91999817,93.6769104,90257200,21647.64,258.408,10.2,0.09,339000000000.0,163000000000.0,48844000000,98392000000.0,257000000000.0,63930000000.0,4961000000,3576000000,55256000000,10495000000,45896000000,-90976000000.0,1
13-07-2020,97.26499939,99.95500183,95.25749969,95.47750092,93.24477386,191649200,21647.64,258.408,10.2,0.09,339000000000.0,163000000000.0,48844000000,98392000000.0,257000000000.0,63930000000.0,4961000000,3576000000,55256000000,10495000000,45896000000,-90976000000.0,-1
14-07-2020,94.83999634,97.25499725,93.87750244,97.05750275,94.78782654,170989200,21647.64,258.408,10.2,0.09,339000000000.0,163000000000.0,48844000000,98392000000.0,257000000000.0,63930000000.0,4961000000,3576000000,55256000000,10495000000,45896000000,-90976000000.0,1
15-07-2020,98.98999786,99.24749756,96.48999786,97.72499847,95.43971252,153198000,21647.64,258.408,10.2,0.09,339000000000.0,163000000000.0,48844000000,98392000000.0,257000000000.0,63930000000.0,4961000000,3576000000,55256000000,10495000000,45896000000,-90976000000.0,-1
16-07-2020,96.5625,97.40499878,95.90499878,96.52249908,94.26533508,110577600,21647.64,258.408,10.2,0.09,339000000000.0,163000000000.0,48844000000,98392000000.0,257000000000.0,63930000000.0,4961000000,3576000000,55256000000,10495000000,45896000000,-90976000000.0,-1
17-07-2020,96.98750305,97.14749908,95.83999634,96.32749939,94.07489777,92186800,21647.64,258.408,10.2,0.09,339000000000.0,163000000000.0,48844000000,98392000000.0,257000000000.0,63930000000.0,4961000000,3576000000,55256000000,10495000000,45896000000,-90976000000.0,-1
20-07-2020,96.41750336,98.5,96.0625,98.35749817,96.05742645,90318000,21647.64,258.408,10.2,0.09,339000000000.0,163000000000.0,48844000000,98392000000.0,257000000000.0,63930000000.0,4961000000,3576000000,55256000000,10495000000,45896000000,-90976000000.0,1
21-07-2020,99.17250061,99.25,96.74250031,97.0,94.73165894,103433200,21647.64,258.408,10.2,0.09,339000000000.0,163000000000.0,48844000000,98392000000.0,257000000000.0,63930000000.0,4961000000,3576000000,55256000000,10495000000,45896000000,-90976000000.0,-1
22-07-2020,96.69249725,97.97499847,96.60250092,97.27249908,94.9977951,89001600,21647.64,258.408,10.2,0.09,339000000000.0,163000000000.0,48844000000,98392000000.0,257000000000.0,63930000000.0,4961000000,3576000000,55256000000,10495000000,45896000000,-90976000000.0,1
23-07-2020,96.99749756,97.07749939,92.01000214,92.84500122,90.67383575,197004400,21647.64,258.408,10.2,0.09,339000000000.0,163000000000.0,48844000000,98392000000.0,257000000000.0,63930000000.0,4961000000,3576000000,55256000000,10495000000,45896000000,-90976000000.0,-1
24-07-2020,90.98750305,92.97000122,89.14499664,92.61499786,90.44920349,185438800,21647.64,258.408,10.2,0.09,339000000000.0,163000000000.0,48844000000,98392000000.0,257000000000.0,63930000000.0,4961000000,3576000000,55256000000,10495000000,45896000000,-90976000000.0,1
27-07-2020,93.70999908,94.90499878,93.48000336,94.80999756,92.59288025,121214000,21647.64,258.408,10.2,0.09,339000000000.0,163000000000.0,48844000000,98392000000.0,257000000000.0,63930000000.0,4961000000,3576000000,55256000000,10495000000,45896000000,-90976000000.0,1
28-07-2020,94.36750031,94.55000305,93.24749756,93.25250244,91.07180023,103625600,21647.64,258.408,10.2,0.09,339000000000.0,163000000000.0,48844000000,98392000000.0,257000000000.0,63930000000.0,4961000000,3576000000,55256000000,10495000000,45896000000,-90976000000.0,-1
29-07-2020,93.75,95.23000336,93.71250153,95.04000092,92.81751251,90329200,21647.64,258.408,10.2,0.09,339000000000.0,163000000000.0,48844000000,98392000000.0,257000000000.0,63930000000.0,4961000000,3576000000,55256000000,10495000000,45896000000,-90976000000.0,1
30-07-2020,94.1875,96.29750061,93.76750183,96.19000244,93.94061279,158130000,21647.64,258.408,10.2,0.09,339000000000.0,163000000000.0,48844000000,98392000000.0,257000000000.0,63930000000.0,4961000000,3576000000,55256000000,10495000000,45896000000,-90976000000.0,1
31-07-2020,102.8850021,106.4150009,100.8249969,106.2600021,103.7751236,374336800,21647.64,258.408,10.2,0.09,339000000000.0,163000000000.0,48844000000,98392000000.0,257000000000.0,63930000000.0,4961000000,3576000000,55256000000,10495000000,45896000000,-90976000000.0,1
03-08-2020,108.1999969,111.6374969,107.8925018,108.9375,106.390007,308151200,21647.64,258.408,10.2,0.09,339000000000.0,163000000000.0,48844000000,98392000000.0,257000000000.0,63930000000.0,4961000000,3576000000,55256000000,10495000000,45896000000,-90976000000.0,1
04-08-2020,109.1324997,110.7900009,108.3874969,109.6650009,107.1004944,173071600,21647.64,258.408,10.2,0.09,339000000000.0,163000000000.0,48844000000,98392000000.0,257000000000.0,63930000000.0,4961000000,3576000000,55256000000,10495000000,45896000000,-90976000000.0,1
05-08-2020,109.3775024,110.3925018,108.8974991,110.0625,107.4886932,121776800,21647.64,258.408,10.2,0.09,339000000000.0,163000000000.0,48844000000,98392000000.0,257000000000.0,63930000000.0,4961000000,3576000000,55256000000,10495000000,45896000000,-90976000000.0,1
06-08-2020,110.4049988,114.4124985,109.7975006,113.9024963,111.2389145,202428800,21647.64,258.408,10.2,0.09,339000000000.0,163000000000.0,48844000000,98392000000.0,257000000000.0,63930000000.0,4961000000,3576000000,55256000000,10495000000,45896000000,-90976000000.0,1
07-08-2020,113.2050018,113.6750031,110.2925034,111.1125031,108.7098007,198045600,21647.64,258.408,10.2,0.09,339000000000.0,163000000000.0,48844000000,98392000000.0,257000000000.0,63930000000.0,4961000000,3576000000,55256000000,10495000000,45896000000,-90976000000.0,-1
10-08-2020,112.5999985,113.7750015,110.0,112.7275009,110.2898865,212403600,21647.64,258.408,10.2,0.09,339000000000.0,163000000000.0,48844000000,98392000000.0,257000000000.0,63930000000.0,4961000000,3576000000,55256000000,10495000000,45896000000,-90976000000.0,1
11-08-2020,111.9700012,112.4824982,109.1074982,109.375,107.0098801,187902400,21647.64,258.408,10.2,0.09,339000000000.0,163000000000.0,48844000000,98392000000.0,257000000000.0,63930000000.0,4961000000,3576000000,55256000000,10495000000,45896000000,-90976000000.0,-1
12-08-2020,110.4974976,113.2750015,110.2975006,113.0100021,110.5662689,165598000,21647.64,258.408,10.2,0.09,339000000000.0,163000000000.0,48844000000,98392000000.0,257000000000.0,63930000000.0,4961000000,3576000000,55256000000,10495000000,45896000000,-90976000000.0,1
13-08-2020,114.4300003,116.0425034,113.9274979,115.0100021,112.5230179,210082000,21647.64,258.408,10.2,0.09,339000000000.0,163000000000.0,48844000000,98392000000.0,257000000000.0,63930000000.0,4961000000,3576000000,55256000000,10495000000,45896000000,-90976000000.0,1
14-08-2020,114.8300018,115.0,113.0449982,114.9075012,112.4227371,165565200,21647.64,258.408,10.2,0.09,339000000000.0,163000000000.0,48844000000,98392000000.0,257000000000.0,63930000000.0,4961000000,3576000000,55256000000,10495000000,45896000000,-90976000000.0,1
17-08-2020,116.0625,116.0875015,113.9625015,114.6074982,112.1292114,119561600,21647.64,258.408,10.2,0.09,339000000000.0,163000000000.0,48844000000,98392000000.0,257000000000.0,63930000000.0,4961000000,3576000000,55256000000,10495000000,45896000000,-90976000000.0,-1
18-08-2020,114.3525009,116.0,114.0074997,115.5625,113.0635757,105633600,21647.64,258.408,10.2,0.09,339000000000.0,163000000000.0,48844000000,98392000000.0,257000000000.0,63930000000.0,4961000000,3576000000,55256000000,10495000000,45896000000,-90976000000.0,1
19-08-2020,115.9824982,117.1624985,115.6100006,115.7074966,113.2054367,145538000,21647.64,258.408,10.2,0.09,339000000000.0,163000000000.0,48844000000,98392000000.0,257000000000.0,63930000000.0,4961000000,3576000000,55256000000,10495000000,45896000000,-90976000000.0,-1
20-08-2020,115.75,118.3925018,115.7324982,118.2750015,115.7174225,126907200,21647.64,258.408,10.2,0.09,339000000000.0,163000000000.0,48844000000,98392000000.0,257000000000.0,63930000000.0,4961000000,3576000000,55256000000,10495000000,45896000000,-90976000000.0,1
21-08-2020,119.2624969,124.8675003,119.25,124.3700027,121.6806335,338054800,21647.64,258.408,10.2,0.09,339000000000.0,163000000000.0,48844000000,98392000000.0,257000000000.0,63930000000.0,4961000000,3576000000,55256000000,10495000000,45896000000,-90976000000.0,1
24-08-2020,128.6974945,128.7850037,123.9375,125.8574982,123.1359558,345937600,21647.64,258.408,10.2,0.09,339000000000.0,163000000000.0,48844000000,98392000000.0,257000000000.0,63930000000.0,4961000000,3576000000,55256000000,10495000000,45896000000,-90976000000.0,-1
25-08-2020,124.6975021,125.1800003,123.0524979,124.8249969,122.1257706,211495600,21647.64,258.408,10.2,0.09,339000000000.0,163000000000.0,48844000000,98392000000.0,257000000000.0,63930000000.0,4961000000,3576000000,55256000000,10495000000,45896000000,-90976000000.0,1
26-08-2020,126.1800003,126.9925003,125.0824966,126.5224991,123.7865753,163022400,21647.64,258.408,10.2,0.09,339000000000.0,163000000000.0,48844000000,98392000000.0,257000000000.0,63930000000.0,4961000000,3576000000,55256000000,10495000000,45896000000,-90976000000.0,1
27-08-2020,127.1425018,127.4850006,123.8324966,125.0100021,122.3067627,155552400,21647.64,258.408,10.2,0.09,339000000000.0,163000000000.0,48844000000,98392000000.0,257000000000.0,63930000000.0,4961000000,3576000000,55256000000,10495000000,45896000000,-90976000000.0,-1
28-08-2020,126.0124969,126.4424973,124.5774994,124.8075027,122.1086731,187630000,21647.64,258.408,10.2,0.09,339000000000.0,163000000000.0,48844000000,98392000000.0,257000000000.0,63930000000.0,4961000000,3576000000,55256000000,10495000000,45896000000,-90976000000.0,-1
31-08-2020,127.5800018,131.0,126.0,129.0399933,126.2496185,225702700,21647.64,258.408,10.2,0.09,339000000000.0,163000000000.0,48844000000,98392000000.0,257000000000.0,63930000000.0,4961000000,3576000000,55256000000,10495000000,45896000000,-90976000000.0,1
01-09-2020,132.7599945,134.8000031,130.5299988,134.1799927,131.2785034,151948100,21647.64,258.408,10.2,0.09,339000000000.0,163000000000.0,48844000000,98392000000.0,257000000000.0,63930000000.0,4961000000,3576000000,55256000000,10495000000,45896000000,-90976000000.0,1
02-09-2020,137.5899963,137.9799957,127.0,131.3999939,128.5585938,200119000,21647.64,258.408,10.2,0.09,339000000000.0,163000000000.0,48844000000,98392000000.0,257000000000.0,63930000000.0,4961000000,3576000000,55256000000,10495000000,45896000000,-90976000000.0,-1
03-09-2020,126.9100037,128.8399963,120.5,120.8799973,118.2660828,257599600,21647.64,258.408,10.2,0.09,339000000000.0,163000000000.0,48844000000,98392000000.0,257000000000.0,63930000000.0,4961000000,3576000000,55256000000,10495000000,45896000000,-90976000000.0,-1
04-09-2020,120.0699997,123.6999969,110.8899994,120.9599991,118.3443604,332607200,21647.64,258.408,10.2,0.09,339000000000.0,163000000000.0,48844000000,98392000000.0,257000000000.0,63930000000.0,4961000000,3576000000,55256000000,10495000000,45896000000,-90976000000.0,1
08-09-2020,113.9499969,118.9899979,112.6800003,112.8199997,110.3803864,231366600,21647.64,258.408,10.2,0.09,339000000000.0,163000000000.0,48844000000,98392000000.0,257000000000.0,63930000000.0,4961000000,3576000000,55256000000,10495000000,45896000000,-90976000000.0,-1
09-09-2020,117.2600021,119.1399994,115.2600021,117.3199997,114.7830811,176940500,21647.64,258.408,10.2,0.09,339000000000.0,163000000000.0,48844000000,98392000000.0,257000000000.0,63930000000.0,4961000000,3576000000,55256000000,10495000000,45896000000,-90976000000.0,1
10-09-2020,120.3600006,120.5,112.5,113.4899979,111.0359039,182274400,21647.64,258.408,10.2,0.09,339000000000.0,163000000000.0,48844000000,98392000000.0,257000000000.0,63930000000.0,4961000000,3576000000,55256000000,10495000000,45896000000,-90976000000.0,-1
11-09-2020,114.5699997,115.2300034,110.0,112.0,109.5781174,180860300,21647.64,258.408,10.2,0.09,339000000000.0,163000000000.0,48844000000,98392000000.0,257000000000.0,63930000000.0,4961000000,3576000000,55256000000,10495000000,45896000000,-90976000000.0,-1
14-09-2020,114.7200012,115.9300003,112.8000031,115.3600006,112.865448,140150100,21647.64,258.408,10.2,0.09,339000000000.0,163000000000.0,48844000000,98392000000.0,257000000000.0,63930000000.0,4961000000,3576000000,55256000000,10495000000,45896000000,-90976000000.0,1
15-09-2020,118.3300018,118.8300018,113.6100006,115.5400009,113.0415573,184642000,21647.64,258.408,10.2,0.09,339000000000.0,163000000000.0,48844000000,98392000000.0,257000000000.0,63930000000.0,4961000000,3576000000,55256000000,10495000000,45896000000,-90976000000.0,-1
16-09-2020,115.2300034,116.0,112.0400009,112.1299973,109.705307,154679000,21647.64,258.408,10.2,0.09,339000000000.0,163000000000.0,48844000000,98392000000.0,257000000000.0,63930000000.0,4961000000,3576000000,55256000000,10495000000,45896000000,-90976000000.0,-1
17-09-2020,109.7200012,112.1999969,108.7099991,110.3399963,107.9539871,178011000,21647.64,258.408,10.2,0.09,339000000000.0,163000000000.0,48844000000,98392000000.0,257000000000.0,63930000000.0,4961000000,3576000000,55256000000,10495000000,45896000000,-90976000000.0,1
18-09-2020,110.4000015,110.8799973,106.0899963,106.8399963,104.5296936,287104900,21647.64,258.408,10.2,0.09,339000000000.0,163000000000.0,48844000000,98392000000.0,257000000000.0,63930000000.0,4961000000,3576000000,55256000000,10495000000,45896000000,-90976000000.0,-1
21-09-2020,104.5400009,110.1900024,103.0999985,110.0800018,107.6996307,195713800,21647.64,258.408,10.2,0.09,339000000000.0,163000000000.0,48844000000,98392000000.0,257000000000.0,63930000000.0,4961000000,3576000000,55256000000,10495000000,45896000000,-90976000000.0,1
22-09-2020,112.6800003,112.8600006,109.1600037,111.8099976,109.3922348,183055400,21647.64,258.408,10.2,0.09,339000000000.0,163000000000.0,48844000000,98392000000.0,257000000000.0,63930000000.0,4961000000,3576000000,55256000000,10495000000,45896000000,-90976000000.0,-1
23-09-2020,111.6200027,112.1100006,106.7699966,107.1200027,104.803627,150718700,21647.64,258.408,10.2,0.09,339000000000.0,163000000000.0,48844000000,98392000000.0,257000000000.0,63930000000.0,4961000000,3576000000,55256000000,10495000000,45896000000,-90976000000.0,-1
24-09-2020,105.1699982,110.25,105.0,108.2200012,105.8798523,167743300,21647.64,258.408,10.2,0.09,339000000000.0,163000000000.0,48844000000,98392000000.0,257000000000.0,63930000000.0,4961000000,3576000000,55256000000,10495000000,45896000000,-90976000000.0,1
25-09-2020,108.4300003,112.4400024,107.6699982,112.2799988,109.8520432,149981400,21647.64,258.408,10.2,0.09,339000000000.0,163000000000.0,48844000000,98392000000.0,257000000000.0,63930000000.0,4961000000,3576000000,55256000000,10495000000,45896000000,-90976000000.0,1
28-09-2020,115.0100021,115.3199997,112.7799988,114.9599991,112.4740982,137672400,21647.64,258.408,10.2,0.09,339000000000.0,163000000000.0,48844000000,98392000000.0,257000000000.0,63930000000.0,4961000000,3576000000,55256000000,10495000000,45896000000,-90976000000.0,-1
29-09-2020,114.5500031,115.3099976,113.5699997,114.0899963,111.6229095,99382200,21647.64,258.408,10.2,0.09,339000000000.0,163000000000.0,48844000000,98392000000.0,257000000000.0,63930000000.0,4961000000,3576000000,55256000000,10495000000,45896000000,-90976000000.0,-1
30-09-2020,113.7900009,117.2600021,113.6200027,115.8099976,113.3057098,142675200,21647.64,258.408,10.2,0.09,324000000000.0,144000000000.0,38016000000,105000000000.0,272000000000.0,66288000000.0,3763000000,2873000000,57411000000,7309000000,-4289000000,-86820000000.0,1
01-10-2020,117.6399994,117.7200012,115.8300018,116.7900009,114.2645264,116120400,22024.502,260.249,6.8,0.09,324000000000.0,144000000000.0,38016000000,105000000000.0,272000000000.0,66288000000.0,3763000000,2873000000,57411000000,7309000000,-4289000000,-86820000000.0,-1
02-10-2020,112.8899994,115.3700027,112.2200012,113.0199966,110.5760498,144712000,22024.502,260.249,6.8,0.09,324000000000.0,144000000000.0,38016000000,105000000000.0,272000000000.0,66288000000.0,3763000000,2873000000,57411000000,7309000000,-4289000000,-86820000000.0,1
05-10-2020,113.9100037,116.6500015,113.5500031,116.5,113.9808121,106243800,22024.502,260.249,6.8,0.09,324000000000.0,144000000000.0,38016000000,105000000000.0,272000000000.0,66288000000.0,3763000000,2873000000,57411000000,7309000000,-4289000000,-86820000000.0,1
06-10-2020,115.6999969,116.1200027,112.25,113.1600037,110.7130356,161498200,22024.502,260.249,6.8,0.09,324000000000.0,144000000000.0,38016000000,105000000000.0,272000000000.0,66288000000.0,3763000000,2873000000,57411000000,7309000000,-4289000000,-86820000000.0,-1
07-10-2020,114.6200027,115.5500031,114.1299973,115.0800018,112.5915146,96849000,22024.502,260.249,6.8,0.09,324000000000.0,144000000000.0,38016000000,105000000000.0,272000000000.0,66288000000.0,3763000000,2873000000,57411000000,7309000000,-4289000000,-86820000000.0,1
08-10-2020,116.25,116.4000015,114.5899963,114.9700012,112.4838791,83477200,22024.502,260.249,6.8,0.09,324000000000.0,144000000000.0,38016000000,105000000000.0,272000000000.0,66288000000.0,3763000000,2873000000,57411000000,7309000000,-4289000000,-86820000000.0,-1
09-10-2020,115.2799988,117.0,114.9199982,116.9700012,114.4406357,100506900,22024.502,260.249,6.8,0.09,324000000000.0,144000000000.0,38016000000,105000000000.0,272000000000.0,66288000000.0,3763000000,2873000000,57411000000,7309000000,-4289000000,-86820000000.0,1
12-10-2020,120.0599976,125.1800003,119.2799988,124.4000015,121.7099762,240226800,22024.502,260.249,6.8,0.09,324000000000.0,144000000000.0,38016000000,105000000000.0,272000000000.0,66288000000.0,3763000000,2873000000,57411000000,7309000000,-4289000000,-86820000000.0,1
13-10-2020,125.2699966,125.3899994,119.6500015,121.0999985,118.4813385,262330500,22024.502,260.249,6.8,0.09,324000000000.0,144000000000.0,38016000000,105000000000.0,272000000000.0,66288000000.0,3763000000,2873000000,57411000000,7309000000,-4289000000,-86820000000.0,-1
14-10-2020,121.0,123.0299988,119.6200027,121.1900024,118.5694122,150712000,22024.502,260.249,6.8,0.09,324000000000.0,144000000000.0,38016000000,105000000000.0,272000000000.0,66288000000.0,3763000000,2873000000,57411000000,7309000000,-4289000000,-86820000000.0,1
15-10-2020,118.7200012,121.1999969,118.1500015,120.7099991,118.099762,112559200,22024.502,260.249,6.8,0.09,324000000000.0,144000000000.0,38016000000,105000000000.0,272000000000.0,66288000000.0,3763000000,2873000000,57411000000,7309000000,-4289000000,-86820000000.0,1
16-10-2020,121.2799988,121.5500031,118.8099976,119.0199966,116.4462967,115393800,22024.502,260.249,6.8,0.09,324000000000.0,144000000000.0,38016000000,105000000000.0,272000000000.0,66288000000.0,3763000000,2873000000,57411000000,7309000000,-4289000000,-86820000000.0,-1
19-10-2020,119.9599991,120.4199982,115.6600037,115.9800034,113.4720535,120639300,22024.502,260.249,6.8,0.09,324000000000.0,144000000000.0,38016000000,105000000000.0,272000000000.0,66288000000.0,3763000000,2873000000,57411000000,7309000000,-4289000000,-86820000000.0,-1
20-10-2020,116.1999969,118.9800034,115.6299973,117.5100021,114.9689789,124423700,22024.502,260.249,6.8,0.09,324000000000.0,144000000000.0,38016000000,105000000000.0,272000000000.0,66288000000.0,3763000000,2873000000,57411000000,7309000000,-4289000000,-86820000000.0,1
21-10-2020,116.6699982,118.7099991,116.4499969,116.8700027,114.3427963,89946000,22024.502,260.249,6.8,0.09,324000000000.0,144000000000.0,38016000000,105000000000.0,272000000000.0,66288000000.0,3763000000,2873000000,57411000000,7309000000,-4289000000,-86820000000.0,1
22-10-2020,117.4499969,118.0400009,114.5899963,115.75,113.2470245,101988000,22024.502,260.249,6.8,0.09,324000000000.0,144000000000.0,38016000000,105000000000.0,272000000000.0,66288000000.0,3763000000,2873000000,57411000000,7309000000,-4289000000,-86820000000.0,-1
23-10-2020,116.3899994,116.5500031,114.2799988,115.0400009,112.5523834,82572600,22024.502,260.249,6.8,0.09,324000000000.0,144000000000.0,38016000000,105000000000.0,272000000000.0,66288000000.0,3763000000,2873000000,57411000000,7309000000,-4289000000,-86820000000.0,-1
26-10-2020,114.0100021,116.5500031,112.8799973,115.0500031,112.5621567,111850700,22024.502,260.249,6.8,0.09,324000000000.0,144000000000.0,38016000000,105000000000.0,272000000000.0,66288000000.0,3763000000,2873000000,57411000000,7309000000,-4289000000,-86820000000.0,1
27-10-2020,115.4899979,117.2799988,114.5400009,116.5999985,114.0786362,92276800,22024.502,260.249,6.8,0.09,324000000000.0,144000000000.0,38016000000,105000000000.0,272000000000.0,66288000000.0,3763000000,2873000000,57411000000,7309000000,-4289000000,-86820000000.0,1
28-10-2020,115.0500031,115.4300003,111.0999985,111.1999969,108.7954178,143937800,22024.502,260.249,6.8,0.09,324000000000.0,144000000000.0,38016000000,105000000000.0,272000000000.0,66288000000.0,3763000000,2873000000,57411000000,7309000000,-4289000000,-86820000000.0,-1
29-10-2020,112.3700027,116.9300003,112.1999969,115.3199997,112.8263245,146129200,22024.502,260.249,6.8,0.09,324000000000.0,144000000000.0,38016000000,105000000000.0,272000000000.0,66288000000.0,3763000000,2873000000,57411000000,7309000000,-4289000000,-86820000000.0,1
30-10-2020,111.0599976,111.9899979,107.7200012,108.8600006,106.5060196,190272600,22024.502,260.249,6.8,0.09,324000000000.0,144000000000.0,38016000000,105000000000.0,272000000000.0,66288000000.0,3763000000,2873000000,57411000000,7309000000,-4289000000,-86820000000.0,-1
02-11-2020,109.1100006,110.6800003,107.3199997,108.7699966,106.4179382,122866900,22024.502,260.249,6.8,0.09,324000000000.0,144000000000.0,38016000000,105000000000.0,272000000000.0,66288000000.0,3763000000,2873000000,57411000000,7309000000,-4289000000,-86820000000.0,-1
03-11-2020,109.6600037,111.4899979,108.7300034,110.4400024,108.0518494,107624400,22024.502,260.249,6.8,0.09,324000000000.0,144000000000.0,38016000000,105000000000.0,272000000000.0,66288000000.0,3763000000,2873000000,57411000000,7309000000,-4289000000,-86820000000.0,1
04-11-2020,114.1399994,115.5899963,112.3499985,114.9499969,112.464325,138235500,22024.502,260.249,6.8,0.09,324000000000.0,144000000000.0,38016000000,105000000000.0,272000000000.0,66288000000.0,3763000000,2873000000,57411000000,7309000000,-4289000000,-86820000000.0,1
05-11-2020,117.9499969,119.6200027,116.8700027,119.0299988,116.4560852,126387100,22024.502,260.249,6.8,0.09,324000000000.0,144000000000.0,38016000000,105000000000.0,272000000000.0,66288000000.0,3763000000,2873000000,57411000000,7309000000,-4289000000,-86820000000.0,1
06-11-2020,118.3199997,119.1999969,116.1299973,118.6900024,116.3238068,114457900,22024.502,260.249,6.8,0.09,324000000000.0,144000000000.0,38016000000,105000000000.0,272000000000.0,66288000000.0,3763000000,2873000000,57411000000,7309000000,-4289000000,-86820000000.0,1
09-11-2020,120.5,121.9899979,116.0500031,116.3199997,114.0010529,154515300,22024.502,260.249,6.8,0.09,324000000000.0,144000000000.0,38016000000,105000000000.0,272000000000.0,66288000000.0,3763000000,2873000000,57411000000,7309000000,-4289000000,-86820000000.0,-1
10-11-2020,115.5500031,117.5899963,114.1299973,115.9700012,113.6580048,138023400,22024.502,260.249,6.8,0.09,324000000000.0,144000000000.0,38016000000,105000000000.0,272000000000.0,66288000000.0,3763000000,2873000000,57411000000,7309000000,-4289000000,-86820000000.0,1
11-11-2020,117.1900024,119.6299973,116.4400024,119.4899979,117.1078262,112295000,22024.502,260.249,6.8,0.09,324000000000.0,144000000000.0,38016000000,105000000000.0,272000000000.0,66288000000.0,3763000000,2873000000,57411000000,7309000000,-4289000000,-86820000000.0,1
12-11-2020,119.6200027,120.5299988,118.5699997,119.2099991,116.8334198,103162300,22024.502,260.249,6.8,0.09,324000000000.0,144000000000.0,38016000000,105000000000.0,272000000000.0,66288000000.0,3763000000,2873000000,57411000000,7309000000,-4289000000,-86820000000.0,-1
13-11-2020,119.4400024,119.6699982,117.8700027,119.2600021,116.8824234,81581900,22024.502,260.249,6.8,0.09,324000000000.0,144000000000.0,38016000000,105000000000.0,272000000000.0,66288000000.0,3763000000,2873000000,57411000000,7309000000,-4289000000,-86820000000.0,-1
16-11-2020,118.9199982,120.9899979,118.1500015,120.3000031,117.9017029,91183000,22024.502,260.249,6.8,0.09,324000000000.0,144000000000.0,38016000000,105000000000.0,272000000000.0,66288000000.0,3763000000,2873000000,57411000000,7309000000,-4289000000,-86820000000.0,1
17-11-2020,119.5500031,120.6699982,118.9599991,119.3899994,117.0098343,74271000,22024.502,260.249,6.8,0.09,324000000000.0,144000000000.0,38016000000,105000000000.0,272000000000.0,66288000000.0,3763000000,2873000000,57411000000,7309000000,-4289000000,-86820000000.0,-1
18-11-2020,118.6100006,119.8199997,118.0,118.0299988,115.6769409,76322100,22024.502,260.249,6.8,0.09,324000000000.0,144000000000.0,38016000000,105000000000.0,272000000000.0,66288000000.0,3763000000,2873000000,57411000000,7309000000,-4289000000,-86820000000.0,-1
19-11-2020,117.5899963,119.0599976,116.8099976,118.6399994,116.2747803,74113000,22024.502,260.249,6.8,0.09,324000000000.0,144000000000.0,38016000000,105000000000.0,272000000000.0,66288000000.0,3763000000,2873000000,57411000000,7309000000,-4289000000,-86820000000.0,1
20-11-2020,118.6399994,118.7699966,117.2900009,117.3399963,115.0006943,73604300,22024.502,260.249,6.8,0.09,324000000000.0,144000000000.0,38016000000,105000000000.0,272000000000.0,66288000000.0,3763000000,2873000000,57411000000,7309000000,-4289000000,-86820000000.0,-1
23-11-2020,117.1800003,117.6200027,113.75,113.8499985,111.5802841,127959300,22024.502,260.249,6.8,0.09,324000000000.0,144000000000.0,38016000000,105000000000.0,272000000000.0,66288000000.0,3763000000,2873000000,57411000000,7309000000,-4289000000,-86820000000.0,-1
24-11-2020,113.9100037,115.8499985,112.5899963,115.1699982,112.87397,113874200,22024.502,260.249,6.8,0.09,324000000000.0,144000000000.0,38016000000,105000000000.0,272000000000.0,66288000000.0,3763000000,2873000000,57411000000,7309000000,-4289000000,-86820000000.0,1
25-11-2020,115.5500031,116.75,115.1699982,116.0299988,113.7168198,76499200,22024.502,260.249,6.8,0.09,324000000000.0,144000000000.0,38016000000,105000000000.0,272000000000.0,66288000000.0,3763000000,2873000000,57411000000,7309000000,-4289000000,-86820000000.0,1
27-11-2020,116.5699997,117.4899979,116.2200012,116.5899963,114.2656403,46691300,22024.502,260.249,6.8,0.09,324000000000.0,144000000000.0,38016000000,105000000000.0,272000000000.0,66288000000.0,3763000000,2873000000,57411000000,7309000000,-4289000000,-86820000000.0,1
30-11-2020,116.9700012,120.9700012,116.8099976,119.0500031,116.6766205,169410200,22024.502,260.249,6.8,0.09,324000000000.0,144000000000.0,38016000000,105000000000.0,272000000000.0,66288000000.0,3763000000,2873000000,57411000000,7309000000,-4289000000,-86820000000.0,1
01-12-2020,121.0100021,123.4700012,120.0100021,122.7200012,120.2734604,127728200,22024.502,260.249,6.8,0.09,324000000000.0,144000000000.0,38016000000,105000000000.0,272000000000.0,66288000000.0,3763000000,2873000000,57411000000,7309000000,-4289000000,-86820000000.0,1
02-12-2020,122.0199966,123.3700027,120.8899994,123.0800018,120.6262741,89004200,22024.502,260.249,6.8,0.09,324000000000.0,144000000000.0,38016000000,105000000000.0,272000000000.0,66288000000.0,3763000000,2873000000,57411000000,7309000000,-4289000000,-86820000000.0,1
03-12-2020,123.5199966,123.7799988,122.2099991,122.9400024,120.4890594,78967600,22024.502,260.249,6.8,0.09,324000000000.0,144000000000.0,38016000000,105000000000.0,272000000000.0,66288000000.0,3763000000,2873000000,57411000000,7309000000,-4289000000,-86820000000.0,-1
04-12-2020,122.5999985,122.8600006,121.5199966,122.25,119.8128128,78260400,22024.502,260.249,6.8,0.09,324000000000.0,144000000000.0,38016000000,105000000000.0,272000000000.0,66288000000.0,3763000000,2873000000,57411000000,7309000000,-4289000000,-86820000000.0,-1
07-12-2020,122.3099976,124.5699997,122.25,123.75,121.2829056,86712000,22024.502,260.249,6.8,0.09,324000000000.0,144000000000.0,38016000000,105000000000.0,272000000000.0,66288000000.0,3763000000,2873000000,57411000000,7309000000,-4289000000,-86820000000.0,1
08-12-2020,124.3700027,124.9800034,123.0899963,124.3799973,121.9003525,82225500,22024.502,260.249,6.8,0.09,324000000000.0,144000000000.0,38016000000,105000000000.0,272000000000.0,66288000000.0,3763000000,2873000000,57411000000,7309000000,-4289000000,-86820000000.0,1
09-12-2020,124.5299988,125.9499969,121.0,121.7799988,119.3521805,115089200,22024.502,260.249,6.8,0.09,324000000000.0,144000000000.0,38016000000,105000000000.0,272000000000.0,66288000000.0,3763000000,2873000000,57411000000,7309000000,-4289000000,-86820000000.0,-1
10-12-2020,120.5,123.8700027,120.1500015,123.2399979,120.7830811,81312200,22024.502,260.249,6.8,0.09,324000000000.0,144000000000.0,38016000000,105000000000.0,272000000000.0,66288000000.0,3763000000,2873000000,57411000000,7309000000,-4289000000,-86820000000.0,1
11-12-2020,122.4300003,122.7600021,120.5500031,122.4100037,119.9696274,86939800,22024.502,260.249,6.8,0.09,324000000000.0,144000000000.0,38016000000,105000000000.0,272000000000.0,66288000000.0,3763000000,2873000000,57411000000,7309000000,-4289000000,-86820000000.0,-1
14-12-2020,122.5999985,123.3499985,121.5400009,121.7799988,119.3521805,79184500,22024.502,260.249,6.8,0.09,324000000000.0,144000000000.0,38016000000,105000000000.0,272000000000.0,66288000000.0,3763000000,2873000000,57411000000,7309000000,-4289000000,-86820000000.0,-1
15-12-2020,124.3399963,127.9000015,124.1299973,127.8799973,125.330574,157243700,22024.502,260.249,6.8,0.09,324000000000.0,144000000000.0,38016000000,105000000000.0,272000000000.0,66288000000.0,3763000000,2873000000,57411000000,7309000000,-4289000000,-86820000000.0,1
16-12-2020,127.4100037,128.3699951,126.5599976,127.8099976,125.2619629,98208600,22024.502,260.249,6.8,0.09,324000000000.0,144000000000.0,38016000000,105000000000.0,272000000000.0,66288000000.0,3763000000,2873000000,57411000000,7309000000,-4289000000,-86820000000.0,1
17-12-2020,128.8999939,129.5800018,128.0399933,128.6999969,126.1342239,94359800,22024.502,260.249,6.8,0.09,324000000000.0,144000000000.0,38016000000,105000000000.0,272000000000.0,66288000000.0,3763000000,2873000000,57411000000,7309000000,-4289000000,-86820000000.0,-1
18-12-2020,128.9600067,129.1000061,126.1200027,126.6600037,124.134903,192541500,22024.502,260.249,6.8,0.09,324000000000.0,144000000000.0,38016000000,105000000000.0,272000000000.0,66288000000.0,3763000000,2873000000,57411000000,7309000000,-4289000000,-86820000000.0,-1
21-12-2020,125.0199966,128.3099976,123.4499969,128.2299957,125.6735992,121251600,22024.502,260.249,6.8,0.09,324000000000.0,144000000000.0,38016000000,105000000000.0,272000000000.0,66288000000.0,3763000000,2873000000,57411000000,7309000000,-4289000000,-86820000000.0,1
22-12-2020,131.6100006,134.4100037,129.6499939,131.8800049,129.2507935,168904800,22024.502,260.249,6.8,0.09,324000000000.0,144000000000.0,38016000000,105000000000.0,272000000000.0,66288000000.0,3763000000,2873000000,57411000000,7309000000,-4289000000,-86820000000.0,1
23-12-2020,132.1600037,132.4299927,130.7799988,130.9600067,128.3491821,88223700,22024.502,260.249,6.8,0.09,324000000000.0,144000000000.0,38016000000,105000000000.0,272000000000.0,66288000000.0,3763000000,2873000000,57411000000,7309000000,-4289000000,-86820000000.0,-1
24-12-2020,131.3200073,133.4600067,131.1000061,131.9700012,129.339035,54930100,22024.502,260.249,6.8,0.09,324000000000.0,144000000000.0,38016000000,105000000000.0,272000000000.0,66288000000.0,3763000000,2873000000,57411000000,7309000000,-4289000000,-86820000000.0,1
28-12-2020,133.9900055,137.3399963,133.5099945,136.6900024,133.9649506,124486200,22024.502,260.249,6.8,0.09,324000000000.0,144000000000.0,38016000000,105000000000.0,272000000000.0,66288000000.0,3763000000,2873000000,57411000000,7309000000,-4289000000,-86820000000.0,1
29-12-2020,138.0500031,138.7899933,134.3399963,134.8699951,132.1812286,121047300,22024.502,260.249,6.8,0.09,324000000000.0,144000000000.0,38016000000,105000000000.0,272000000000.0,66288000000.0,3763000000,2873000000,57411000000,7309000000,-4289000000,-86820000000.0,-1
30-12-2020,135.5800018,135.9900055,133.3999939,133.7200012,131.0541534,96452100,22024.502,260.249,6.8,0.09,324000000000.0,144000000000.0,38016000000,105000000000.0,272000000000.0,66288000000.0,3763000000,2873000000,57411000000,7309000000,-4289000000,-86820000000.0,-1
31-12-2020,134.0800018,134.7400055,131.7200012,132.6900024,130.044693,99116600,22024.502,260.249,6.8,0.09,324000000000.0,144000000000.0,38016000000,105000000000.0,272000000000.0,66288000000.0,3763000000,2873000000,57411000000,7309000000,-4289000000,-86820000000.0,-1
04-01-2021,133.5200043,133.6100006,126.7600021,129.4100037,126.8300552,143301900,22600.185,262.518,6.4,0.09,324000000000.0,144000000000.0,38016000000,105000000000.0,272000000000.0,66288000000.0,3763000000,2873000000,57411000000,7309000000,-4289000000,-86820000000.0,-1
05-01-2021,128.8899994,131.7400055,128.4299927,131.0099945,128.3981934,97664900,22600.185,262.518,6.4,0.09,324000000000.0,144000000000.0,38016000000,105000000000.0,272000000000.0,66288000000.0,3763000000,2873000000,57411000000,7309000000,-4289000000,-86820000000.0,1
06-01-2021,127.7200012,131.0500031,126.3799973,126.5999985,124.0760803,155088000,22600.185,262.518,6.4,0.09,324000000000.0,144000000000.0,38016000000,105000000000.0,272000000000.0,66288000000.0,3763000000,2873000000,57411000000,7309000000,-4289000000,-86820000000.0,-1
07-01-2021,128.3600006,131.6300049,127.8600006,130.9199982,128.3099823,109578200,22600.185,262.518,6.4,0.09,324000000000.0,144000000000.0,38016000000,105000000000.0,272000000000.0,66288000000.0,3763000000,2873000000,57411000000,7309000000,-4289000000,-86820000000.0,1
08-01-2021,132.4299927,132.6300049,130.2299957,132.0500031,129.4174194,105158200,22600.185,262.518,6.4,0.09,324000000000.0,144000000000.0,38016000000,105000000000.0,272000000000.0,66288000000.0,3763000000,2873000000,57411000000,7309000000,-4289000000,-86820000000.0,-1
11-01-2021,129.1900024,130.1699982,128.5,128.9799957,126.4086304,100384500,22600.185,262.518,6.4,0.09,324000000000.0,144000000000.0,38016000000,105000000000.0,272000000000.0,66288000000.0,3763000000,2873000000,57411000000,7309000000,-4289000000,-86820000000.0,-1
12-01-2021,128.5,129.6900024,126.8600006,128.8000031,126.2322235,91951100,22600.185,262.518,6.4,0.09,324000000000.0,144000000000.0,38016000000,105000000000.0,272000000000.0,66288000000.0,3763000000,2873000000,57411000000,7309000000,-4289000000,-86820000000.0,1
13-01-2021,128.7599945,131.4499969,128.4900055,130.8899994,128.2805634,88636800,22600.185,262.518,6.4,0.09,324000000000.0,144000000000.0,38016000000,105000000000.0,272000000000.0,66288000000.0,3763000000,2873000000,57411000000,7309000000,-4289000000,-86820000000.0,1
14-01-2021,130.8000031,131.0,128.7599945,128.9100037,126.3400574,90221800,22600.185,262.518,6.4,0.09,324000000000.0,144000000000.0,38016000000,105000000000.0,272000000000.0,66288000000.0,3763000000,2873000000,57411000000,7309000000,-4289000000,-86820000000.0,-1
15-01-2021,128.7799988,130.2200012,127.0,127.1399994,124.6053238,111598500,22600.185,262.518,6.4,0.09,324000000000.0,144000000000.0,38016000000,105000000000.0,272000000000.0,66288000000.0,3763000000,2873000000,57411000000,7309000000,-4289000000,-86820000000.0,-1
19-01-2021,127.7799988,128.7100067,126.9400024,127.8300018,125.2815704,90757300,22600.185,262.518,6.4,0.09,324000000000.0,144000000000.0,38016000000,105000000000.0,272000000000.0,66288000000.0,3763000000,2873000000,57411000000,7309000000,-4289000000,-86820000000.0,1
20-01-2021,128.6600037,132.4900055,128.5500031,132.0299988,129.3978424,104319500,22600.185,262.518,6.4,0.09,324000000000.0,144000000000.0,38016000000,105000000000.0,272000000000.0,66288000000.0,3763000000,2873000000,57411000000,7309000000,-4289000000,-86820000000.0,1
21-01-2021,133.8000031,139.6699982,133.5899963,136.8699951,134.1413269,120150900,22600.185,262.518,6.4,0.09,324000000000.0,144000000000.0,38016000000,105000000000.0,272000000000.0,66288000000.0,3763000000,2873000000,57411000000,7309000000,-4289000000,-86820000000.0,1
22-01-2021,136.2799988,139.8500061,135.0200043,139.0700073,136.2975006,114459400,22600.185,262.518,6.4,0.09,324000000000.0,144000000000.0,38016000000,105000000000.0,272000000000.0,66288000000.0,3763000000,2873000000,57411000000,7309000000,-4289000000,-86820000000.0,1
25-01-2021,143.0700073,145.0899963,136.5399933,142.9199982,140.0707397,157611700,22600.185,262.518,6.4,0.09,324000000000.0,144000000000.0,38016000000,105000000000.0,272000000000.0,66288000000.0,3763000000,2873000000,57411000000,7309000000,-4289000000,-86820000000.0,-1
26-01-2021,143.6000061,144.3000031,141.3699951,143.1600037,140.305954,98390600,22600.185,262.518,6.4,0.09,324000000000.0,144000000000.0,38016000000,105000000000.0,272000000000.0,66288000000.0,3763000000,2873000000,57411000000,7309000000,-4289000000,-86820000000.0,-1
27-01-2021,143.4299927,144.3000031,140.4100037,142.0599976,139.2278748,140843800,22600.185,262.518,6.4,0.09,324000000000.0,144000000000.0,38016000000,105000000000.0,272000000000.0,66288000000.0,3763000000,2873000000,57411000000,7309000000,-4289000000,-86820000000.0,-1
28-01-2021,139.5200043,141.9900055,136.6999969,137.0899963,134.3569489,142621100,22600.185,262.518,6.4,0.09,324000000000.0,144000000000.0,38016000000,105000000000.0,272000000000.0,66288000000.0,3763000000,2873000000,57411000000,7309000000,-4289000000,-86820000000.0,-1
29-01-2021,135.8300018,136.7400055,130.2100067,131.9600067,129.3292542,177523800,22600.185,262.518,6.4,0.09,324000000000.0,144000000000.0,38016000000,105000000000.0,272000000000.0,66288000000.0,3763000000,2873000000,57411000000,7309000000,-4289000000,-86820000000.0,-1
01-02-2021,133.75,135.3800049,130.9299927,134.1399994,131.4657288,106239800,22600.185,262.518,6.4,0.09,324000000000.0,144000000000.0,38016000000,105000000000.0,272000000000.0,66288000000.0,3763000000,2873000000,57411000000,7309000000,-4289000000,-86820000000.0,1
02-02-2021,135.7299957,136.3099976,134.6100006,134.9900055,132.2988281,83305400,22600.185,262.518,6.4,0.09,324000000000.0,144000000000.0,38016000000,105000000000.0,272000000000.0,66288000000.0,3763000000,2873000000,57411000000,7309000000,-4289000000,-86820000000.0,-1
03-02-2021,135.7599945,135.7700043,133.6100006,133.9400024,131.2697754,89880900,22600.185,262.518,6.4,0.09,324000000000.0,144000000000.0,38016000000,105000000000.0,272000000000.0,66288000000.0,3763000000,2873000000,57411000000,7309000000,-4289000000,-86820000000.0,-1
04-02-2021,136.3000031,137.3999939,134.5899963,137.3899994,134.6509552,84183100,22600.185,262.518,6.4,0.09,324000000000.0,144000000000.0,38016000000,105000000000.0,272000000000.0,66288000000.0,3763000000,2873000000,57411000000,7309000000,-4289000000,-86820000000.0,1
05-02-2021,137.3500061,137.4199982,135.8600006,136.7599945,134.2338257,75693800,22600.185,262.518,6.4,0.09,324000000000.0,144000000000.0,38016000000,105000000000.0,272000000000.0,66288000000.0,3763000000,2873000000,57411000000,7309000000,-4289000000,-86820000000.0,-1
08-02-2021,136.0299988,136.9600067,134.9199982,136.9100037,134.381073,71297200,22600.185,262.518,6.4,0.09,324000000000.0,144000000000.0,38016000000,105000000000.0,272000000000.0,66288000000.0,3763000000,2873000000,57411000000,7309000000,-4289000000,-86820000000.0,1
09-02-2021,136.6199951,137.8800049,135.8500061,136.0099945,133.4976807,76774200,22600.185,262.518,6.4,0.09,324000000000.0,144000000000.0,38016000000,105000000000.0,272000000000.0,66288000000.0,3763000000,2873000000,57411000000,7309000000,-4289000000,-86820000000.0,-1
10-02-2021,136.4799957,136.9900055,134.3999939,135.3899994,132.8891449,73046600,22600.185,262.518,6.4,0.09,324000000000.0,144000000000.0,38016000000,105000000000.0,272000000000.0,66288000000.0,3763000000,2873000000,57411000000,7309000000,-4289000000,-86820000000.0,-1
11-02-2021,135.8999939,136.3899994,133.7700043,135.1300049,132.6339417,64280000,22600.185,262.518,6.4,0.09,324000000000.0,144000000000.0,38016000000,105000000000.0,272000000000.0,66288000000.0,3763000000,2873000000,57411000000,7309000000,-4289000000,-86820000000.0,-1
12-02-2021,134.3500061,135.5299988,133.6900024,135.3699951,132.8695068,60145100,22600.185,262.518,6.4,0.09,324000000000.0,144000000000.0,38016000000,105000000000.0,272000000000.0,66288000000.0,3763000000,2873000000,57411000000,7309000000,-4289000000,-86820000000.0,1
16-02-2021,135.4900055,136.0099945,132.7899933,133.1900024,130.7297821,80576300,22600.185,262.518,6.4,0.09,324000000000.0,144000000000.0,38016000000,105000000000.0,272000000000.0,66288000000.0,3763000000,2873000000,57411000000,7309000000,-4289000000,-86820000000.0,-1
17-02-2021,131.25,132.2200012,129.4700012,130.8399963,128.423172,97918500,22600.185,262.518,6.4,0.09,324000000000.0,144000000000.0,38016000000,105000000000.0,272000000000.0,66288000000.0,3763000000,2873000000,57411000000,7309000000,-4289000000,-86820000000.0,-1
18-02-2021,129.1999969,130.0,127.4100037,129.7100067,127.314064,96856700,22600.185,262.518,6.4,0.09,324000000000.0,144000000000.0,38016000000,105000000000.0,272000000000.0,66288000000.0,3763000000,2873000000,57411000000,7309000000,-4289000000,-86820000000.0,1
19-02-2021,130.2400055,130.7100067,128.8000031,129.8699951,127.4710999,87668800,22600.185,262.518,6.4,0.09,324000000000.0,144000000000.0,38016000000,105000000000.0,272000000000.0,66288000000.0,3763000000,2873000000,57411000000,7309000000,-4289000000,-86820000000.0,-1
22-02-2021,128.0099945,129.7200012,125.5999985,126.0,123.6725769,103916400,22600.185,262.518,6.4,0.09,324000000000.0,144000000000.0,38016000000,105000000000.0,272000000000.0,66288000000.0,3763000000,2873000000,57411000000,7309000000,-4289000000,-86820000000.0,-1
23-02-2021,123.7600021,126.7099991,118.3899994,125.8600006,123.5351715,158273000,22600.185,262.518,6.4,0.09,324000000000.0,144000000000.0,38016000000,105000000000.0,272000000000.0,66288000000.0,3763000000,2873000000,57411000000,7309000000,-4289000000,-86820000000.0,1
24-02-2021,124.9400024,125.5599976,122.2300034,125.3499985,123.034584,111039900,22600.185,262.518,6.4,0.09,324000000000.0,144000000000.0,38016000000,105000000000.0,272000000000.0,66288000000.0,3763000000,2873000000,57411000000,7309000000,-4289000000,-86820000000.0,1
25-02-2021,124.6800003,126.4599991,120.5400009,120.9899979,118.755127,148199500,22600.185,262.518,6.4,0.09,324000000000.0,144000000000.0,38016000000,105000000000.0,272000000000.0,66288000000.0,3763000000,2873000000,57411000000,7309000000,-4289000000,-86820000000.0,-1
26-02-2021,122.5899963,124.8499985,121.1999969,121.2600021,119.020134,164560400,22600.185,262.518,6.4,0.09,324000000000.0,144000000000.0,38016000000,105000000000.0,272000000000.0,66288000000.0,3763000000,2873000000,57411000000,7309000000,-4289000000,-86820000000.0,-1
01-03-2021,123.75,127.9300003,122.7900009,127.7900009,125.4295197,116307900,22600.185,262.518,6.4,0.09,324000000000.0,144000000000.0,38016000000,105000000000.0,272000000000.0,66288000000.0,3763000000,2873000000,57411000000,7309000000,-4289000000,-86820000000.0,1
02-03-2021,128.4100037,128.7200012,125.0100021,125.1200027,122.8088455,102260900,22600.185,262.518,6.4,0.09,324000000000.0,144000000000.0,38016000000,105000000000.0,272000000000.0,66288000000.0,3763000000,2873000000,57411000000,7309000000,-4289000000,-86820000000.0,-1
03-03-2021,124.8099976,125.7099991,121.8399963,122.0599976,119.8053589,112966300,22600.185,262.518,6.4,0.09,324000000000.0,144000000000.0,38016000000,105000000000.0,272000000000.0,66288000000.0,3763000000,2873000000,57411000000,7309000000,-4289000000,-86820000000.0,-1
04-03-2021,121.75,123.5999985,118.6200027,120.1299973,117.9110031,178155000,22600.185,262.518,6.4,0.09,324000000000.0,144000000000.0,38016000000,105000000000.0,272000000000.0,66288000000.0,3763000000,2873000000,57411000000,7309000000,-4289000000,-86820000000.0,-1
05-03-2021,120.9800034,121.9400024,117.5699997,121.4199982,119.1771851,153766600,22600.185,262.518,6.4,0.09,324000000000.0,144000000000.0,38016000000,105000000000.0,272000000000.0,66288000000.0,3763000000,2873000000,57411000000,7309000000,-4289000000,-86820000000.0,1
08-03-2021,120.9300003,121.0,116.2099991,116.3600006,114.2106552,154376600,22600.185,262.518,6.4,0.09,324000000000.0,144000000000.0,38016000000,105000000000.0,272000000000.0,66288000000.0,3763000000,2873000000,57411000000,7309000000,-4289000000,-86820000000.0,-1
09-03-2021,119.0299988,122.0599976,118.7900009,121.0899963,118.8532715,129525800,22600.185,262.518,6.4,0.09,324000000000.0,144000000000.0,38016000000,105000000000.0,272000000000.0,66288000000.0,3763000000,2873000000,57411000000,7309000000,-4289000000,-86820000000.0,1
10-03-2021,121.6900024,122.1699982,119.4499969,119.9800034,117.7637939,111943300,22600.185,262.518,6.4,0.09,324000000000.0,144000000000.0,38016000000,105000000000.0,272000000000.0,66288000000.0,3763000000,2873000000,57411000000,7309000000,-4289000000,-86820000000.0,-1
11-03-2021,122.5400009,123.2099991,121.2600021,121.9599991,119.707222,103026500,22600.185,262.518,6.4,0.09,324000000000.0,144000000000.0,38016000000,105000000000.0,272000000000.0,66288000000.0,3763000000,2873000000,57411000000,7309000000,-4289000000,-86820000000.0,-1
12-03-2021,120.4000015,121.1699982,119.1600037,121.0299988,118.7943802,88105100,22600.185,262.518,6.4,0.09,324000000000.0,144000000000.0,38016000000,105000000000.0,272000000000.0,66288000000.0,3763000000,2873000000,57411000000,7309000000,-4289000000,-86820000000.0,1
15-03-2021,121.4100037,124.0,120.4199982,123.9899979,121.699707,92403800,22600.185,262.518,6.4,0.09,324000000000.0,144000000000.0,38016000000,105000000000.0,272000000000.0,66288000000.0,3763000000,2873000000,57411000000,7309000000,-4289000000,-86820000000.0,1
16-03-2021,125.6999969,127.2200012,124.7200012,125.5699997,123.2505188,115227900,22600.185,262.518,6.4,0.09,324000000000.0,144000000000.0,38016000000,105000000000.0,272000000000.0,66288000000.0,3763000000,2873000000,57411000000,7309000000,-4289000000,-86820000000.0,-1
17-03-2021,124.0500031,125.8600006,122.3399963,124.7600021,122.4554825,111932600,22600.185,262.518,6.4,0.09,324000000000.0,144000000000.0,38016000000,105000000000.0,272000000000.0,66288000000.0,3763000000,2873000000,57411000000,7309000000,-4289000000,-86820000000.0,1
18-03-2021,122.8799973,123.1800003,120.3199997,120.5299988,118.3036118,121229700,22600.185,262.518,6.4,0.09,324000000000.0,144000000000.0,38016000000,105000000000.0,272000000000.0,66288000000.0,3763000000,2873000000,57411000000,7309000000,-4289000000,-86820000000.0,-1
19-03-2021,119.9000015,121.4300003,119.6800003,119.9899979,117.7735977,185549500,22600.185,262.518,6.4,0.09,324000000000.0,144000000000.0,38016000000,105000000000.0,272000000000.0,66288000000.0,3763000000,2873000000,57411000000,7309000000,-4289000000,-86820000000.0,1
22-03-2021,120.3300018,123.8700027,120.2600021,123.3899994,121.1108017,111912300,22600.185,262.518,6.4,0.09,324000000000.0,144000000000.0,38016000000,105000000000.0,272000000000.0,66288000000.0,3763000000,2873000000,57411000000,7309000000,-4289000000,-86820000000.0,1
23-03-2021,123.3300018,124.2399979,122.1399994,122.5400009,120.2764969,95467100,22600.185,262.518,6.4,0.09,324000000000.0,144000000000.0,38016000000,105000000000.0,272000000000.0,66288000000.0,3763000000,2873000000,57411000000,7309000000,-4289000000,-86820000000.0,-1
24-03-2021,122.8199997,122.9000015,120.0699997,120.0899963,117.8717575,88530500,22600.185,262.518,6.4,0.09,324000000000.0,144000000000.0,38016000000,105000000000.0,272000000000.0,66288000000.0,3763000000,2873000000,57411000000,7309000000,-4289000000,-86820000000.0,-1
25-03-2021,119.5400009,121.6600037,119.0,120.5899963,118.3625183,98844700,22600.185,262.518,6.4,0.09,324000000000.0,144000000000.0,38016000000,105000000000.0,272000000000.0,66288000000.0,3763000000,2873000000,57411000000,7309000000,-4289000000,-86820000000.0,1
26-03-2021,120.3499985,121.4800034,118.9199982,121.2099991,118.9710693,94071200,22600.185,262.518,6.4,0.09,324000000000.0,144000000000.0,38016000000,105000000000.0,272000000000.0,66288000000.0,3763000000,2873000000,57411000000,7309000000,-4289000000,-86820000000.0,1
29-03-2021,121.6500015,122.5800018,120.7300034,121.3899994,119.1477356,80819200,22600.185,262.518,6.4,0.09,324000000000.0,144000000000.0,38016000000,105000000000.0,272000000000.0,66288000000.0,3763000000,2873000000,57411000000,7309000000,-4289000000,-86820000000.0,-1
30-03-2021,120.1100006,120.4000015,118.8600006,119.9000015,117.6852646,85671900,22600.185,262.518,6.4,0.09,324000000000.0,144000000000.0,38016000000,105000000000.0,272000000000.0,66288000000.0,3763000000,2873000000,57411000000,7309000000,-4289000000,-86820000000.0,-1
31-03-2021,121.6500015,123.5199966,121.1500015,122.1500015,119.8936996,118323800,22600.185,262.518,6.4,0.09,324000000000.0,144000000000.0,38016000000,105000000000.0,272000000000.0,66288000000.0,3763000000,2873000000,57411000000,7309000000,-4289000000,-86820000000.0,1
01-04-2021,123.6600037,124.1800003,122.4899979,123.0,120.7279968,75089100,23292.362,266.752,6.1,0.07,324000000000.0,144000000000.0,38016000000,105000000000.0,272000000000.0,66288000000.0,3763000000,2873000000,57411000000,7309000000,-4289000000,-86820000000.0,-1
05-04-2021,123.8700027,126.1600037,123.0699997,125.9000015,123.57444,88651200,23292.362,266.752,6.1,0.07,324000000000.0,144000000000.0,38016000000,105000000000.0,272000000000.0,66288000000.0,3763000000,2873000000,57411000000,7309000000,-4289000000,-86820000000.0,1
06-04-2021,126.5,127.1299973,125.6500015,126.2099991,123.8786926,80171300,23292.362,266.752,6.1,0.07,324000000000.0,144000000000.0,38016000000,105000000000.0,272000000000.0,66288000000.0,3763000000,2873000000,57411000000,7309000000,-4289000000,-86820000000.0,-1
07-04-2021,125.8300018,127.9199982,125.1399994,127.9000015,125.5374985,83466700,23292.362,266.752,6.1,0.07,324000000000.0,144000000000.0,38016000000,105000000000.0,272000000000.0,66288000000.0,3763000000,2873000000,57411000000,7309000000,-4289000000,-86820000000.0,1
08-04-2021,128.9499969,130.3899994,128.5200043,130.3600006,127.9520416,88844600,23292.362,266.752,6.1,0.07,324000000000.0,144000000000.0,38016000000,105000000000.0,272000000000.0,66288000000.0,3763000000,2873000000,57411000000,7309000000,-4289000000,-86820000000.0,1
09-04-2021,129.8000031,133.0399933,129.4700012,133.0,130.5432587,106686700,23292.362,266.752,6.1,0.07,324000000000.0,144000000000.0,38016000000,105000000000.0,272000000000.0,66288000000.0,3763000000,2873000000,57411000000,7309000000,-4289000000,-86820000000.0,1
12-04-2021,132.5200043,132.8500061,130.6300049,131.2400055,128.8158264,91420000,23292.362,266.752,6.1,0.07,324000000000.0,144000000000.0,38016000000,105000000000.0,272000000000.0,66288000000.0,3763000000,2873000000,57411000000,7309000000,-4289000000,-86820000000.0,-1
13-04-2021,132.4400024,134.6600037,131.9299927,134.4299927,131.9468536,91266500,23292.362,266.752,6.1,0.07,324000000000.0,144000000000.0,38016000000,105000000000.0,272000000000.0,66288000000.0,3763000000,2873000000,57411000000,7309000000,-4289000000,-86820000000.0,1
14-04-2021,134.9400024,135.0,131.6600037,132.0299988,129.5912018,87222800,23292.362,266.752,6.1,0.07,324000000000.0,144000000000.0,38016000000,105000000000.0,272000000000.0,66288000000.0,3763000000,2873000000,57411000000,7309000000,-4289000000,-86820000000.0,-1
15-04-2021,133.8200073,135.0,133.6399994,134.5,132.0155792,89347100,23292.362,266.752,6.1,0.07,324000000000.0,144000000000.0,38016000000,105000000000.0,272000000000.0,66288000000.0,3763000000,2873000000,57411000000,7309000000,-4289000000,-86820000000.0,1
16-04-2021,134.3000031,134.6699982,133.2799988,134.1600037,131.6818848,84922400,23292.362,266.752,6.1,0.07,324000000000.0,144000000000.0,38016000000,105000000000.0,272000000000.0,66288000000.0,3763000000,2873000000,57411000000,7309000000,-4289000000,-86820000000.0,-1
19-04-2021,133.5099945,135.4700012,133.3399963,134.8399963,132.3492889,94264200,23292.362,266.752,6.1,0.07,324000000000.0,144000000000.0,38016000000,105000000000.0,272000000000.0,66288000000.0,3763000000,2873000000,57411000000,7309000000,-4289000000,-86820000000.0,1
20-04-2021,135.0200043,135.5299988,131.8099976,133.1100006,130.6512451,94812300,23292.362,266.752,6.1,0.07,324000000000.0,144000000000.0,38016000000,105000000000.0,272000000000.0,66288000000.0,3763000000,2873000000,57411000000,7309000000,-4289000000,-86820000000.0,-1
21-04-2021,132.3600006,133.75,131.3000031,133.5,131.0340576,68847100,23292.362,266.752,6.1,0.07,324000000000.0,144000000000.0,38016000000,105000000000.0,272000000000.0,66288000000.0,3763000000,2873000000,57411000000,7309000000,-4289000000,-86820000000.0,1
22-04-2021,133.0399933,134.1499939,131.4100037,131.9400024,129.5028687,84566500,23292.362,266.752,6.1,0.07,324000000000.0,144000000000.0,38016000000,105000000000.0,272000000000.0,66288000000.0,3763000000,2873000000,57411000000,7309000000,-4289000000,-86820000000.0,-1
23-04-2021,132.1600037,135.1199951,132.1600037,134.3200073,131.8388824,78657500,23292.362,266.752,6.1,0.07,324000000000.0,144000000000.0,38016000000,105000000000.0,272000000000.0,66288000000.0,3763000000,2873000000,57411000000,7309000000,-4289000000,-86820000000.0,1
26-04-2021,134.8300018,135.0599976,133.5599976,134.7200012,132.2315063,66905100,23292.362,266.752,6.1,0.07,324000000000.0,144000000000.0,38016000000,105000000000.0,272000000000.0,66288000000.0,3763000000,2873000000,57411000000,7309000000,-4289000000,-86820000000.0,-1
27-04-2021,135.0099945,135.4100037,134.1100006,134.3899994,131.9075928,66015800,23292.362,266.752,6.1,0.07,324000000000.0,144000000000.0,38016000000,105000000000.0,272000000000.0,66288000000.0,3763000000,2873000000,57411000000,7309000000,-4289000000,-86820000000.0,-1
28-04-2021,134.3099976,135.0200043,133.0800018,133.5800018,131.1125793,107760100,23292.362,266.752,6.1,0.07,324000000000.0,144000000000.0,38016000000,105000000000.0,272000000000.0,66288000000.0,3763000000,2873000000,57411000000,7309000000,-4289000000,-86820000000.0,-1
29-04-2021,136.4700012,137.0700073,132.4499969,133.4799957,131.0144196,151101000,23292.362,266.752,6.1,0.07,324000000000.0,144000000000.0,38016000000,105000000000.0,272000000000.0,66288000000.0,3763000000,2873000000,57411000000,7309000000,-4289000000,-86820000000.0,-1
30-04-2021,131.7799988,133.5599976,131.0700073,131.4600067,129.0317383,109839500,23292.362,266.752,6.1,0.07,324000000000.0,144000000000.0,38016000000,105000000000.0,272000000000.0,66288000000.0,3763000000,2873000000,57411000000,7309000000,-4289000000,-86820000000.0,-1
03-05-2021,132.0399933,134.0700073,131.8300018,132.5399933,130.0917969,75135100,23292.362,266.752,6.1,0.07,324000000000.0,144000000000.0,38016000000,105000000000.0,272000000000.0,66288000000.0,3763000000,2873000000,57411000000,7309000000,-4289000000,-86820000000.0,1
04-05-2021,131.1900024,131.4900055,126.6999969,127.8499985,125.4884109,137564700,23292.362,266.752,6.1,0.07,324000000000.0,144000000000.0,38016000000,105000000000.0,272000000000.0,66288000000.0,3763000000,2873000000,57411000000,7309000000,-4289000000,-86820000000.0,-1
05-05-2021,129.1999969,130.4499969,127.9700012,128.1000061,125.7338104,84000900,23292.362,266.752,6.1,0.07,324000000000.0,144000000000.0,38016000000,105000000000.0,272000000000.0,66288000000.0,3763000000,2873000000,57411000000,7309000000,-4289000000,-86820000000.0,-1
06-05-2021,127.8899994,129.75,127.1299973,129.7400055,127.3435059,78128300,23292.362,266.752,6.1,0.07,324000000000.0,144000000000.0,38016000000,105000000000.0,272000000000.0,66288000000.0,3763000000,2873000000,57411000000,7309000000,-4289000000,-86820000000.0,1
07-05-2021,130.8500061,131.2599945,129.4799957,130.2100067,128.0219116,78973300,23292.362,266.752,6.1,0.07,324000000000.0,144000000000.0,38016000000,105000000000.0,272000000000.0,66288000000.0,3763000000,2873000000,57411000000,7309000000,-4289000000,-86820000000.0,-1
10-05-2021,129.4100037,129.5399933,126.8099976,126.8499985,124.7183762,88071200,23292.362,266.752,6.1,0.07,324000000000.0,144000000000.0,38016000000,105000000000.0,272000000000.0,66288000000.0,3763000000,2873000000,57411000000,7309000000,-4289000000,-86820000000.0,-1
11-05-2021,123.5,126.2699966,122.7699966,125.9100037,123.7941589,126142800,23292.362,266.752,6.1,0.07,324000000000.0,144000000000.0,38016000000,105000000000.0,272000000000.0,66288000000.0,3763000000,2873000000,57411000000,7309000000,-4289000000,-86820000000.0,1
12-05-2021,123.4000015,124.6399994,122.25,122.7699966,120.7069244,112172300,23292.362,266.752,6.1,0.07,324000000000.0,144000000000.0,38016000000,105000000000.0,272000000000.0,66288000000.0,3763000000,2873000000,57411000000,7309000000,-4289000000,-86820000000.0,-1
13-05-2021,124.5800018,126.1500015,124.2600021,124.9700012,122.8699799,105861300,23292.362,266.752,6.1,0.07,324000000000.0,144000000000.0,38016000000,105000000000.0,272000000000.0,66288000000.0,3763000000,2873000000,57411000000,7309000000,-4289000000,-86820000000.0,1
14-05-2021,126.25,127.8899994,125.8499985,127.4499969,125.3082733,81918000,23292.362,266.752,6.1,0.07,324000000000.0,144000000000.0,38016000000,105000000000.0,272000000000.0,66288000000.0,3763000000,2873000000,57411000000,7309000000,-4289000000,-86820000000.0,1
17-05-2021,126.8199997,126.9300003,125.1699982,126.2699966,124.1481018,74244600,23292.362,266.752,6.1,0.07,324000000000.0,144000000000.0,38016000000,105000000000.0,272000000000.0,66288000000.0,3763000000,2873000000,57411000000,7309000000,-4289000000,-86820000000.0,-1
18-05-2021,126.5599976,126.9899979,124.7799988,124.8499985,122.751976,63342900,23292.362,266.752,6.1,0.07,324000000000.0,144000000000.0,38016000000,105000000000.0,272000000000.0,66288000000.0,3763000000,2873000000,57411000000,7309000000,-4289000000,-86820000000.0,-1
19-05-2021,123.1600037,124.9199982,122.8600006,124.6900024,122.5946579,92612000,23292.362,266.752,6.1,0.07,324000000000.0,144000000000.0,38016000000,105000000000.0,272000000000.0,66288000000.0,3763000000,2873000000,57411000000,7309000000,-4289000000,-86820000000.0,1
20-05-2021,125.2300034,127.7200012,125.0999985,127.3099976,125.170639,76857100,23292.362,266.752,6.1,0.07,324000000000.0,144000000000.0,38016000000,105000000000.0,272000000000.0,66288000000.0,3763000000,2873000000,57411000000,7309000000,-4289000000,-86820000000.0,1
21-05-2021,127.8199997,128.0,125.2099991,125.4300003,123.3222351,79295400,23292.362,266.752,6.1,0.07,324000000000.0,144000000000.0,38016000000,105000000000.0,272000000000.0,66288000000.0,3763000000,2873000000,57411000000,7309000000,-4289000000,-86820000000.0,-1
24-05-2021,126.0100021,127.9400024,125.9400024,127.0999985,124.9641647,63092900,23292.362,266.752,6.1,0.07,324000000000.0,144000000000.0,38016000000,105000000000.0,272000000000.0,66288000000.0,3763000000,2873000000,57411000000,7309000000,-4289000000,-86820000000.0,1
25-05-2021,127.8199997,128.3200073,126.3199997,126.9000015,124.7675247,72009500,23292.362,266.752,6.1,0.07,324000000000.0,144000000000.0,38016000000,105000000000.0,272000000000.0,66288000000.0,3763000000,2873000000,57411000000,7309000000,-4289000000,-86820000000.0,-1
26-05-2021,126.9599991,127.3899994,126.4199982,126.8499985,124.7183762,56575900,23292.362,266.752,6.1,0.07,324000000000.0,144000000000.0,38016000000,105000000000.0,272000000000.0,66288000000.0,3763000000,2873000000,57411000000,7309000000,-4289000000,-86820000000.0,-1
27-05-2021,126.4400024,127.6399994,125.0800018,125.2799988,123.1747665,94625600,23292.362,266.752,6.1,0.07,324000000000.0,144000000000.0,38016000000,105000000000.0,272000000000.0,66288000000.0,3763000000,2873000000,57411000000,7309000000,-4289000000,-86820000000.0,-1
28-05-2021,125.5699997,125.8000031,124.5500031,124.6100006,122.5160217,71311100,23292.362,266.752,6.1,0.07,324000000000.0,144000000000.0,38016000000,105000000000.0,272000000000.0,66288000000.0,3763000000,2873000000,57411000000,7309000000,-4289000000,-86820000000.0,-1
01-06-2021,125.0800018,125.3499985,123.9400024,124.2799988,122.1915512,67637100,23292.362,266.752,6.1,0.07,324000000000.0,144000000000.0,38016000000,105000000000.0,272000000000.0,66288000000.0,3763000000,2873000000,57411000000,7309000000,-4289000000,-86820000000.0,-1
02-06-2021,124.2799988,125.2399979,124.0500031,125.0599976,122.9584351,59278900,23292.362,266.752,6.1,0.07,324000000000.0,144000000000.0,38016000000,105000000000.0,272000000000.0,66288000000.0,3763000000,2873000000,57411000000,7309000000,-4289000000,-86820000000.0,1
03-06-2021,124.6800003,124.8499985,123.1299973,123.5400009,121.4639893,76229200,23292.362,266.752,6.1,0.07,324000000000.0,144000000000.0,38016000000,105000000000.0,272000000000.0,66288000000.0,3763000000,2873000000,57411000000,7309000000,-4289000000,-86820000000.0,-1
04-06-2021,124.0699997,126.1600037,123.8499985,125.8899994,123.774498,75169300,23292.362,266.752,6.1,0.07,324000000000.0,144000000000.0,38016000000,105000000000.0,272000000000.0,66288000000.0,3763000000,2873000000,57411000000,7309000000,-4289000000,-86820000000.0,1
07-06-2021,126.1699982,126.3199997,124.8300018,125.9000015,123.7843323,71057600,23292.362,266.752,6.1,0.07,324000000000.0,144000000000.0,38016000000,105000000000.0,272000000000.0,66288000000.0,3763000000,2873000000,57411000000,7309000000,-4289000000,-86820000000.0,-1
08-06-2021,126.5999985,128.4600067,126.2099991,126.7399979,124.6102295,74403800,23292.362,266.752,6.1,0.07,324000000000.0,144000000000.0,38016000000,105000000000.0,272000000000.0,66288000000.0,3763000000,2873000000,57411000000,7309000000,-4289000000,-86820000000.0,1
09-06-2021,127.2099991,127.75,126.5199966,127.1299973,124.9936676,56877900,23292.362,266.752,6.1,0.07,324000000000.0,144000000000.0,38016000000,105000000000.0,272000000000.0,66288000000.0,3763000000,2873000000,57411000000,7309000000,-4289000000,-86820000000.0,-1
10-06-2021,127.0199966,128.1900024,125.9400024,126.1100006,123.9908066,71186400,23292.362,266.752,6.1,0.07,324000000000.0,144000000000.0,38016000000,105000000000.0,272000000000.0,66288000000.0,3763000000,2873000000,57411000000,7309000000,-4289000000,-86820000000.0,-1
11-06-2021,126.5299988,127.4400024,126.0999985,127.3499985,125.2099533,53522400,23292.362,266.752,6.1,0.07,324000000000.0,144000000000.0,38016000000,105000000000.0,272000000000.0,66288000000.0,3763000000,2873000000,57411000000,7309000000,-4289000000,-86820000000.0,1
14-06-2021,127.8199997,130.5399933,127.0699997,130.4799957,128.2873688,96906500,23292.362,266.752,6.1,0.07,324000000000.0,144000000000.0,38016000000,105000000000.0,272000000000.0,66288000000.0,3763000000,2873000000,57411000000,7309000000,-4289000000,-86820000000.0,1
15-06-2021,129.9400024,130.6000061,129.3899994,129.6399994,127.4614639,62746300,23292.362,266.752,6.1,0.07,324000000000.0,144000000000.0,38016000000,105000000000.0,272000000000.0,66288000000.0,3763000000,2873000000,57411000000,7309000000,-4289000000,-86820000000.0,-1
16-06-2021,130.3699951,130.8899994,128.4600067,130.1499939,127.9629211,91815000,23292.362,266.752,6.1,0.07,324000000000.0,144000000000.0,38016000000,105000000000.0,272000000000.0,66288000000.0,3763000000,2873000000,57411000000,7309000000,-4289000000,-86820000000.0,-1
17-06-2021,129.8000031,132.5500031,129.6499939,131.7899933,129.5753479,96721700,23292.362,266.752,6.1,0.07,324000000000.0,144000000000.0,38016000000,105000000000.0,272000000000.0,66288000000.0,3763000000,2873000000,57411000000,7309000000,-4289000000,-86820000000.0,1
18-06-2021,130.7100067,131.5099945,130.2400055,130.4600067,128.2677002,108953300,23292.362,266.752,6.1,0.07,324000000000.0,144000000000.0,38016000000,105000000000.0,272000000000.0,66288000000.0,3763000000,2873000000,57411000000,7309000000,-4289000000,-86820000000.0,-1
21-06-2021,130.3000031,132.4100037,129.2100067,132.3000031,130.0767975,79663300,23292.362,266.752,6.1,0.07,324000000000.0,144000000000.0,38016000000,105000000000.0,272000000000.0,66288000000.0,3763000000,2873000000,57411000000,7309000000,-4289000000,-86820000000.0,1
22-06-2021,132.1300049,134.0800018,131.6199951,133.9799957,131.7285461,74783600,23292.362,266.752,6.1,0.07,324000000000.0,144000000000.0,38016000000,105000000000.0,272000000000.0,66288000000.0,3763000000,2873000000,57411000000,7309000000,-4289000000,-86820000000.0,1
23-06-2021,133.7700043,134.3200073,133.2299957,133.6999969,131.4532471,60214200,23292.362,266.752,6.1,0.07,324000000000.0,144000000000.0,38016000000,105000000000.0,272000000000.0,66288000000.0,3763000000,2873000000,57411000000,7309000000,-4289000000,-86820000000.0,-1
24-06-2021,134.4499969,134.6399994,132.9299927,133.4100037,131.1681213,68711000,23292.362,266.752,6.1,0.07,324000000000.0,144000000000.0,38016000000,105000000000.0,272000000000.0,66288000000.0,3763000000,2873000000,57411000000,7309000000,-4289000000,-86820000000.0,-1
25-06-2021,133.4600067,133.8899994,132.8099976,133.1100006,130.8731689,70783700,23292.362,266.752,6.1,0.07,324000000000.0,144000000000.0,38016000000,105000000000.0,272000000000.0,66288000000.0,3763000000,2873000000,57411000000,7309000000,-4289000000,-86820000000.0,-1
28-06-2021,133.4100037,135.25,133.3500061,134.7799988,132.5150909,62111300,23292.362,266.752,6.1,0.07,324000000000.0,144000000000.0,38016000000,105000000000.0,272000000000.0,66288000000.0,3763000000,2873000000,57411000000,7309000000,-4289000000,-86820000000.0,1
29-06-2021,134.8000031,136.4900055,134.3500061,136.3300018,134.0390472,64556100,23292.362,266.752,6.1,0.07,324000000000.0,144000000000.0,38016000000,105000000000.0,272000000000.0,66288000000.0,3763000000,2873000000,57411000000,7309000000,-4289000000,-86820000000.0,1
30-06-2021,136.1699982,137.4100037,135.8699951,136.9600067,134.6584625,63261400,23292.362,266.752,6.1,0.07,324000000000.0,144000000000.0,38016000000,105000000000.0,272000000000.0,66288000000.0,3763000000,2873000000,57411000000,7309000000,-4289000000,-86820000000.0,1
01-07-2021,136.6000061,137.3300018,135.7599945,137.2700043,134.9632721,52485800,23828.973,271.994,5.4,0.1,324000000000.0,144000000000.0,38016000000,105000000000.0,272000000000.0,66288000000.0,3763000000,2873000000,57411000000,7309000000,-4289000000,-86820000000.0,1
02-07-2021,137.8999939,140.0,137.75,139.9600067,137.608078,78852600,23828.973,271.994,5.4,0.1,324000000000.0,144000000000.0,38016000000,105000000000.0,272000000000.0,66288000000.0,3763000000,2873000000,57411000000,7309000000,-4289000000,-86820000000.0,1
06-07-2021,140.0700073,143.1499939,140.0700073,142.0200043,139.6334534,108181800,23828.973,271.994,5.4,0.1,324000000000.0,144000000000.0,38016000000,105000000000.0,272000000000.0,66288000000.0,3763000000,2873000000,57411000000,7309000000,-4289000000,-86820000000.0,1
07-07-2021,143.5399933,144.8899994,142.6600037,144.5700073,142.1405945,104911600,23828.973,271.994,5.4,0.1,324000000000.0,144000000000.0,38016000000,105000000000.0,272000000000.0,66288000000.0,3763000000,2873000000,57411000000,7309000000,-4289000000,-86820000000.0,1
08-07-2021,141.5800018,144.0599976,140.6699982,143.2400055,140.8329468,105575500,23828.973,271.994,5.4,0.1,324000000000.0,144000000000.0,38016000000,105000000000.0,272000000000.0,66288000000.0,3763000000,2873000000,57411000000,7309000000,-4289000000,-86820000000.0,1
09-07-2021,142.75,145.6499939,142.6499939,145.1100006,142.671524,99890800,23828.973,271.994,5.4,0.1,324000000000.0,144000000000.0,38016000000,105000000000.0,272000000000.0,66288000000.0,3763000000,2873000000,57411000000,7309000000,-4289000000,-86820000000.0,1
12-07-2021,146.2100067,146.3200073,144.0,144.5,142.0717773,76299700,23828.973,271.994,5.4,0.1,324000000000.0,144000000000.0,38016000000,105000000000.0,272000000000.0,66288000000.0,3763000000,2873000000,57411000000,7309000000,-4289000000,-86820000000.0,-1
13-07-2021,144.0299988,147.4600067,143.6300049,145.6399994,143.1925964,100827100,23828.973,271.994,5.4,0.1,324000000000.0,144000000000.0,38016000000,105000000000.0,272000000000.0,66288000000.0,3763000000,2873000000,57411000000,7309000000,-4289000000,-86820000000.0,1
14-07-2021,148.1000061,149.5700073,147.6799927,149.1499939,146.6436462,127050800,23828.973,271.994,5.4,0.1,324000000000.0,144000000000.0,38016000000,105000000000.0,272000000000.0,66288000000.0,3763000000,2873000000,57411000000,7309000000,-4289000000,-86820000000.0,1
15-07-2021,149.2400055,150.0,147.0899963,148.4799957,145.9849091,106820300,23828.973,271.994,5.4,0.1,324000000000.0,144000000000.0,38016000000,105000000000.0,272000000000.0,66288000000.0,3763000000,2873000000,57411000000,7309000000,-4289000000,-86820000000.0,-1
16-07-2021,148.4600067,149.7599945,145.8800049,146.3899994,143.9300385,93251400,23828.973,271.994,5.4,0.1,324000000000.0,144000000000.0,38016000000,105000000000.0,272000000000.0,66288000000.0,3763000000,2873000000,57411000000,7309000000,-4289000000,-86820000000.0,-1
19-07-2021,143.75,144.0700073,141.6699982,142.4499969,140.0562286,121434600,23828.973,271.994,5.4,0.1,324000000000.0,144000000000.0,38016000000,105000000000.0,272000000000.0,66288000000.0,3763000000,2873000000,57411000000,7309000000,-4289000000,-86820000000.0,-1
20-07-2021,143.4600067,147.1000061,142.9600067,146.1499939,143.6940308,96350000,23828.973,271.994,5.4,0.1,324000000000.0,144000000000.0,38016000000,105000000000.0,272000000000.0,66288000000.0,3763000000,2873000000,57411000000,7309000000,-4289000000,-86820000000.0,1
21-07-2021,145.5299988,146.1300049,144.6300049,145.3999939,142.9566345,74993500,23828.973,271.994,5.4,0.1,324000000000.0,144000000000.0,38016000000,105000000000.0,272000000000.0,66288000000.0,3763000000,2873000000,57411000000,7309000000,-4289000000,-86820000000.0,-1
22-07-2021,145.9400024,148.1999969,145.8099976,146.8000031,144.3331146,77338200,23828.973,271.994,5.4,0.1,324000000000.0,144000000000.0,38016000000,105000000000.0,272000000000.0,66288000000.0,3763000000,2873000000,57411000000,7309000000,-4289000000,-86820000000.0,1
23-07-2021,147.5500031,148.7200012,146.9199982,148.5599976,146.0635376,71447400,23828.973,271.994,5.4,0.1,324000000000.0,144000000000.0,38016000000,105000000000.0,272000000000.0,66288000000.0,3763000000,2873000000,57411000000,7309000000,-4289000000,-86820000000.0,1
26-07-2021,148.2700043,149.8300018,147.6999969,148.9900055,146.4863129,72434100,23828.973,271.994,5.4,0.1,324000000000.0,144000000000.0,38016000000,105000000000.0,272000000000.0,66288000000.0,3763000000,2873000000,57411000000,7309000000,-4289000000,-86820000000.0,1
27-07-2021,149.1199951,149.2100067,145.5500031,146.7700043,144.3036346,104818600,23828.973,271.994,5.4,0.1,324000000000.0,144000000000.0,38016000000,105000000000.0,272000000000.0,66288000000.0,3763000000,2873000000,57411000000,7309000000,-4289000000,-86820000000.0,-1
28-07-2021,144.8099976,146.9700012,142.5399933,144.9799957,142.5437012,118931200,23828.973,271.994,5.4,0.1,324000000000.0,144000000000.0,38016000000,105000000000.0,272000000000.0,66288000000.0,3763000000,2873000000,57411000000,7309000000,-4289000000,-86820000000.0,1
29-07-2021,144.6900024,146.5500031,144.5800018,145.6399994,143.1925964,56699500,23828.973,271.994,5.4,0.1,324000000000.0,144000000000.0,38016000000,105000000000.0,272000000000.0,66288000000.0,3763000000,2873000000,57411000000,7309000000,-4289000000,-86820000000.0,1
30-07-2021,144.3800049,146.3300018,144.1100006,145.8600006,143.408905,70440600,23828.973,271.994,5.4,0.1,324000000000.0,144000000000.0,38016000000,105000000000.0,272000000000.0,66288000000.0,3763000000,2873000000,57411000000,7309000000,-4289000000,-86820000000.0,1
02-08-2021,146.3600006,146.9499969,145.25,145.5200043,143.074646,62880000,23828.973,271.994,5.4,0.1,324000000000.0,144000000000.0,38016000000,105000000000.0,272000000000.0,66288000000.0,3763000000,2873000000,57411000000,7309000000,-4289000000,-86820000000.0,-1
03-08-2021,145.8099976,148.0399933,145.1799927,147.3600006,144.883728,64786600,23828.973,271.994,5.4,0.1,324000000000.0,144000000000.0,38016000000,105000000000.0,272000000000.0,66288000000.0,3763000000,2873000000,57411000000,7309000000,-4289000000,-86820000000.0,1
04-08-2021,147.2700043,147.7899933,146.2799988,146.9499969,144.4806061,56368300,23828.973,271.994,5.4,0.1,324000000000.0,144000000000.0,38016000000,105000000000.0,272000000000.0,66288000000.0,3763000000,2873000000,57411000000,7309000000,-4289000000,-86820000000.0,-1
05-08-2021,146.9799957,147.8399963,146.1699982,147.0599976,144.5887756,46397700,23828.973,271.994,5.4,0.1,324000000000.0,144000000000.0,38016000000,105000000000.0,272000000000.0,66288000000.0,3763000000,2873000000,57411000000,7309000000,-4289000000,-86820000000.0,1
06-08-2021,146.3500061,147.1100006,145.6300049,146.1399994,143.8994751,54126800,23828.973,271.994,5.4,0.1,324000000000.0,144000000000.0,38016000000,105000000000.0,272000000000.0,66288000000.0,3763000000,2873000000,57411000000,7309000000,-4289000000,-86820000000.0,-1
09-08-2021,146.1999969,146.6999969,145.5200043,146.0899963,143.8502502,48908700,23828.973,271.994,5.4,0.1,324000000000.0,144000000000.0,38016000000,105000000000.0,272000000000.0,66288000000.0,3763000000,2873000000,57411000000,7309000000,-4289000000,-86820000000.0,-1
10-08-2021,146.4400024,147.7100067,145.3000031,145.6000061,143.3677979,69023100,23828.973,271.994,5.4,0.1,324000000000.0,144000000000.0,38016000000,105000000000.0,272000000000.0,66288000000.0,3763000000,2873000000,57411000000,7309000000,-4289000000,-86820000000.0,-1
11-08-2021,146.0500031,146.7200012,145.5299988,145.8600006,143.6237946,48493500,23828.973,271.994,5.4,0.1,324000000000.0,144000000000.0,38016000000,105000000000.0,272000000000.0,66288000000.0,3763000000,2873000000,57411000000,7309000000,-4289000000,-86820000000.0,-1
12-08-2021,146.1900024,149.0500031,145.8399963,148.8899994,146.6073303,72282600,23828.973,271.994,5.4,0.1,324000000000.0,144000000000.0,38016000000,105000000000.0,272000000000.0,66288000000.0,3763000000,2873000000,57411000000,7309000000,-4289000000,-86820000000.0,1
13-08-2021,148.9700012,149.4400024,148.2700043,149.1000061,146.8141022,59375000,23828.973,271.994,5.4,0.1,324000000000.0,144000000000.0,38016000000,105000000000.0,272000000000.0,66288000000.0,3763000000,2873000000,57411000000,7309000000,-4289000000,-86820000000.0,1
16-08-2021,148.5399933,151.1900024,146.4700012,151.1199951,148.8031464,103296000,23828.973,271.994,5.4,0.1,324000000000.0,144000000000.0,38016000000,105000000000.0,272000000000.0,66288000000.0,3763000000,2873000000,57411000000,7309000000,-4289000000,-86820000000.0,1
17-08-2021,150.2299957,151.6799927,149.0899963,150.1900024,147.8873901,92229700,23828.973,271.994,5.4,0.1,324000000000.0,144000000000.0,38016000000,105000000000.0,272000000000.0,66288000000.0,3763000000,2873000000,57411000000,7309000000,-4289000000,-86820000000.0,-1
18-08-2021,149.8000031,150.7200012,146.1499939,146.3600006,144.1161041,86326000,23828.973,271.994,5.4,0.1,324000000000.0,144000000000.0,38016000000,105000000000.0,272000000000.0,66288000000.0,3763000000,2873000000,57411000000,7309000000,-4289000000,-86820000000.0,-1
19-08-2021,145.0299988,148.0,144.5,146.6999969,144.450882,86960300,23828.973,271.994,5.4,0.1,324000000000.0,144000000000.0,38016000000,105000000000.0,272000000000.0,66288000000.0,3763000000,2873000000,57411000000,7309000000,-4289000000,-86820000000.0,1
20-08-2021,147.4400024,148.5,146.7799988,148.1900024,145.9180603,60549600,23828.973,271.994,5.4,0.1,324000000000.0,144000000000.0,38016000000,105000000000.0,272000000000.0,66288000000.0,3763000000,2873000000,57411000000,7309000000,-4289000000,-86820000000.0,1
23-08-2021,148.3099976,150.1900024,147.8899994,149.7100067,147.4147797,60131800,23828.973,271.994,5.4,0.1,324000000000.0,144000000000.0,38016000000,105000000000.0,272000000000.0,66288000000.0,3763000000,2873000000,57411000000,7309000000,-4289000000,-86820000000.0,1
24-08-2021,149.4499969,150.8600006,149.1499939,149.6199951,147.3261414,48606400,23828.973,271.994,5.4,0.1,324000000000.0,144000000000.0,38016000000,105000000000.0,272000000000.0,66288000000.0,3763000000,2873000000,57411000000,7309000000,-4289000000,-86820000000.0,1
25-08-2021,149.8099976,150.3200073,147.8000031,148.3600006,146.0854492,58991300,23828.973,271.994,5.4,0.1,324000000000.0,144000000000.0,38016000000,105000000000.0,272000000000.0,66288000000.0,3763000000,2873000000,57411000000,7309000000,-4289000000,-86820000000.0,-1
26-08-2021,148.3500061,149.1199951,147.5099945,147.5399933,145.2780304,48597200,23828.973,271.994,5.4,0.1,324000000000.0,144000000000.0,38016000000,105000000000.0,272000000000.0,66288000000.0,3763000000,2873000000,57411000000,7309000000,-4289000000,-86820000000.0,-1
27-08-2021,147.4799957,148.75,146.8300018,148.6000061,146.3217621,55802400,23828.973,271.994,5.4,0.1,324000000000.0,144000000000.0,38016000000,105000000000.0,272000000000.0,66288000000.0,3763000000,2873000000,57411000000,7309000000,-4289000000,-86820000000.0,1
30-08-2021,149.0,153.4900055,148.6100006,153.1199951,150.7724609,90956700,23828.973,271.994,5.4,0.1,324000000000.0,144000000000.0,38016000000,105000000000.0,272000000000.0,66288000000.0,3763000000,2873000000,57411000000,7309000000,-4289000000,-86820000000.0,1
31-08-2021,152.6600037,152.8000031,151.2899933,151.8300018,149.5022583,86453100,23828.973,271.994,5.4,0.1,324000000000.0,144000000000.0,38016000000,105000000000.0,272000000000.0,66288000000.0,3763000000,2873000000,57411000000,7309000000,-4289000000,-86820000000.0,-1
01-09-2021,152.8300018,154.9799957,152.3399963,152.5099945,150.1718292,80313700,23828.973,271.994,5.4,0.1,324000000000.0,144000000000.0,38016000000,105000000000.0,272000000000.0,66288000000.0,3763000000,2873000000,57411000000,7309000000,-4289000000,-86820000000.0,-1
02-09-2021,153.8699951,154.7200012,152.3999939,153.6499939,151.2943573,71115500,23828.973,271.994,5.4,0.1,324000000000.0,144000000000.0,38016000000,105000000000.0,272000000000.0,66288000000.0,3763000000,2873000000,57411000000,7309000000,-4289000000,-86820000000.0,-1
03-09-2021,153.7599945,154.6300049,153.0899963,154.3000031,151.9343719,57808700,23828.973,271.994,5.4,0.1,324000000000.0,144000000000.0,38016000000,105000000000.0,272000000000.0,66288000000.0,3763000000,2873000000,57411000000,7309000000,-4289000000,-86820000000.0,1
07-09-2021,154.9700012,157.2599945,154.3899994,156.6900024,154.287735,82278300,23828.973,271.994,5.4,0.1,324000000000.0,144000000000.0,38016000000,105000000000.0,272000000000.0,66288000000.0,3763000000,2873000000,57411000000,7309000000,-4289000000,-86820000000.0,1
08-09-2021,156.9799957,157.0399933,153.9799957,155.1100006,152.7319641,74420200,23828.973,271.994,5.4,0.1,324000000000.0,144000000000.0,38016000000,105000000000.0,272000000000.0,66288000000.0,3763000000,2873000000,57411000000,7309000000,-4289000000,-86820000000.0,-1
09-09-2021,155.4900055,156.1100006,153.9499969,154.0700073,151.7079315,57305700,23828.973,271.994,5.4,0.1,324000000000.0,144000000000.0,38016000000,105000000000.0,272000000000.0,66288000000.0,3763000000,2873000000,57411000000,7309000000,-4289000000,-86820000000.0,-1
10-09-2021,155.0,155.4799957,148.6999969,148.9700012,146.6861115,140893200,23828.973,271.994,5.4,0.1,324000000000.0,144000000000.0,38016000000,105000000000.0,272000000000.0,66288000000.0,3763000000,2873000000,57411000000,7309000000,-4289000000,-86820000000.0,-1
13-09-2021,150.6300049,151.4199982,148.75,149.5500031,147.2572174,102404300,23828.973,271.994,5.4,0.1,324000000000.0,144000000000.0,38016000000,105000000000.0,272000000000.0,66288000000.0,3763000000,2873000000,57411000000,7309000000,-4289000000,-86820000000.0,-1
14-09-2021,150.3500061,151.0700073,146.9100037,148.1199951,145.8491211,109296300,23828.973,271.994,5.4,0.1,324000000000.0,144000000000.0,38016000000,105000000000.0,272000000000.0,66288000000.0,3763000000,2873000000,57411000000,7309000000,-4289000000,-86820000000.0,-1
15-09-2021,148.5599976,149.4400024,146.3699951,149.0299988,146.7451935,83281300,23828.973,271.994,5.4,0.1,324000000000.0,144000000000.0,38016000000,105000000000.0,272000000000.0,66288000000.0,3763000000,2873000000,57411000000,7309000000,-4289000000,-86820000000.0,1
16-09-2021,148.4400024,148.9700012,147.2200012,148.7899933,146.5088654,68034100,23828.973,271.994,5.4,0.1,324000000000.0,144000000000.0,38016000000,105000000000.0,272000000000.0,66288000000.0,3763000000,2873000000,57411000000,7309000000,-4289000000,-86820000000.0,1
17-09-2021,148.8200073,148.8200073,145.7599945,146.0599976,143.8207092,129868800,23828.973,271.994,5.4,0.1,324000000000.0,144000000000.0,38016000000,105000000000.0,272000000000.0,66288000000.0,3763000000,2873000000,57411000000,7309000000,-4289000000,-86820000000.0,-1
20-09-2021,143.8000031,144.8399963,141.2700043,142.9400024,140.7485657,123478900,23828.973,271.994,5.4,0.1,324000000000.0,144000000000.0,38016000000,105000000000.0,272000000000.0,66288000000.0,3763000000,2873000000,57411000000,7309000000,-4289000000,-86820000000.0,-1
21-09-2021,143.9299927,144.6000061,142.7799988,143.4299927,141.2310333,75834000,23828.973,271.994,5.4,0.1,324000000000.0,144000000000.0,38016000000,105000000000.0,272000000000.0,66288000000.0,3763000000,2873000000,57411000000,7309000000,-4289000000,-86820000000.0,-1
22-09-2021,144.4499969,146.4299927,143.6999969,145.8500061,143.6139526,76404300,23828.973,271.994,5.4,0.1,324000000000.0,144000000000.0,38016000000,105000000000.0,272000000000.0,66288000000.0,3763000000,2873000000,57411000000,7309000000,-4289000000,-86820000000.0,1
23-09-2021,146.6499939,147.0800018,145.6399994,146.8300018,144.5789032,64838200,23828.973,271.994,5.4,0.1,324000000000.0,144000000000.0,38016000000,105000000000.0,272000000000.0,66288000000.0,3763000000,2873000000,57411000000,7309000000,-4289000000,-86820000000.0,1
24-09-2021,145.6600037,147.4700012,145.5599976,146.9199982,144.6674957,53477900,23828.973,271.994,5.4,0.1,324000000000.0,144000000000.0,38016000000,105000000000.0,272000000000.0,66288000000.0,3763000000,2873000000,57411000000,7309000000,-4289000000,-86820000000.0,1
27-09-2021,145.4700012,145.9600067,143.8200073,145.3699951,143.1412964,74150700,23828.973,271.994,5.4,0.1,324000000000.0,144000000000.0,38016000000,105000000000.0,272000000000.0,66288000000.0,3763000000,2873000000,57411000000,7309000000,-4289000000,-86820000000.0,-1
28-09-2021,143.25,144.75,141.6900024,141.9100037,139.7343292,108972300,23828.973,271.994,5.4,0.1,324000000000.0,144000000000.0,38016000000,105000000000.0,272000000000.0,66288000000.0,3763000000,2873000000,57411000000,7309000000,-4289000000,-86820000000.0,-1
29-09-2021,142.4700012,144.4499969,142.0299988,142.8300018,140.6402588,74602000,23828.973,271.994,5.4,0.1,324000000000.0,144000000000.0,38016000000,105000000000.0,272000000000.0,66288000000.0,3763000000,2873000000,57411000000,7309000000,-4289000000,-86820000000.0,1
30-09-2021,143.6600037,144.3800049,141.2799988,141.5,139.3306122,89056700,23828.973,271.994,5.4,0.1,351000000000.0,135000000000.0,34940000000,153000000000.0,363000000000.0,109000000000.0,2843000000,2645000000,94680000000,11085000000,-14545000000,-93353000000.0,-1
01-10-2021,141.8999939,142.9199982,139.1100006,142.6499939,140.4629822,94639600,24654.603,276.434,4.5,0.08,351000000000.0,135000000000.0,34940000000,153000000000.0,363000000000.0,109000000000.0,2843000000,2645000000,94680000000,11085000000,-14545000000,-93353000000.0,1
04-10-2021,141.7599945,142.2100067,138.2700043,139.1399994,137.0068054,98322000,24654.603,276.434,4.5,0.08,351000000000.0,135000000000.0,34940000000,153000000000.0,363000000000.0,109000000000.0,2843000000,2645000000,94680000000,11085000000,-14545000000,-93353000000.0,-1
05-10-2021,139.4900055,142.2400055,139.3600006,141.1100006,138.946579,80861100,24654.603,276.434,4.5,0.08,351000000000.0,135000000000.0,34940000000,153000000000.0,363000000000.0,109000000000.0,2843000000,2645000000,94680000000,11085000000,-14545000000,-93353000000.0,1
06-10-2021,139.4700012,142.1499939,138.3699951,142.0,139.8229675,83221100,24654.603,276.434,4.5,0.08,351000000000.0,135000000000.0,34940000000,153000000000.0,363000000000.0,109000000000.0,2843000000,2645000000,94680000000,11085000000,-14545000000,-93353000000.0,1
07-10-2021,143.0599976,144.2200012,142.7200012,143.2899933,141.0931854,61732700,24654.603,276.434,4.5,0.08,351000000000.0,135000000000.0,34940000000,153000000000.0,363000000000.0,109000000000.0,2843000000,2645000000,94680000000,11085000000,-14545000000,-93353000000.0,1
08-10-2021,144.0299988,144.1799927,142.5599976,142.8999939,140.7091522,58773200,24654.603,276.434,4.5,0.08,351000000000.0,135000000000.0,34940000000,153000000000.0,363000000000.0,109000000000.0,2843000000,2645000000,94680000000,11085000000,-14545000000,-93353000000.0,-1
11-10-2021,142.2700043,144.8099976,141.8099976,142.8099976,140.6205444,64452200,24654.603,276.434,4.5,0.08,351000000000.0,135000000000.0,34940000000,153000000000.0,363000000000.0,109000000000.0,2843000000,2645000000,94680000000,11085000000,-14545000000,-93353000000.0,1
12-10-2021,143.2299957,143.25,141.0399933,141.5099945,139.3404541,73035900,24654.603,276.434,4.5,0.08,351000000000.0,135000000000.0,34940000000,153000000000.0,363000000000.0,109000000000.0,2843000000,2645000000,94680000000,11085000000,-14545000000,-93353000000.0,-1
13-10-2021,141.2400055,141.3999939,139.1999969,140.9100037,138.7496643,78762700,24654.603,276.434,4.5,0.08,351000000000.0,135000000000.0,34940000000,153000000000.0,363000000000.0,109000000000.0,2843000000,2645000000,94680000000,11085000000,-14545000000,-93353000000.0,-1
14-10-2021,142.1100006,143.8800049,141.5099945,143.7599945,141.555954,69907100,24654.603,276.434,4.5,0.08,351000000000.0,135000000000.0,34940000000,153000000000.0,363000000000.0,109000000000.0,2843000000,2645000000,94680000000,11085000000,-14545000000,-93353000000.0,1
15-10-2021,143.7700043,144.8999939,143.5099945,144.8399963,142.6194153,67940300,24654.603,276.434,4.5,0.08,351000000000.0,135000000000.0,34940000000,153000000000.0,363000000000.0,109000000000.0,2843000000,2645000000,94680000000,11085000000,-14545000000,-93353000000.0,1
18-10-2021,143.4499969,146.8399963,143.1600037,146.5500031,144.3031921,85589200,24654.603,276.434,4.5,0.08,351000000000.0,135000000000.0,34940000000,153000000000.0,363000000000.0,109000000000.0,2843000000,2645000000,94680000000,11085000000,-14545000000,-93353000000.0,1
19-10-2021,147.0099945,149.1699982,146.5500031,148.7599945,146.4793243,76378900,24654.603,276.434,4.5,0.08,351000000000.0,135000000000.0,34940000000,153000000000.0,363000000000.0,109000000000.0,2843000000,2645000000,94680000000,11085000000,-14545000000,-93353000000.0,1
20-10-2021,148.6999969,149.75,148.1199951,149.2599945,146.9716492,58418800,24654.603,276.434,4.5,0.08,351000000000.0,135000000000.0,34940000000,153000000000.0,363000000000.0,109000000000.0,2843000000,2645000000,94680000000,11085000000,-14545000000,-93353000000.0,1
21-10-2021,148.8099976,149.6399994,147.8699951,149.4799957,147.1882782,61421000,24654.603,276.434,4.5,0.08,351000000000.0,135000000000.0,34940000000,153000000000.0,363000000000.0,109000000000.0,2843000000,2645000000,94680000000,11085000000,-14545000000,-93353000000.0,1
22-10-2021,149.6900024,150.1799927,148.6399994,148.6900024,146.4103851,58883400,24654.603,276.434,4.5,0.08,351000000000.0,135000000000.0,34940000000,153000000000.0,363000000000.0,109000000000.0,2843000000,2645000000,94680000000,11085000000,-14545000000,-93353000000.0,-1
25-10-2021,148.6799927,149.3699951,147.6199951,148.6399994,146.3611755,50720600,24654.603,276.434,4.5,0.08,351000000000.0,135000000000.0,34940000000,153000000000.0,363000000000.0,109000000000.0,2843000000,2645000000,94680000000,11085000000,-14545000000,-93353000000.0,-1
26-10-2021,149.3300018,150.8399963,149.0099945,149.3200073,147.0307465,60893400,24654.603,276.434,4.5,0.08,351000000000.0,135000000000.0,34940000000,153000000000.0,363000000000.0,109000000000.0,2843000000,2645000000,94680000000,11085000000,-14545000000,-93353000000.0,-1
27-10-2021,149.3600006,149.7299957,148.4900055,148.8500061,146.5679474,56094900,24654.603,276.434,4.5,0.08,351000000000.0,135000000000.0,34940000000,153000000000.0,363000000000.0,109000000000.0,2843000000,2645000000,94680000000,11085000000,-14545000000,-93353000000.0,-1
28-10-2021,149.8200073,153.1699982,149.7200012,152.5700073,150.2309265,100077900,24654.603,276.434,4.5,0.08,351000000000.0,135000000000.0,34940000000,153000000000.0,363000000000.0,109000000000.0,2843000000,2645000000,94680000000,11085000000,-14545000000,-93353000000.0,1
29-10-2021,147.2200012,149.9400024,146.4100037,149.8000031,147.5033722,124953200,24654.603,276.434,4.5,0.08,351000000000.0,135000000000.0,34940000000,153000000000.0,363000000000.0,109000000000.0,2843000000,2645000000,94680000000,11085000000,-14545000000,-93353000000.0,1
01-11-2021,148.9900055,149.6999969,147.8000031,148.9600067,146.6762848,74588300,24654.603,276.434,4.5,0.08,351000000000.0,135000000000.0,34940000000,153000000000.0,363000000000.0,109000000000.0,2843000000,2645000000,94680000000,11085000000,-14545000000,-93353000000.0,-1
02-11-2021,148.6600037,151.5700073,148.6499939,150.0200043,147.7200317,69122000,24654.603,276.434,4.5,0.08,351000000000.0,135000000000.0,34940000000,153000000000.0,363000000000.0,109000000000.0,2843000000,2645000000,94680000000,11085000000,-14545000000,-93353000000.0,1
03-11-2021,150.3899994,151.9700012,149.8200073,151.4900055,149.1674805,54511500,24654.603,276.434,4.5,0.08,351000000000.0,135000000000.0,34940000000,153000000000.0,363000000000.0,109000000000.0,2843000000,2645000000,94680000000,11085000000,-14545000000,-93353000000.0,1
04-11-2021,151.5800018,152.4299927,150.6399994,150.9600067,148.6455994,60394600,24654.603,276.434,4.5,0.08,351000000000.0,135000000000.0,34940000000,153000000000.0,363000000000.0,109000000000.0,2843000000,2645000000,94680000000,11085000000,-14545000000,-93353000000.0,-1
05-11-2021,151.8899994,152.1999969,150.0599976,151.2799988,149.1781158,65463900,24654.603,276.434,4.5,0.08,351000000000.0,135000000000.0,34940000000,153000000000.0,363000000000.0,109000000000.0,2843000000,2645000000,94680000000,11085000000,-14545000000,-93353000000.0,-1
08-11-2021,151.4100037,151.5700073,150.1600037,150.4400024,148.3497467,55020900,24654.603,276.434,4.5,0.08,351000000000.0,135000000000.0,34940000000,153000000000.0,363000000000.0,109000000000.0,2843000000,2645000000,94680000000,11085000000,-14545000000,-93353000000.0,-1
09-11-2021,150.1999969,151.4299927,150.0599976,150.8099976,148.7146454,56787900,24654.603,276.434,4.5,0.08,351000000000.0,135000000000.0,34940000000,153000000000.0,363000000000.0,109000000000.0,2843000000,2645000000,94680000000,11085000000,-14545000000,-93353000000.0,1
10-11-2021,150.0200043,150.1300049,147.8500061,147.9199982,145.8647766,65187100,24654.603,276.434,4.5,0.08,351000000000.0,135000000000.0,34940000000,153000000000.0,363000000000.0,109000000000.0,2843000000,2645000000,94680000000,11085000000,-14545000000,-93353000000.0,-1
11-11-2021,148.9600067,149.4299927,147.6799927,147.8699951,145.8154755,41000000,24654.603,276.434,4.5,0.08,351000000000.0,135000000000.0,34940000000,153000000000.0,363000000000.0,109000000000.0,2843000000,2645000000,94680000000,11085000000,-14545000000,-93353000000.0,-1
12-11-2021,148.4299927,150.3999939,147.4799957,149.9900055,147.9059906,63804000,24654.603,276.434,4.5,0.08,351000000000.0,135000000000.0,34940000000,153000000000.0,363000000000.0,109000000000.0,2843000000,2645000000,94680000000,11085000000,-14545000000,-93353000000.0,1
15-11-2021,150.3699951,151.8800049,149.4299927,150.0,147.915863,59222800,24654.603,276.434,4.5,0.08,351000000000.0,135000000000.0,34940000000,153000000000.0,363000000000.0,109000000000.0,2843000000,2645000000,94680000000,11085000000,-14545000000,-93353000000.0,-1
16-11-2021,149.9400024,151.4900055,149.3399963,151.0,148.9019928,59256200,24654.603,276.434,4.5,0.08,351000000000.0,135000000000.0,34940000000,153000000000.0,363000000000.0,109000000000.0,2843000000,2645000000,94680000000,11085000000,-14545000000,-93353000000.0,1
17-11-2021,151.0,155.0,150.9900055,153.4900055,151.3573914,88807000,24654.603,276.434,4.5,0.08,351000000000.0,135000000000.0,34940000000,153000000000.0,363000000000.0,109000000000.0,2843000000,2645000000,94680000000,11085000000,-14545000000,-93353000000.0,1
18-11-2021,153.7100067,158.6699982,153.0500031,157.8699951,155.6765289,137827700,24654.603,276.434,4.5,0.08,351000000000.0,135000000000.0,34940000000,153000000000.0,363000000000.0,109000000000.0,2843000000,2645000000,94680000000,11085000000,-14545000000,-93353000000.0,1
19-11-2021,157.6499939,161.0200043,156.5299988,160.5500031,158.3192749,117305600,24654.603,276.434,4.5,0.08,351000000000.0,135000000000.0,34940000000,153000000000.0,363000000000.0,109000000000.0,2843000000,2645000000,94680000000,11085000000,-14545000000,-93353000000.0,1
22-11-2021,161.6799927,165.6999969,161.0,161.0200043,158.7827606,117467900,24654.603,276.434,4.5,0.08,351000000000.0,135000000000.0,34940000000,153000000000.0,363000000000.0,109000000000.0,2843000000,2645000000,94680000000,11085000000,-14545000000,-93353000000.0,-1
23-11-2021,161.1199951,161.8000031,159.0599976,161.4100037,159.1673431,96041900,24654.603,276.434,4.5,0.08,351000000000.0,135000000000.0,34940000000,153000000000.0,363000000000.0,109000000000.0,2843000000,2645000000,94680000000,11085000000,-14545000000,-93353000000.0,1
24-11-2021,160.75,162.1399994,159.6399994,161.9400024,159.6899719,69463600,24654.603,276.434,4.5,0.08,351000000000.0,135000000000.0,34940000000,153000000000.0,363000000000.0,109000000000.0,2843000000,2645000000,94680000000,11085000000,-14545000000,-93353000000.0,1
26-11-2021,159.5700073,160.4499969,156.3600006,156.8099976,154.6312561,76959800,24654.603,276.434,4.5,0.08,351000000000.0,135000000000.0,34940000000,153000000000.0,363000000000.0,109000000000.0,2843000000,2645000000,94680000000,11085000000,-14545000000,-93353000000.0,-1
29-11-2021,159.3699951,161.1900024,158.7899933,160.2400055,158.0135956,88748200,24654.603,276.434,4.5,0.08,351000000000.0,135000000000.0,34940000000,153000000000.0,363000000000.0,109000000000.0,2843000000,2645000000,94680000000,11085000000,-14545000000,-93353000000.0,1
30-11-2021,159.9900055,165.5200043,159.9199982,165.3000031,163.0032959,174048100,24654.603,276.434,4.5,0.08,351000000000.0,135000000000.0,34940000000,153000000000.0,363000000000.0,109000000000.0,2843000000,2645000000,94680000000,11085000000,-14545000000,-93353000000.0,1
01-12-2021,167.4799957,170.3000031,164.5299988,164.7700043,162.4806519,152052500,24654.603,276.434,4.5,0.08,351000000000.0,135000000000.0,34940000000,153000000000.0,363000000000.0,109000000000.0,2843000000,2645000000,94680000000,11085000000,-14545000000,-93353000000.0,-1
02-12-2021,158.7400055,164.1999969,157.8000031,163.7599945,161.4846954,136739200,24654.603,276.434,4.5,0.08,351000000000.0,135000000000.0,34940000000,153000000000.0,363000000000.0,109000000000.0,2843000000,2645000000,94680000000,11085000000,-14545000000,-93353000000.0,1
03-12-2021,164.0200043,164.9600067,159.7200012,161.8399963,159.5913239,118023100,24654.603,276.434,4.5,0.08,351000000000.0,135000000000.0,34940000000,153000000000.0,363000000000.0,109000000000.0,2843000000,2645000000,94680000000,11085000000,-14545000000,-93353000000.0,-1
06-12-2021,164.2899933,167.8800049,164.2799988,165.3200073,163.0230103,107497000,24654.603,276.434,4.5,0.08,351000000000.0,135000000000.0,34940000000,153000000000.0,363000000000.0,109000000000.0,2843000000,2645000000,94680000000,11085000000,-14545000000,-93353000000.0,1
07-12-2021,169.0800018,171.5800018,168.3399963,171.1799927,168.80159,120405400,24654.603,276.434,4.5,0.08,351000000000.0,135000000000.0,34940000000,153000000000.0,363000000000.0,109000000000.0,2843000000,2645000000,94680000000,11085000000,-14545000000,-93353000000.0,1
08-12-2021,172.1300049,175.9600067,170.6999969,175.0800018,172.6473999,116998900,24654.603,276.434,4.5,0.08,351000000000.0,135000000000.0,34940000000,153000000000.0,363000000000.0,109000000000.0,2843000000,2645000000,94680000000,11085000000,-14545000000,-93353000000.0,1
09-12-2021,174.9100037,176.75,173.9199982,174.5599976,172.134613,108923700,24654.603,276.434,4.5,0.08,351000000000.0,135000000000.0,34940000000,153000000000.0,363000000000.0,109000000000.0,2843000000,2645000000,94680000000,11085000000,-14545000000,-93353000000.0,-1
10-12-2021,175.2100067,179.6300049,174.6900024,179.4499969,176.9566803,115402700,24654.603,276.434,4.5,0.08,351000000000.0,135000000000.0,34940000000,153000000000.0,363000000000.0,109000000000.0,2843000000,2645000000,94680000000,11085000000,-14545000000,-93353000000.0,1
13-12-2021,181.1199951,182.1300049,175.5299988,175.7400055,173.2982483,153237000,24654.603,276.434,4.5,0.08,351000000000.0,135000000000.0,34940000000,153000000000.0,363000000000.0,109000000000.0,2843000000,2645000000,94680000000,11085000000,-14545000000,-93353000000.0,-1
14-12-2021,175.25,177.7400055,172.2100067,174.3300018,171.9078369,139380400,24654.603,276.434,4.5,0.08,351000000000.0,135000000000.0,34940000000,153000000000.0,363000000000.0,109000000000.0,2843000000,2645000000,94680000000,11085000000,-14545000000,-93353000000.0,-1
15-12-2021,175.1100006,179.5,172.3099976,179.3000031,176.8087616,131063300,24654.603,276.434,4.5,0.08,351000000000.0,135000000000.0,34940000000,153000000000.0,363000000000.0,109000000000.0,2843000000,2645000000,94680000000,11085000000,-14545000000,-93353000000.0,1
16-12-2021,179.2799988,181.1399994,170.75,172.2599945,169.8665771,150185800,24654.603,276.434,4.5,0.08,351000000000.0,135000000000.0,34940000000,153000000000.0,363000000000.0,109000000000.0,2843000000,2645000000,94680000000,11085000000,-14545000000,-93353000000.0,-1
17-12-2021,169.9299927,173.4700012,169.6900024,171.1399994,168.7621307,195432700,24654.603,276.434,4.5,0.08,351000000000.0,135000000000.0,34940000000,153000000000.0,363000000000.0,109000000000.0,2843000000,2645000000,94680000000,11085000000,-14545000000,-93353000000.0,1
20-12-2021,168.2799988,170.5800018,167.4600067,169.75,167.3914642,107499100,24654.603,276.434,4.5,0.08,351000000000.0,135000000000.0,34940000000,153000000000.0,363000000000.0,109000000000.0,2843000000,2645000000,94680000000,11085000000,-14545000000,-93353000000.0,1
21-12-2021,171.5599976,173.1999969,169.1199951,172.9900055,170.5864563,91185900,24654.603,276.434,4.5,0.08,351000000000.0,135000000000.0,34940000000,153000000000.0,363000000000.0,109000000000.0,2843000000,2645000000,94680000000,11085000000,-14545000000,-93353000000.0,1
22-12-2021,173.0399933,175.8600006,172.1499939,175.6399994,173.1996307,92135300,24654.603,276.434,4.5,0.08,351000000000.0,135000000000.0,34940000000,153000000000.0,363000000000.0,109000000000.0,2843000000,2645000000,94680000000,11085000000,-14545000000,-93353000000.0,1
23-12-2021,175.8500061,176.8500061,175.2700043,176.2799988,173.830719,68356600,24654.603,276.434,4.5,0.08,351000000000.0,135000000000.0,34940000000,153000000000.0,363000000000.0,109000000000.0,2843000000,2645000000,94680000000,11085000000,-14545000000,-93353000000.0,1
27-12-2021,177.0899963,180.4199982,177.0700073,180.3300018,177.8244781,74919600,24654.603,276.434,4.5,0.08,351000000000.0,135000000000.0,34940000000,153000000000.0,363000000000.0,109000000000.0,2843000000,2645000000,94680000000,11085000000,-14545000000,-93353000000.0,1
28-12-2021,180.1600037,181.3300018,178.5299988,179.2899933,176.7989044,79144300,24654.603,276.434,4.5,0.08,351000000000.0,135000000000.0,34940000000,153000000000.0,363000000000.0,109000000000.0,2843000000,2645000000,94680000000,11085000000,-14545000000,-93353000000.0,-1
29-12-2021,179.3300018,180.6300049,178.1399994,179.3800049,176.8876648,62348900,24654.603,276.434,4.5,0.08,351000000000.0,135000000000.0,34940000000,153000000000.0,363000000000.0,109000000000.0,2843000000,2645000000,94680000000,11085000000,-14545000000,-93353000000.0,1
30-12-2021,179.4700012,180.5700073,178.0899963,178.1999969,175.7240601,59773000,24654.603,276.434,4.5,0.08,351000000000.0,135000000000.0,34940000000,153000000000.0,363000000000.0,109000000000.0,2843000000,2645000000,94680000000,11085000000,-14545000000,-93353000000.0,-1
31-12-2021,178.0899963,179.2299957,177.2599945,177.5700073,175.1028137,64062300,24654.603,276.434,4.5,0.08,351000000000.0,135000000000.0,34940000000,153000000000.0,363000000000.0,109000000000.0,2843000000,2645000000,94680000000,11085000000,-14545000000,-93353000000.0,-1
03-01-2022,177.8300018,182.8800049,177.7100067,182.0099945,179.4811249,104487900,25029.116,282.39,4.0,0.08,351000000000.0,135000000000.0,34940000000,153000000000.0,363000000000.0,109000000000.0,2843000000,2645000000,94680000000,11085000000,-14545000000,-93353000000.0,1
04-01-2022,182.6300049,182.9400024,179.1199951,179.6999969,177.2032013,99310400,25029.116,282.39,4.0,0.08,351000000000.0,135000000000.0,34940000000,153000000000.0,363000000000.0,109000000000.0,2843000000,2645000000,94680000000,11085000000,-14545000000,-93353000000.0,-1
05-01-2022,179.6100006,180.1699982,174.6399994,174.9199982,172.4896088,94537600,25029.116,282.39,4.0,0.08,351000000000.0,135000000000.0,34940000000,153000000000.0,363000000000.0,109000000000.0,2843000000,2645000000,94680000000,11085000000,-14545000000,-93353000000.0,-1
06-01-2022,172.6999969,175.3000031,171.6399994,172.0,169.6101837,96904000,25029.116,282.39,4.0,0.08,351000000000.0,135000000000.0,34940000000,153000000000.0,363000000000.0,109000000000.0,2843000000,2645000000,94680000000,11085000000,-14545000000,-93353000000.0,-1
07-01-2022,172.8899994,174.1399994,171.0299988,172.1699982,169.7778473,86709100,25029.116,282.39,4.0,0.08,351000000000.0,135000000000.0,34940000000,153000000000.0,363000000000.0,109000000000.0,2843000000,2645000000,94680000000,11085000000,-14545000000,-93353000000.0,-1
10-01-2022,169.0800018,172.5,168.1699982,172.1900024,169.7975464,106765600,25029.116,282.39,4.0,0.08,351000000000.0,135000000000.0,34940000000,153000000000.0,363000000000.0,109000000000.0,2843000000,2645000000,94680000000,11085000000,-14545000000,-93353000000.0,1
11-01-2022,172.3200073,175.1799927,170.8200073,175.0800018,172.6473999,76138300,25029.116,282.39,4.0,0.08,351000000000.0,135000000000.0,34940000000,153000000000.0,363000000000.0,109000000000.0,2843000000,2645000000,94680000000,11085000000,-14545000000,-93353000000.0,1
12-01-2022,176.1199951,177.1799927,174.8200073,175.5299988,173.091156,74805200,25029.116,282.39,4.0,0.08,351000000000.0,135000000000.0,34940000000,153000000000.0,363000000000.0,109000000000.0,2843000000,2645000000,94680000000,11085000000,-14545000000,-93353000000.0,-1
13-01-2022,175.7799988,176.6199951,171.7899933,172.1900024,169.7975464,84505800,25029.116,282.39,4.0,0.08,351000000000.0,135000000000.0,34940000000,153000000000.0,363000000000.0,109000000000.0,2843000000,2645000000,94680000000,11085000000,-14545000000,-93353000000.0,-1
14-01-2022,171.3399963,173.7799988,171.0899963,173.0700073,170.6653595,80440800,25029.116,282.39,4.0,0.08,351000000000.0,135000000000.0,34940000000,153000000000.0,363000000000.0,109000000000.0,2843000000,2645000000,94680000000,11085000000,-14545000000,-93353000000.0,1
18-01-2022,171.5099945,172.5399933,169.4100037,169.8000031,167.4407959,90956700,25029.116,282.39,4.0,0.08,351000000000.0,135000000000.0,34940000000,153000000000.0,363000000000.0,109000000000.0,2843000000,2645000000,94680000000,11085000000,-14545000000,-93353000000.0,-1
19-01-2022,170.0,171.0800018,165.9400024,166.2299957,163.9203491,94815000,25029.116,282.39,4.0,0.08,351000000000.0,135000000000.0,34940000000,153000000000.0,363000000000.0,109000000000.0,2843000000,2645000000,94680000000,11085000000,-14545000000,-93353000000.0,-1
20-01-2022,166.9799957,169.6799927,164.1799927,164.5099945,162.2242584,91420500,25029.116,282.39,4.0,0.08,351000000000.0,135000000000.0,34940000000,153000000000.0,363000000000.0,109000000000.0,2843000000,2645000000,94680000000,11085000000,-14545000000,-93353000000.0,-1
21-01-2022,164.4199982,166.3300018,162.3000031,162.4100037,160.1534424,122848900,25029.116,282.39,4.0,0.08,351000000000.0,135000000000.0,34940000000,153000000000.0,363000000000.0,109000000000.0,2843000000,2645000000,94680000000,11085000000,-14545000000,-93353000000.0,-1
24-01-2022,160.0200043,162.3000031,154.6999969,161.6199951,159.3744049,162294600,25029.116,282.39,4.0,0.08,351000000000.0,135000000000.0,34940000000,153000000000.0,363000000000.0,109000000000.0,2843000000,2645000000,94680000000,11085000000,-14545000000,-93353000000.0,1
25-01-2022,158.9799957,162.7599945,157.0200043,159.7799988,157.5600128,115798400,25029.116,282.39,4.0,0.08,351000000000.0,135000000000.0,34940000000,153000000000.0,363000000000.0,109000000000.0,2843000000,2645000000,94680000000,11085000000,-14545000000,-93353000000.0,1
26-01-2022,163.5,164.3899994,157.8200073,159.6900024,157.4712372,108275300,25029.116,282.39,4.0,0.08,351000000000.0,135000000000.0,34940000000,153000000000.0,363000000000.0,109000000000.0,2843000000,2645000000,94680000000,11085000000,-14545000000,-93353000000.0,-1
27-01-2022,162.4499969,163.8399963,158.2799988,159.2200012,157.0077667,121954600,25029.116,282.39,4.0,0.08,351000000000.0,135000000000.0,34940000000,153000000000.0,363000000000.0,109000000000.0,2843000000,2645000000,94680000000,11085000000,-14545000000,-93353000000.0,-1
28-01-2022,165.7100067,170.3500061,162.8000031,170.3300018,167.9633942,179935700,25029.116,282.39,4.0,0.08,351000000000.0,135000000000.0,34940000000,153000000000.0,363000000000.0,109000000000.0,2843000000,2645000000,94680000000,11085000000,-14545000000,-93353000000.0,1
31-01-2022,170.1600037,175.0,169.5099945,174.7799988,172.3515625,115541600,25029.116,282.39,4.0,0.08,351000000000.0,135000000000.0,34940000000,153000000000.0,363000000000.0,109000000000.0,2843000000,2645000000,94680000000,11085000000,-14545000000,-93353000000.0,1
01-02-2022,174.0099945,174.8399963,172.3099976,174.6100006,172.1839294,86213900,25029.116,282.39,4.0,0.08,351000000000.0,135000000000.0,34940000000,153000000000.0,363000000000.0,109000000000.0,2843000000,2645000000,94680000000,11085000000,-14545000000,-93353000000.0,1
02-02-2022,174.75,175.8800049,173.3300018,175.8399963,173.3968353,84914300,25029.116,282.39,4.0,0.08,351000000000.0,135000000000.0,34940000000,153000000000.0,363000000000.0,109000000000.0,2843000000,2645000000,94680000000,11085000000,-14545000000,-93353000000.0,1
03-02-2022,174.4799957,176.2400055,172.1199951,172.8999939,170.4976959,89418100,25029.116,282.39,4.0,0.08,351000000000.0,135000000000.0,34940000000,153000000000.0,363000000000.0,109000000000.0,2843000000,2645000000,94680000000,11085000000,-14545000000,-93353000000.0,-1
04-02-2022,171.6799927,174.1000061,170.6799927,172.3899994,170.21138,82465400,25029.116,282.39,4.0,0.08,351000000000.0,135000000000.0,34940000000,153000000000.0,363000000000.0,109000000000.0,2843000000,2645000000,94680000000,11085000000,-14545000000,-93353000000.0,1
07-02-2022,172.8600006,173.9499969,170.9499969,171.6600037,169.4906006,77251200,25029.116,282.39,4.0,0.08,351000000000.0,135000000000.0,34940000000,153000000000.0,363000000000.0,109000000000.0,2843000000,2645000000,94680000000,11085000000,-14545000000,-93353000000.0,-1
08-02-2022,171.7299957,175.3500061,171.4299927,174.8300018,172.6205139,74829200,25029.116,282.39,4.0,0.08,351000000000.0,135000000000.0,34940000000,153000000000.0,363000000000.0,109000000000.0,2843000000,2645000000,94680000000,11085000000,-14545000000,-93353000000.0,1
09-02-2022,176.0500031,176.6499939,174.8999939,176.2799988,174.0521851,71285000,25029.116,282.39,4.0,0.08,351000000000.0,135000000000.0,34940000000,153000000000.0,363000000000.0,109000000000.0,2843000000,2645000000,94680000000,11085000000,-14545000000,-93353000000.0,1
10-02-2022,174.1399994,175.4799957,171.5500031,172.1199951,169.9447632,90865900,25029.116,282.39,4.0,0.08,351000000000.0,135000000000.0,34940000000,153000000000.0,363000000000.0,109000000000.0,2843000000,2645000000,94680000000,11085000000,-14545000000,-93353000000.0,-1
11-02-2022,172.3300018,173.0800018,168.0399933,168.6399994,166.5087891,98670700,25029.116,282.39,4.0,0.08,351000000000.0,135000000000.0,34940000000,153000000000.0,363000000000.0,109000000000.0,2843000000,2645000000,94680000000,11085000000,-14545000000,-93353000000.0,-1
14-02-2022,167.3699951,169.5800018,166.5599976,168.8800049,166.7457123,86185500,25029.116,282.39,4.0,0.08,351000000000.0,135000000000.0,34940000000,153000000000.0,363000000000.0,109000000000.0,2843000000,2645000000,94680000000,11085000000,-14545000000,-93353000000.0,1
15-02-2022,170.9700012,172.9499969,170.25,172.7899933,170.606308,62527400,25029.116,282.39,4.0,0.08,351000000000.0,135000000000.0,34940000000,153000000000.0,363000000000.0,109000000000.0,2843000000,2645000000,94680000000,11085000000,-14545000000,-93353000000.0,1
16-02-2022,171.8500061,173.3399963,170.0500031,172.5500031,170.3693848,61177400,25029.116,282.39,4.0,0.08,351000000000.0,135000000000.0,34940000000,153000000000.0,363000000000.0,109000000000.0,2843000000,2645000000,94680000000,11085000000,-14545000000,-93353000000.0,1
17-02-2022,171.0299988,171.9100037,168.4700012,168.8800049,166.7457123,69589300,25029.116,282.39,4.0,0.08,351000000000.0,135000000000.0,34940000000,153000000000.0,363000000000.0,109000000000.0,2843000000,2645000000,94680000000,11085000000,-14545000000,-93353000000.0,-1
18-02-2022,169.8200073,170.5399933,166.1900024,167.3000031,165.1856995,82772700,25029.116,282.39,4.0,0.08,351000000000.0,135000000000.0,34940000000,153000000000.0,363000000000.0,109000000000.0,2843000000,2645000000,94680000000,11085000000,-14545000000,-93353000000.0,-1
22-02-2022,164.9799957,166.6900024,162.1499939,164.3200073,162.2433472,91162800,25029.116,282.39,4.0,0.08,351000000000.0,135000000000.0,34940000000,153000000000.0,363000000000.0,109000000000.0,2843000000,2645000000,94680000000,11085000000,-14545000000,-93353000000.0,-1
23-02-2022,165.5399933,166.1499939,159.75,160.0700073,158.0470734,90009200,25029.116,282.39,4.0,0.08,351000000000.0,135000000000.0,34940000000,153000000000.0,363000000000.0,109000000000.0,2843000000,2645000000,94680000000,11085000000,-14545000000,-93353000000.0,-1
24-02-2022,152.5800018,162.8500061,152.0,162.7400055,160.6833344,141147500,25029.116,282.39,4.0,0.08,351000000000.0,135000000000.0,34940000000,153000000000.0,363000000000.0,109000000000.0,2843000000,2645000000,94680000000,11085000000,-14545000000,-93353000000.0,1
25-02-2022,163.8399963,165.1199951,160.8699951,164.8500061,162.7666626,91974200,25029.116,282.39,4.0,0.08,351000000000.0,135000000000.0,34940000000,153000000000.0,363000000000.0,109000000000.0,2843000000,2645000000,94680000000,11085000000,-14545000000,-93353000000.0,1
28-02-2022,163.0599976,165.4199982,162.4299927,165.1199951,163.0332184,95056600,25029.116,282.39,4.0,0.08,351000000000.0,135000000000.0,34940000000,153000000000.0,363000000000.0,109000000000.0,2843000000,2645000000,94680000000,11085000000,-14545000000,-93353000000.0,1
01-03-2022,164.6999969,166.6000061,161.9700012,163.1999969,161.1375275,83474400,25029.116,282.39,4.0,0.08,351000000000.0,135000000000.0,34940000000,153000000000.0,363000000000.0,109000000000.0,2843000000,2645000000,94680000000,11085000000,-14545000000,-93353000000.0,-1
02-03-2022,164.3899994,167.3600006,162.9499969,166.5599976,164.4550476,79724800,25029.116,282.39,4.0,0.08,351000000000.0,135000000000.0,34940000000,153000000000.0,363000000000.0,109000000000.0,2843000000,2645000000,94680000000,11085000000,-14545000000,-93353000000.0,1
03-03-2022,168.4700012,168.9100037,165.5500031,166.2299957,164.1292114,76678400,25029.116,282.39,4.0,0.08,351000000000.0,135000000000.0,34940000000,153000000000.0,363000000000.0,109000000000.0,2843000000,2645000000,94680000000,11085000000,-14545000000,-93353000000.0,-1
04-03-2022,164.4900055,165.5500031,162.1000061,163.1699982,161.1078796,83737200,25029.116,282.39,4.0,0.08,351000000000.0,135000000000.0,34940000000,153000000000.0,363000000000.0,109000000000.0,2843000000,2645000000,94680000000,11085000000,-14545000000,-93353000000.0,-1
07-03-2022,163.3600006,165.0200043,159.0399933,159.3000031,157.2868195,96418800,25029.116,282.39,4.0,0.08,351000000000.0,135000000000.0,34940000000,153000000000.0,363000000000.0,109000000000.0,2843000000,2645000000,94680000000,11085000000,-14545000000,-93353000000.0,-1
08-03-2022,158.8200073,162.8800049,155.8000031,157.4400024,155.4502716,131148300,25029.116,282.39,4.0,0.08,351000000000.0,135000000000.0,34940000000,153000000000.0,363000000000.0,109000000000.0,2843000000,2645000000,94680000000,11085000000,-14545000000,-93353000000.0,-1
09-03-2022,161.4799957,163.4100037,159.4100037,162.9499969,160.890686,91454900,25029.116,282.39,4.0,0.08,351000000000.0,135000000000.0,34940000000,153000000000.0,363000000000.0,109000000000.0,2843000000,2645000000,94680000000,11085000000,-14545000000,-93353000000.0,1
10-03-2022,160.1999969,160.3899994,155.9799957,158.5200043,156.5166473,105342000,25029.116,282.39,4.0,0.08,351000000000.0,135000000000.0,34940000000,153000000000.0,363000000000.0,109000000000.0,2843000000,2645000000,94680000000,11085000000,-14545000000,-93353000000.0,-1
11-03-2022,158.9299927,159.2799988,154.5,154.7299957,152.7745514,96970100,25029.116,282.39,4.0,0.08,351000000000.0,135000000000.0,34940000000,153000000000.0,363000000000.0,109000000000.0,2843000000,2645000000,94680000000,11085000000,-14545000000,-93353000000.0,-1
14-03-2022,151.4499969,154.1199951,150.1000061,150.6199951,148.7164764,108732100,25029.116,282.39,4.0,0.08,351000000000.0,135000000000.0,34940000000,153000000000.0,363000000000.0,109000000000.0,2843000000,2645000000,94680000000,11085000000,-14545000000,-93353000000.0,-1
15-03-2022,150.8999939,155.5700073,150.3800049,155.0899963,153.1299896,92964300,25029.116,282.39,4.0,0.08,351000000000.0,135000000000.0,34940000000,153000000000.0,363000000000.0,109000000000.0,2843000000,2645000000,94680000000,11085000000,-14545000000,-93353000000.0,1
16-03-2022,157.0500031,160.0,154.4600067,159.5899963,157.5731354,102300200,25029.116,282.39,4.0,0.08,351000000000.0,135000000000.0,34940000000,153000000000.0,363000000000.0,109000000000.0,2843000000,2645000000,94680000000,11085000000,-14545000000,-93353000000.0,1
17-03-2022,158.6100006,161.0,157.6300049,160.6199951,158.5901184,75615400,25029.116,282.39,4.0,0.08,351000000000.0,135000000000.0,34940000000,153000000000.0,363000000000.0,109000000000.0,2843000000,2645000000,94680000000,11085000000,-14545000000,-93353000000.0,1
18-03-2022,160.5099945,164.4799957,159.7599945,163.9799957,161.9076538,123511700,25029.116,282.39,4.0,0.08,351000000000.0,135000000000.0,34940000000,153000000000.0,363000000000.0,109000000000.0,2843000000,2645000000,94680000000,11085000000,-14545000000,-93353000000.0,1
21-03-2022,163.5099945,166.3500061,163.0099945,165.3800049,163.2899628,95811400,25029.116,282.39,4.0,0.08,351000000000.0,135000000000.0,34940000000,153000000000.0,363000000000.0,109000000000.0,2843000000,2645000000,94680000000,11085000000,-14545000000,-93353000000.0,1
22-03-2022,165.5099945,169.4199982,164.9100037,168.8200073,166.6865082,81532000,25029.116,282.39,4.0,0.08,351000000000.0,135000000000.0,34940000000,153000000000.0,363000000000.0,109000000000.0,2843000000,2645000000,94680000000,11085000000,-14545000000,-93353000000.0,1
23-03-2022,167.9900055,172.6399994,167.6499939,170.2100067,168.0589142,98062700,25029.116,282.39,4.0,0.08,351000000000.0,135000000000.0,34940000000,153000000000.0,363000000000.0,109000000000.0,2843000000,2645000000,94680000000,11085000000,-14545000000,-93353000000.0,1
24-03-2022,171.0599976,174.1399994,170.2100067,174.0700073,171.8701324,90131400,25029.116,282.39,4.0,0.08,351000000000.0,135000000000.0,34940000000,153000000000.0,363000000000.0,109000000000.0,2843000000,2645000000,94680000000,11085000000,-14545000000,-93353000000.0,1
25-03-2022,173.8800049,175.2799988,172.75,174.7200012,172.5119171,80546200,25029.116,282.39,4.0,0.08,351000000000.0,135000000000.0,34940000000,153000000000.0,363000000000.0,109000000000.0,2843000000,2645000000,94680000000,11085000000,-14545000000,-93353000000.0,1
28-03-2022,172.1699982,175.7299957,172.0,175.6000061,173.3808136,90371900,25029.116,282.39,4.0,0.08,351000000000.0,135000000000.0,34940000000,153000000000.0,363000000000.0,109000000000.0,2843000000,2645000000,94680000000,11085000000,-14545000000,-93353000000.0,1
29-03-2022,176.6900024,179.0099945,176.3399963,178.9600067,176.6983185,100589400,25029.116,282.39,4.0,0.08,351000000000.0,135000000000.0,34940000000,153000000000.0,363000000000.0,109000000000.0,2843000000,2645000000,94680000000,11085000000,-14545000000,-93353000000.0,1
30-03-2022,178.5500031,179.6100006,176.6999969,177.7700043,175.5233917,92633200,25029.116,282.39,4.0,0.08,351000000000.0,135000000000.0,34940000000,153000000000.0,363000000000.0,109000000000.0,2843000000,2645000000,94680000000,11085000000,-14545000000,-93353000000.0,-1
31-03-2022,177.8399963,178.0299988,174.3999939,174.6100006,172.4033203,103049300,25029.116,282.39,4.0,0.08,351000000000.0,135000000000.0,34940000000,153000000000.0,363000000000.0,109000000000.0,2843000000,2645000000,94680000000,11085000000,-14545000000,-93353000000.0,-1
01-04-2022,174.0299988,174.8800049,171.9400024,174.3099976,172.1070709,78751300,25544.273,288.764,3.7,0.33,351000000000.0,135000000000.0,34940000000,153000000000.0,363000000000.0,109000000000.0,2843000000,2645000000,94680000000,11085000000,-14545000000,-93353000000.0,1
04-04-2022,174.5700073,178.4900055,174.4400024,178.4400024,176.184906,76468400,25544.273,288.764,3.7,0.33,351000000000.0,135000000000.0,34940000000,153000000000.0,363000000000.0,109000000000.0,2843000000,2645000000,94680000000,11085000000,-14545000000,-93353000000.0,1
05-04-2022,177.5,178.3000031,174.4199982,175.0599976,172.84758,73401800,25544.273,288.764,3.7,0.33,351000000000.0,135000000000.0,34940000000,153000000000.0,363000000000.0,109000000000.0,2843000000,2645000000,94680000000,11085000000,-14545000000,-93353000000.0,-1
06-04-2022,172.3600006,173.6300049,170.1300049,171.8300018,169.6584473,89058800,25544.273,288.764,3.7,0.33,351000000000.0,135000000000.0,34940000000,153000000000.0,363000000000.0,109000000000.0,2843000000,2645000000,94680000000,11085000000,-14545000000,-93353000000.0,-1
07-04-2022,171.1600037,173.3600006,169.8500061,172.1399994,169.9645538,77594700,25544.273,288.764,3.7,0.33,351000000000.0,135000000000.0,34940000000,153000000000.0,363000000000.0,109000000000.0,2843000000,2645000000,94680000000,11085000000,-14545000000,-93353000000.0,1
08-04-2022,171.7799988,171.7799988,169.1999969,170.0899963,167.9403992,76575500,25544.273,288.764,3.7,0.33,351000000000.0,135000000000.0,34940000000,153000000000.0,363000000000.0,109000000000.0,2843000000,2645000000,94680000000,11085000000,-14545000000,-93353000000.0,-1
11-04-2022,168.7100067,169.0299988,165.5,165.75,163.6552582,72246700,25544.273,288.764,3.7,0.33,351000000000.0,135000000000.0,34940000000,153000000000.0,363000000000.0,109000000000.0,2843000000,2645000000,94680000000,11085000000,-14545000000,-93353000000.0,-1
12-04-2022,168.0200043,169.8699951,166.6399994,167.6600037,165.5411377,79265200,25544.273,288.764,3.7,0.33,351000000000.0,135000000000.0,34940000000,153000000000.0,363000000000.0,109000000000.0,2843000000,2645000000,94680000000,11085000000,-14545000000,-93353000000.0,-1
13-04-2022,167.3899994,171.0399933,166.7700043,170.3999939,168.2464905,70618900,25544.273,288.764,3.7,0.33,351000000000.0,135000000000.0,34940000000,153000000000.0,363000000000.0,109000000000.0,2843000000,2645000000,94680000000,11085000000,-14545000000,-93353000000.0,1
14-04-2022,170.6199951,171.2700043,165.0399933,165.2899933,163.2010803,75329400,25544.273,288.764,3.7,0.33,351000000000.0,135000000000.0,34940000000,153000000000.0,363000000000.0,109000000000.0,2843000000,2645000000,94680000000,11085000000,-14545000000,-93353000000.0,-1
18-04-2022,163.9199982,166.6000061,163.5700073,165.0700073,162.983902,69023900,25544.273,288.764,3.7,0.33,351000000000.0,135000000000.0,34940000000,153000000000.0,363000000000.0,109000000000.0,2843000000,2645000000,94680000000,11085000000,-14545000000,-93353000000.0,1
19-04-2022,165.0200043,167.8200073,163.9100037,167.3999939,165.2844238,67723800,25544.273,288.764,3.7,0.33,351000000000.0,135000000000.0,34940000000,153000000000.0,363000000000.0,109000000000.0,2843000000,2645000000,94680000000,11085000000,-14545000000,-93353000000.0,1
20-04-2022,168.7599945,168.8800049,166.1000061,167.2299957,165.1165619,67929800,25544.273,288.764,3.7,0.33,351000000000.0,135000000000.0,34940000000,153000000000.0,363000000000.0,109000000000.0,2843000000,2645000000,94680000000,11085000000,-14545000000,-93353000000.0,-1
21-04-2022,168.9100037,171.5299988,165.9100037,166.4199982,164.316803,87227800,25544.273,288.764,3.7,0.33,351000000000.0,135000000000.0,34940000000,153000000000.0,363000000000.0,109000000000.0,2843000000,2645000000,94680000000,11085000000,-14545000000,-93353000000.0,-1
22-04-2022,166.4600067,167.8699951,161.5,161.7899933,159.7453003,84882400,25544.273,288.764,3.7,0.33,351000000000.0,135000000000.0,34940000000,153000000000.0,363000000000.0,109000000000.0,2843000000,2645000000,94680000000,11085000000,-14545000000,-93353000000.0,-1
25-04-2022,161.1199951,163.1699982,158.4600067,162.8800049,160.8215637,96046400,25544.273,288.764,3.7,0.33,351000000000.0,135000000000.0,34940000000,153000000000.0,363000000000.0,109000000000.0,2843000000,2645000000,94680000000,11085000000,-14545000000,-93353000000.0,1
26-04-2022,162.25,162.3399963,156.7200012,156.8000031,154.8184052,95623200,25544.273,288.764,3.7,0.33,351000000000.0,135000000000.0,34940000000,153000000000.0,363000000000.0,109000000000.0,2843000000,2645000000,94680000000,11085000000,-14545000000,-93353000000.0,-1
27-04-2022,155.9100037,159.7899933,155.3800049,156.5700073,154.5913086,88063200,25544.273,288.764,3.7,0.33,351000000000.0,135000000000.0,34940000000,153000000000.0,363000000000.0,109000000000.0,2843000000,2645000000,94680000000,11085000000,-14545000000,-93353000000.0,1
28-04-2022,159.25,164.5200043,158.9299927,163.6399994,161.5719299,130216800,25544.273,288.764,3.7,0.33,351000000000.0,135000000000.0,34940000000,153000000000.0,363000000000.0,109000000000.0,2843000000,2645000000,94680000000,11085000000,-14545000000,-93353000000.0,1
29-04-2022,161.8399963,166.1999969,157.25,157.6499939,155.6576233,131747600,25544.273,288.764,3.7,0.33,351000000000.0,135000000000.0,34940000000,153000000000.0,363000000000.0,109000000000.0,2843000000,2645000000,94680000000,11085000000,-14545000000,-93353000000.0,-1
02-05-2022,156.7100067,158.2299957,153.2700043,157.9600067,155.9637146,123055300,25544.273,288.764,3.7,0.33,351000000000.0,135000000000.0,34940000000,153000000000.0,363000000000.0,109000000000.0,2843000000,2645000000,94680000000,11085000000,-14545000000,-93353000000.0,1
03-05-2022,158.1499939,160.7100067,156.3200073,159.4799957,157.4645081,88966500,25544.273,288.764,3.7,0.33,351000000000.0,135000000000.0,34940000000,153000000000.0,363000000000.0,109000000000.0,2843000000,2645000000,94680000000,11085000000,-14545000000,-93353000000.0,1
04-05-2022,159.6699982,166.4799957,159.2599945,166.0200043,163.9218597,108256500,25544.273,288.764,3.7,0.33,351000000000.0,135000000000.0,34940000000,153000000000.0,363000000000.0,109000000000.0,2843000000,2645000000,94680000000,11085000000,-14545000000,-93353000000.0,1
05-05-2022,163.8500061,164.0800018,154.9499969,156.7700043,154.7887878,130525300,25544.273,288.764,3.7,0.33,351000000000.0,135000000000.0,34940000000,153000000000.0,363000000000.0,109000000000.0,2843000000,2645000000,94680000000,11085000000,-14545000000,-93353000000.0,-1
06-05-2022,156.0099945,159.4400024,154.1799927,157.2799988,155.5204926,116124600,25544.273,288.764,3.7,0.33,351000000000.0,135000000000.0,34940000000,153000000000.0,363000000000.0,109000000000.0,2843000000,2645000000,94680000000,11085000000,-14545000000,-93353000000.0,1
09-05-2022,154.9299927,155.8300018,151.4900055,152.0599976,150.3588715,131577900,25544.273,288.764,3.7,0.33,351000000000.0,135000000000.0,34940000000,153000000000.0,363000000000.0,109000000000.0,2843000000,2645000000,94680000000,11085000000,-14545000000,-93353000000.0,-1
10-05-2022,155.5200043,156.7400055,152.9299927,154.5099945,152.7814636,115366700,25544.273,288.764,3.7,0.33,351000000000.0,135000000000.0,34940000000,153000000000.0,363000000000.0,109000000000.0,2843000000,2645000000,94680000000,11085000000,-14545000000,-93353000000.0,-1
11-05-2022,153.5,155.4499969,145.8099976,146.5,144.861084,142689800,25544.273,288.764,3.7,0.33,351000000000.0,135000000000.0,34940000000,153000000000.0,363000000000.0,109000000000.0,2843000000,2645000000,94680000000,11085000000,-14545000000,-93353000000.0,-1
12-05-2022,142.7700043,146.1999969,138.8000031,142.5599976,140.9651642,182602000,25544.273,288.764,3.7,0.33,351000000000.0,135000000000.0,34940000000,153000000000.0,363000000000.0,109000000000.0,2843000000,2645000000,94680000000,11085000000,-14545000000,-93353000000.0,-1
13-05-2022,144.5899963,148.1000061,143.1100006,147.1100006,145.4642487,113990900,25544.273,288.764,3.7,0.33,351000000000.0,135000000000.0,34940000000,153000000000.0,363000000000.0,109000000000.0,2843000000,2645000000,94680000000,11085000000,-14545000000,-93353000000.0,1
16-05-2022,145.5500031,147.5200043,144.1799927,145.5399933,143.9118042,86643800,25544.273,288.764,3.7,0.33,351000000000.0,135000000000.0,34940000000,153000000000.0,363000000000.0,109000000000.0,2843000000,2645000000,94680000000,11085000000,-14545000000,-93353000000.0,-1
17-05-2022,148.8600006,149.7700043,146.6799927,149.2400055,147.5704041,78336300,25544.273,288.764,3.7,0.33,351000000000.0,135000000000.0,34940000000,153000000000.0,363000000000.0,109000000000.0,2843000000,2645000000,94680000000,11085000000,-14545000000,-93353000000.0,1
18-05-2022,146.8500061,147.3600006,139.8999939,140.8200073,139.2446442,109742900,25544.273,288.764,3.7,0.33,351000000000.0,135000000000.0,34940000000,153000000000.0,363000000000.0,109000000000.0,2843000000,2645000000,94680000000,11085000000,-14545000000,-93353000000.0,-1
19-05-2022,139.8800049,141.6600037,136.6000061,137.3500061,135.813446,136095600,25544.273,288.764,3.7,0.33,351000000000.0,135000000000.0,34940000000,153000000000.0,363000000000.0,109000000000.0,2843000000,2645000000,94680000000,11085000000,-14545000000,-93353000000.0,-1
20-05-2022,139.0899963,140.6999969,132.6100006,137.5899963,136.050766,137426100,25544.273,288.764,3.7,0.33,351000000000.0,135000000000.0,34940000000,153000000000.0,363000000000.0,109000000000.0,2843000000,2645000000,94680000000,11085000000,-14545000000,-93353000000.0,-1
23-05-2022,137.7899933,143.2599945,137.6499939,143.1100006,141.5090179,117726300,25544.273,288.764,3.7,0.33,351000000000.0,135000000000.0,34940000000,153000000000.0,363000000000.0,109000000000.0,2843000000,2645000000,94680000000,11085000000,-14545000000,-93353000000.0,1
24-05-2022,140.8099976,141.9700012,137.3300018,140.3600006,138.7897949,104132700,25544.273,288.764,3.7,0.33,351000000000.0,135000000000.0,34940000000,153000000000.0,363000000000.0,109000000000.0,2843000000,2645000000,94680000000,11085000000,-14545000000,-93353000000.0,-1
25-05-2022,138.4299927,141.7899933,138.3399963,140.5200043,138.9479828,92482700,25544.273,288.764,3.7,0.33,351000000000.0,135000000000.0,34940000000,153000000000.0,363000000000.0,109000000000.0,2843000000,2645000000,94680000000,11085000000,-14545000000,-93353000000.0,1
26-05-2022,137.3899994,144.3399963,137.1399994,143.7799988,142.1715088,90601500,25544.273,288.764,3.7,0.33,351000000000.0,135000000000.0,34940000000,153000000000.0,363000000000.0,109000000000.0,2843000000,2645000000,94680000000,11085000000,-14545000000,-93353000000.0,1
27-05-2022,145.3899994,149.6799927,145.2599945,149.6399994,147.9659424,90978500,25544.273,288.764,3.7,0.33,351000000000.0,135000000000.0,34940000000,153000000000.0,363000000000.0,109000000000.0,2843000000,2645000000,94680000000,11085000000,-14545000000,-93353000000.0,1
31-05-2022,149.0700073,150.6600037,146.8399963,148.8399963,147.1749115,103718400,25544.273,288.764,3.7,0.33,351000000000.0,135000000000.0,34940000000,153000000000.0,363000000000.0,109000000000.0,2843000000,2645000000,94680000000,11085000000,-14545000000,-93353000000.0,-1
01-06-2022,149.8999939,151.7400055,147.6799927,148.7100067,147.0463562,74286600,25544.273,288.764,3.7,0.33,351000000000.0,135000000000.0,34940000000,153000000000.0,363000000000.0,109000000000.0,2843000000,2645000000,94680000000,11085000000,-14545000000,-93353000000.0,-1
02-06-2022,147.8300018,151.2700043,146.8600006,151.2100067,149.5184174,72348100,25544.273,288.764,3.7,0.33,351000000000.0,135000000000.0,34940000000,153000000000.0,363000000000.0,109000000000.0,2843000000,2645000000,94680000000,11085000000,-14545000000,-93353000000.0,1
03-06-2022,146.8999939,147.9700012,144.4600067,145.3800049,143.7536011,88570300,25544.273,288.764,3.7,0.33,351000000000.0,135000000000.0,34940000000,153000000000.0,363000000000.0,109000000000.0,2843000000,2645000000,94680000000,11085000000,-14545000000,-93353000000.0,-1
06-06-2022,147.0299988,148.5700073,144.8999939,146.1399994,144.5051117,71598400,25544.273,288.764,3.7,0.33,351000000000.0,135000000000.0,34940000000,153000000000.0,363000000000.0,109000000000.0,2843000000,2645000000,94680000000,11085000000,-14545000000,-93353000000.0,-1
07-06-2022,144.3500061,149.0,144.1000061,148.7100067,147.0463562,67808200,25544.273,288.764,3.7,0.33,351000000000.0,135000000000.0,34940000000,153000000000.0,363000000000.0,109000000000.0,2843000000,2645000000,94680000000,11085000000,-14545000000,-93353000000.0,1
08-06-2022,148.5800018,149.8699951,147.4600067,147.9600067,146.3047638,53950200,25544.273,288.764,3.7,0.33,351000000000.0,135000000000.0,34940000000,153000000000.0,363000000000.0,109000000000.0,2843000000,2645000000,94680000000,11085000000,-14545000000,-93353000000.0,-1
09-06-2022,147.0800018,147.9499969,142.5299988,142.6399994,141.0442657,69473000,25544.273,288.764,3.7,0.33,351000000000.0,135000000000.0,34940000000,153000000000.0,363000000000.0,109000000000.0,2843000000,2645000000,94680000000,11085000000,-14545000000,-93353000000.0,-1
10-06-2022,140.2799988,140.7599945,137.0599976,137.1300049,135.5959167,91437900,25544.273,288.764,3.7,0.33,351000000000.0,135000000000.0,34940000000,153000000000.0,363000000000.0,109000000000.0,2843000000,2645000000,94680000000,11085000000,-14545000000,-93353000000.0,-1
13-06-2022,132.8699951,135.1999969,131.4400024,131.8800049,130.4046478,122207100,25544.273,288.764,3.7,0.33,351000000000.0,135000000000.0,34940000000,153000000000.0,363000000000.0,109000000000.0,2843000000,2645000000,94680000000,11085000000,-14545000000,-93353000000.0,-1
14-06-2022,133.1300049,133.8899994,131.4799957,132.7599945,131.2747955,84784300,25544.273,288.764,3.7,0.33,351000000000.0,135000000000.0,34940000000,153000000000.0,363000000000.0,109000000000.0,2843000000,2645000000,94680000000,11085000000,-14545000000,-93353000000.0,-1
15-06-2022,134.2899933,137.3399963,132.1600037,135.4299927,133.914917,91533000,25544.273,288.764,3.7,0.33,351000000000.0,135000000000.0,34940000000,153000000000.0,363000000000.0,109000000000.0,2843000000,2645000000,94680000000,11085000000,-14545000000,-93353000000.0,1
16-06-2022,132.0800018,132.3899994,129.0399933,130.0599976,128.6049957,108123900,25544.273,288.764,3.7,0.33,351000000000.0,135000000000.0,34940000000,153000000000.0,363000000000.0,109000000000.0,2843000000,2645000000,94680000000,11085000000,-14545000000,-93353000000.0,-1
17-06-2022,130.0700073,133.0800018,129.8099976,131.5599976,130.0882263,134520300,25544.273,288.764,3.7,0.33,351000000000.0,135000000000.0,34940000000,153000000000.0,363000000000.0,109000000000.0,2843000000,2645000000,94680000000,11085000000,-14545000000,-93353000000.0,1
21-06-2022,133.4199982,137.0599976,133.3200073,135.8699951,134.3499908,81000500,25544.273,288.764,3.7,0.33,351000000000.0,135000000000.0,34940000000,153000000000.0,363000000000.0,109000000000.0,2843000000,2645000000,94680000000,11085000000,-14545000000,-93353000000.0,1
22-06-2022,134.7899933,137.7599945,133.9100037,135.3500061,133.8358307,73409200,25544.273,288.764,3.7,0.33,351000000000.0,135000000000.0,34940000000,153000000000.0,363000000000.0,109000000000.0,2843000000,2645000000,94680000000,11085000000,-14545000000,-93353000000.0,1
23-06-2022,136.8200073,138.5899963,135.6300049,138.2700043,136.7231445,72433800,25544.273,288.764,3.7,0.33,351000000000.0,135000000000.0,34940000000,153000000000.0,363000000000.0,109000000000.0,2843000000,2645000000,94680000000,11085000000,-14545000000,-93353000000.0,1
24-06-2022,139.8999939,141.9100037,139.7700043,141.6600037,140.0752411,89116800,25544.273,288.764,3.7,0.33,351000000000.0,135000000000.0,34940000000,153000000000.0,363000000000.0,109000000000.0,2843000000,2645000000,94680000000,11085000000,-14545000000,-93353000000.0,1
27-06-2022,142.6999969,143.4900055,140.9700012,141.6600037,140.0752411,70207900,25544.273,288.764,3.7,0.33,351000000000.0,135000000000.0,34940000000,153000000000.0,363000000000.0,109000000000.0,2843000000,2645000000,94680000000,11085000000,-14545000000,-93353000000.0,-1
28-06-2022,142.1300049,143.4199982,137.3200073,137.4400024,135.9024353,67083400,25544.273,288.764,3.7,0.33,351000000000.0,135000000000.0,34940000000,153000000000.0,363000000000.0,109000000000.0,2843000000,2645000000,94680000000,11085000000,-14545000000,-93353000000.0,-1
29-06-2022,137.4600067,140.6699982,136.6699982,139.2299957,137.6724091,66242400,25544.273,288.764,3.7,0.33,351000000000.0,135000000000.0,34940000000,153000000000.0,363000000000.0,109000000000.0,2843000000,2645000000,94680000000,11085000000,-14545000000,-93353000000.0,1
30-06-2022,137.25,138.3699951,133.7700043,136.7200012,135.190506,98964500,25544.273,288.764,3.7,0.33,351000000000.0,135000000000.0,34940000000,153000000000.0,363000000000.0,109000000000.0,2843000000,2645000000,94680000000,11085000000,-14545000000,-93353000000.0,-1
01-07-2022,136.0399933,139.0399933,135.6600037,138.9299927,137.3757782,71051600,25994.639,294.977,3.5,1.68,351000000000.0,135000000000.0,34940000000,153000000000.0,363000000000.0,109000000000.0,2843000000,2645000000,94680000000,11085000000,-14545000000,-93353000000.0,1
05-07-2022,137.7700043,141.6100006,136.9299927,141.5599976,139.9763641,73353800,25994.639,294.977,3.5,1.68,351000000000.0,135000000000.0,34940000000,153000000000.0,363000000000.0,109000000000.0,2843000000,2645000000,94680000000,11085000000,-14545000000,-93353000000.0,1
06-07-2022,141.3500061,144.1199951,141.0800018,142.9199982,141.3211365,74064300,25994.639,294.977,3.5,1.68,351000000000.0,135000000000.0,34940000000,153000000000.0,363000000000.0,109000000000.0,2843000000,2645000000,94680000000,11085000000,-14545000000,-93353000000.0,1
07-07-2022,143.2899933,146.5500031,143.2799988,146.3500061,144.7127686,66253700,25994.639,294.977,3.5,1.68,351000000000.0,135000000000.0,34940000000,153000000000.0,363000000000.0,109000000000.0,2843000000,2645000000,94680000000,11085000000,-14545000000,-93353000000.0,1
08-07-2022,145.2599945,147.5500031,145.0,147.0399933,145.3950348,64547800,25994.639,294.977,3.5,1.68,351000000000.0,135000000000.0,34940000000,153000000000.0,363000000000.0,109000000000.0,2843000000,2645000000,94680000000,11085000000,-14545000000,-93353000000.0,1
11-07-2022,145.6699982,146.6399994,143.7799988,144.8699951,143.2493286,63141600,25994.639,294.977,3.5,1.68,351000000000.0,135000000000.0,34940000000,153000000000.0,363000000000.0,109000000000.0,2843000000,2645000000,94680000000,11085000000,-14545000000,-93353000000.0,-1
12-07-2022,145.7599945,148.4499969,145.0500031,145.8600006,144.228241,77588800,25994.639,294.977,3.5,1.68,351000000000.0,135000000000.0,34940000000,153000000000.0,363000000000.0,109000000000.0,2843000000,2645000000,94680000000,11085000000,-14545000000,-93353000000.0,1
13-07-2022,142.9900055,146.4499969,142.1199951,145.4900055,143.8623962,71185600,25994.639,294.977,3.5,1.68,351000000000.0,135000000000.0,34940000000,153000000000.0,363000000000.0,109000000000.0,2843000000,2645000000,94680000000,11085000000,-14545000000,-93353000000.0,1
14-07-2022,144.0800018,148.9499969,143.25,148.4700012,146.8090363,78140700,25994.639,294.977,3.5,1.68,351000000000.0,135000000000.0,34940000000,153000000000.0,363000000000.0,109000000000.0,2843000000,2645000000,94680000000,11085000000,-14545000000,-93353000000.0,1
15-07-2022,149.7799988,150.8600006,148.1999969,150.1699982,148.4900055,76259900,25994.639,294.977,3.5,1.68,351000000000.0,135000000000.0,34940000000,153000000000.0,363000000000.0,109000000000.0,2843000000,2645000000,94680000000,11085000000,-14545000000,-93353000000.0,1
18-07-2022,150.7400055,151.5700073,146.6999969,147.0700073,145.4247284,81420900,25994.639,294.977,3.5,1.68,351000000000.0,135000000000.0,34940000000,153000000000.0,363000000000.0,109000000000.0,2843000000,2645000000,94680000000,11085000000,-14545000000,-93353000000.0,-1
19-07-2022,147.9199982,151.2299957,146.9100037,151.0,149.3107605,82982400,25994.639,294.977,3.5,1.68,351000000000.0,135000000000.0,34940000000,153000000000.0,363000000000.0,109000000000.0,2843000000,2645000000,94680000000,11085000000,-14545000000,-93353000000.0,1
20-07-2022,151.1199951,153.7200012,150.3699951,153.0399933,151.3279114,64823400,25994.639,294.977,3.5,1.68,351000000000.0,135000000000.0,34940000000,153000000000.0,363000000000.0,109000000000.0,2843000000,2645000000,94680000000,11085000000,-14545000000,-93353000000.0,1
21-07-2022,154.5,155.5700073,151.9400024,155.3500061,153.6120911,65086600,25994.639,294.977,3.5,1.68,351000000000.0,135000000000.0,34940000000,153000000000.0,363000000000.0,109000000000.0,2843000000,2645000000,94680000000,11085000000,-14545000000,-93353000000.0,1
22-07-2022,155.3899994,156.2799988,153.4100037,154.0899963,152.3661652,66675400,25994.639,294.977,3.5,1.68,351000000000.0,135000000000.0,34940000000,153000000000.0,363000000000.0,109000000000.0,2843000000,2645000000,94680000000,11085000000,-14545000000,-93353000000.0,-1
25-07-2022,154.0099945,155.0399933,152.2799988,152.9499969,151.2389069,53623900,25994.639,294.977,3.5,1.68,351000000000.0,135000000000.0,34940000000,153000000000.0,363000000000.0,109000000000.0,2843000000,2645000000,94680000000,11085000000,-14545000000,-93353000000.0,-1
26-07-2022,152.2599945,153.0899963,150.8000031,151.6000061,149.9040375,55138700,25994.639,294.977,3.5,1.68,351000000000.0,135000000000.0,34940000000,153000000000.0,363000000000.0,109000000000.0,2843000000,2645000000,94680000000,11085000000,-14545000000,-93353000000.0,-1
27-07-2022,152.5800018,157.3300018,152.1600037,156.7899933,155.035965,78620700,25994.639,294.977,3.5,1.68,351000000000.0,135000000000.0,34940000000,153000000000.0,363000000000.0,109000000000.0,2843000000,2645000000,94680000000,11085000000,-14545000000,-93353000000.0,1
28-07-2022,156.9799957,157.6399994,154.4100037,157.3500061,155.5897217,81378700,25994.639,294.977,3.5,1.68,351000000000.0,135000000000.0,34940000000,153000000000.0,363000000000.0,109000000000.0,2843000000,2645000000,94680000000,11085000000,-14545000000,-93353000000.0,1
29-07-2022,161.2400055,163.6300049,159.5,162.5099945,160.6919861,101786900,25994.639,294.977,3.5,1.68,351000000000.0,135000000000.0,34940000000,153000000000.0,363000000000.0,109000000000.0,2843000000,2645000000,94680000000,11085000000,-14545000000,-93353000000.0,1
01-08-2022,161.0099945,163.5899963,160.8899994,161.5099945,159.703186,67829400,25994.639,294.977,3.5,1.68,351000000000.0,135000000000.0,34940000000,153000000000.0,363000000000.0,109000000000.0,2843000000,2645000000,94680000000,11085000000,-14545000000,-93353000000.0,1
02-08-2022,160.1000061,162.4100037,159.6300049,160.0099945,158.2199402,59907000,25994.639,294.977,3.5,1.68,351000000000.0,135000000000.0,34940000000,153000000000.0,363000000000.0,109000000000.0,2843000000,2645000000,94680000000,11085000000,-14545000000,-93353000000.0,-1
03-08-2022,160.8399963,166.5899963,160.75,166.1300049,164.2714844,82507500,25994.639,294.977,3.5,1.68,351000000000.0,135000000000.0,34940000000,153000000000.0,363000000000.0,109000000000.0,2843000000,2645000000,94680000000,11085000000,-14545000000,-93353000000.0,1
04-08-2022,166.0099945,167.1900024,164.4299927,165.8099976,163.9550629,55474100,25994.639,294.977,3.5,1.68,351000000000.0,135000000000.0,34940000000,153000000000.0,363000000000.0,109000000000.0,2843000000,2645000000,94680000000,11085000000,-14545000000,-93353000000.0,-1
05-08-2022,163.2100067,165.8500061,163.0,165.3500061,163.7273254,56697000,25994.639,294.977,3.5,1.68,351000000000.0,135000000000.0,34940000000,153000000000.0,363000000000.0,109000000000.0,2843000000,2645000000,94680000000,11085000000,-14545000000,-93353000000.0,1
08-08-2022,166.3699951,167.8099976,164.1999969,164.8699951,163.2520294,60276900,25994.639,294.977,3.5,1.68,351000000000.0,135000000000.0,34940000000,153000000000.0,363000000000.0,109000000000.0,2843000000,2645000000,94680000000,11085000000,-14545000000,-93353000000.0,-1
09-08-2022,164.0200043,165.8200073,163.25,164.9199982,163.3015442,63135500,25994.639,294.977,3.5,1.68,351000000000.0,135000000000.0,34940000000,153000000000.0,363000000000.0,109000000000.0,2843000000,2645000000,94680000000,11085000000,-14545000000,-93353000000.0,1
10-08-2022,167.6799927,169.3399963,166.8999939,169.2400055,167.5791473,70170500,25994.639,294.977,3.5,1.68,351000000000.0,135000000000.0,34940000000,153000000000.0,363000000000.0,109000000000.0,2843000000,2645000000,94680000000,11085000000,-14545000000,-93353000000.0,1
11-08-2022,170.0599976,170.9900055,168.1900024,168.4900055,166.8365173,57149200,25994.639,294.977,3.5,1.68,351000000000.0,135000000000.0,34940000000,153000000000.0,363000000000.0,109000000000.0,2843000000,2645000000,94680000000,11085000000,-14545000000,-93353000000.0,-1
12-08-2022,169.8200073,172.1699982,169.3999939,172.1000061,170.4110718,68039400,25994.639,294.977,3.5,1.68,351000000000.0,135000000000.0,34940000000,153000000000.0,363000000000.0,109000000000.0,2843000000,2645000000,94680000000,11085000000,-14545000000,-93353000000.0,1
15-08-2022,171.5200043,173.3899994,171.3500061,173.1900024,171.490387,54091700,25994.639,294.977,3.5,1.68,351000000000.0,135000000000.0,34940000000,153000000000.0,363000000000.0,109000000000.0,2843000000,2645000000,94680000000,11085000000,-14545000000,-93353000000.0,1
16-08-2022,172.7799988,173.7100067,171.6600037,173.0299988,171.331955,56377100,25994.639,294.977,3.5,1.68,351000000000.0,135000000000.0,34940000000,153000000000.0,363000000000.0,109000000000.0,2843000000,2645000000,94680000000,11085000000,-14545000000,-93353000000.0,1
17-08-2022,172.7700043,176.1499939,172.5700073,174.5500031,172.8370514,79542000,25994.639,294.977,3.5,1.68,351000000000.0,135000000000.0,34940000000,153000000000.0,363000000000.0,109000000000.0,2843000000,2645000000,94680000000,11085000000,-14545000000,-93353000000.0,1
18-08-2022,173.75,174.8999939,173.1199951,174.1499939,172.4409485,62290100,25994.639,294.977,3.5,1.68,351000000000.0,135000000000.0,34940000000,153000000000.0,363000000000.0,109000000000.0,2843000000,2645000000,94680000000,11085000000,-14545000000,-93353000000.0,1
19-08-2022,173.0299988,173.7400055,171.3099976,171.5200043,169.8367767,70346300,25994.639,294.977,3.5,1.68,351000000000.0,135000000000.0,34940000000,153000000000.0,363000000000.0,109000000000.0,2843000000,2645000000,94680000000,11085000000,-14545000000,-93353000000.0,-1
22-08-2022,169.6900024,169.8600006,167.1399994,167.5700073,165.9255524,69026800,25994.639,294.977,3.5,1.68,351000000000.0,135000000000.0,34940000000,153000000000.0,363000000000.0,109000000000.0,2843000000,2645000000,94680000000,11085000000,-14545000000,-93353000000.0,-1
23-08-2022,167.0800018,168.7100067,166.6499939,167.2299957,165.5888672,54147100,25994.639,294.977,3.5,1.68,351000000000.0,135000000000.0,34940000000,153000000000.0,363000000000.0,109000000000.0,2843000000,2645000000,94680000000,11085000000,-14545000000,-93353000000.0,1
24-08-2022,167.3200073,168.1100006,166.25,167.5299988,165.88591,53841500,25994.639,294.977,3.5,1.68,351000000000.0,135000000000.0,34940000000,153000000000.0,363000000000.0,109000000000.0,2843000000,2645000000,94680000000,11085000000,-14545000000,-93353000000.0,1
25-08-2022,168.7799988,170.1399994,168.3500061,170.0299988,168.3614044,51218200,25994.639,294.977,3.5,1.68,351000000000.0,135000000000.0,34940000000,153000000000.0,363000000000.0,109000000000.0,2843000000,2645000000,94680000000,11085000000,-14545000000,-93353000000.0,1
26-08-2022,170.5700073,171.0500031,163.5599976,163.6199951,162.0143127,78961000,25994.639,294.977,3.5,1.68,351000000000.0,135000000000.0,34940000000,153000000000.0,363000000000.0,109000000000.0,2843000000,2645000000,94680000000,11085000000,-14545000000,-93353000000.0,-1
29-08-2022,161.1499939,162.8999939,159.8200073,161.3800049,159.7962799,73314000,25994.639,294.977,3.5,1.68,351000000000.0,135000000000.0,34940000000,153000000000.0,363000000000.0,109000000000.0,2843000000,2645000000,94680000000,11085000000,-14545000000,-93353000000.0,1
30-08-2022,162.1300049,162.5599976,157.7200012,158.9100037,157.3505096,77906200,25994.639,294.977,3.5,1.68,351000000000.0,135000000000.0,34940000000,153000000000.0,363000000000.0,109000000000.0,2843000000,2645000000,94680000000,11085000000,-14545000000,-93353000000.0,-1
31-08-2022,160.3099976,160.5800018,157.1399994,157.2200012,155.6770935,87991100,25994.639,294.977,3.5,1.68,351000000000.0,135000000000.0,34940000000,153000000000.0,363000000000.0,109000000000.0,2843000000,2645000000,94680000000,11085000000,-14545000000,-93353000000.0,-1
01-09-2022,156.6399994,158.4199982,154.6699982,157.9600067,156.4098358,74229900,25994.639,294.977,3.5,1.68,351000000000.0,135000000000.0,34940000000,153000000000.0,363000000000.0,109000000000.0,2843000000,2645000000,94680000000,11085000000,-14545000000,-93353000000.0,1
02-09-2022,159.75,160.3600006,154.9700012,155.8099976,154.2809296,76957800,25994.639,294.977,3.5,1.68,351000000000.0,135000000000.0,34940000000,153000000000.0,363000000000.0,109000000000.0,2843000000,2645000000,94680000000,11085000000,-14545000000,-93353000000.0,-1
06-09-2022,156.4700012,157.0899963,153.6900024,154.5299988,153.0134888,73714800,25994.639,294.977,3.5,1.68,351000000000.0,135000000000.0,34940000000,153000000000.0,363000000000.0,109000000000.0,2843000000,2645000000,94680000000,11085000000,-14545000000,-93353000000.0,-1
07-09-2022,154.8200073,156.6699982,153.6100006,155.9600067,154.4295044,87449600,25994.639,294.977,3.5,1.68,351000000000.0,135000000000.0,34940000000,153000000000.0,363000000000.0,109000000000.0,2843000000,2645000000,94680000000,11085000000,-14545000000,-93353000000.0,1
08-09-2022,154.6399994,156.3600006,152.6799927,154.4600067,152.9442139,84923800,25994.639,294.977,3.5,1.68,351000000000.0,135000000000.0,34940000000,153000000000.0,363000000000.0,109000000000.0,2843000000,2645000000,94680000000,11085000000,-14545000000,-93353000000.0,-1
09-09-2022,155.4700012,157.8200073,154.75,157.3699951,155.8256378,68028800,25994.639,294.977,3.5,1.68,351000000000.0,135000000000.0,34940000000,153000000000.0,363000000000.0,109000000000.0,2843000000,2645000000,94680000000,11085000000,-14545000000,-93353000000.0,1
12-09-2022,159.5899963,164.2599945,159.3000031,163.4299927,161.8261719,104956000,25994.639,294.977,3.5,1.68,351000000000.0,135000000000.0,34940000000,153000000000.0,363000000000.0,109000000000.0,2843000000,2645000000,94680000000,11085000000,-14545000000,-93353000000.0,1
13-09-2022,159.8999939,160.5399933,153.3699951,153.8399963,152.3302765,122656600,25994.639,294.977,3.5,1.68,351000000000.0,135000000000.0,34940000000,153000000000.0,363000000000.0,109000000000.0,2843000000,2645000000,94680000000,11085000000,-14545000000,-93353000000.0,-1
14-09-2022,154.7899933,157.1000061,153.6100006,155.3099976,153.7858276,87965400,25994.639,294.977,3.5,1.68,351000000000.0,135000000000.0,34940000000,153000000000.0,363000000000.0,109000000000.0,2843000000,2645000000,94680000000,11085000000,-14545000000,-93353000000.0,1
15-09-2022,154.6499939,155.2400055,151.3800049,152.3699951,150.8746948,90481100,25994.639,294.977,3.5,1.68,351000000000.0,135000000000.0,34940000000,153000000000.0,363000000000.0,109000000000.0,2843000000,2645000000,94680000000,11085000000,-14545000000,-93353000000.0,-1
16-09-2022,151.2100067,151.3500061,148.3699951,150.6999969,149.2210999,162278800,25994.639,294.977,3.5,1.68,351000000000.0,135000000000.0,34940000000,153000000000.0,363000000000.0,109000000000.0,2843000000,2645000000,94680000000,11085000000,-14545000000,-93353000000.0,-1
19-09-2022,149.3099976,154.5599976,149.1000061,154.4799957,152.9639893,81474200,25994.639,294.977,3.5,1.68,351000000000.0,135000000000.0,34940000000,153000000000.0,363000000000.0,109000000000.0,2843000000,2645000000,94680000000,11085000000,-14545000000,-93353000000.0,1
20-09-2022,153.3999939,158.0800018,153.0800018,156.8999939,155.3602295,107689800,25994.639,294.977,3.5,1.68,351000000000.0,135000000000.0,34940000000,153000000000.0,363000000000.0,109000000000.0,2843000000,2645000000,94680000000,11085000000,-14545000000,-93353000000.0,1
21-09-2022,157.3399963,158.7400055,153.6000061,153.7200012,152.2114563,101696800,25994.639,294.977,3.5,1.68,351000000000.0,135000000000.0,34940000000,153000000000.0,363000000000.0,109000000000.0,2843000000,2645000000,94680000000,11085000000,-14545000000,-93353000000.0,-1
22-09-2022,152.3800049,154.4700012,150.9100037,152.7400055,151.2410736,86652500,25994.639,294.977,3.5,1.68,351000000000.0,135000000000.0,34940000000,153000000000.0,363000000000.0,109000000000.0,2843000000,2645000000,94680000000,11085000000,-14545000000,-93353000000.0,1
23-09-2022,151.1900024,151.4700012,148.5599976,150.4299927,148.9537506,96029900,25994.639,294.977,3.5,1.68,351000000000.0,135000000000.0,34940000000,153000000000.0,363000000000.0,109000000000.0,2843000000,2645000000,94680000000,11085000000,-14545000000,-93353000000.0,-1
26-09-2022,149.6600037,153.7700043,149.6399994,150.7700043,149.2904205,93339400,25994.639,294.977,3.5,1.68,351000000000.0,135000000000.0,34940000000,153000000000.0,363000000000.0,109000000000.0,2843000000,2645000000,94680000000,11085000000,-14545000000,-93353000000.0,1
27-09-2022,152.7400055,154.7200012,149.9499969,151.7599945,150.2706757,84442700,25994.639,294.977,3.5,1.68,351000000000.0,135000000000.0,34940000000,153000000000.0,363000000000.0,109000000000.0,2843000000,2645000000,94680000000,11085000000,-14545000000,-93353000000.0,-1
28-09-2022,147.6399994,150.6399994,144.8399963,149.8399963,148.3694916,146691400,25994.639,294.977,3.5,1.68,351000000000.0,135000000000.0,34940000000,153000000000.0,363000000000.0,109000000000.0,2843000000,2645000000,94680000000,11085000000,-14545000000,-93353000000.0,1
29-09-2022,146.1000061,146.7200012,140.6799927,142.4799957,141.0817413,128138200,25994.639,294.977,3.5,1.68,351000000000.0,135000000000.0,34940000000,153000000000.0,363000000000.0,109000000000.0,2843000000,2645000000,94680000000,11085000000,-14545000000,-93353000000.0,-1
30-09-2022,141.2799988,143.1000061,138.0,138.1999969,136.84375,124925300,25994.639,294.977,3.5,1.68,353000000000.0,135000000000.0,23646000000,171000000000.0,391000000000.0,119000000000.0,2825000000,2931000000,99803000000,10708000000,-22354000000,-111000000000.0,-1
03-10-2022,138.2100067,143.0700073,137.6900024,142.4499969,141.0520477,114311700,26408.405,297.863,3.6,3.08,353000000000.0,135000000000.0,23646000000,171000000000.0,391000000000.0,119000000000.0,2825000000,2931000000,99803000000,10708000000,-22354000000,-111000000000.0,1
04-10-2022,145.0299988,146.2200012,144.2599945,146.1000061,144.6662445,87830100,26408.405,297.863,3.6,3.08,353000000000.0,135000000000.0,23646000000,171000000000.0,391000000000.0,119000000000.0,2825000000,2931000000,99803000000,10708000000,-22354000000,-111000000000.0,1
05-10-2022,144.0700073,147.3800049,143.0099945,146.3999939,144.9632721,79471000,26408.405,297.863,3.6,3.08,353000000000.0,135000000000.0,23646000000,171000000000.0,391000000000.0,119000000000.0,2825000000,2931000000,99803000000,10708000000,-22354000000,-111000000000.0,1
06-10-2022,145.8099976,147.5399933,145.2200012,145.4299927,144.0028076,68402200,26408.405,297.863,3.6,3.08,353000000000.0,135000000000.0,23646000000,171000000000.0,391000000000.0,119000000000.0,2825000000,2931000000,99803000000,10708000000,-22354000000,-111000000000.0,-1
07-10-2022,142.5399933,143.1000061,139.4499969,140.0899963,138.71521,85925600,26408.405,297.863,3.6,3.08,353000000000.0,135000000000.0,23646000000,171000000000.0,391000000000.0,119000000000.0,2825000000,2931000000,99803000000,10708000000,-22354000000,-111000000000.0,-1
10-10-2022,140.4199982,141.8899994,138.5700073,140.4199982,139.0419617,74899000,26408.405,297.863,3.6,3.08,353000000000.0,135000000000.0,23646000000,171000000000.0,391000000000.0,119000000000.0,2825000000,2931000000,99803000000,10708000000,-22354000000,-111000000000.0,0
11-10-2022,139.8999939,141.3500061,138.2200012,138.9799957,137.6161041,77033700,26408.405,297.863,3.6,3.08,353000000000.0,135000000000.0,23646000000,171000000000.0,391000000000.0,119000000000.0,2825000000,2931000000,99803000000,10708000000,-22354000000,-111000000000.0,-1
12-10-2022,139.1300049,140.3600006,138.1600037,138.3399963,136.9823761,70433700,26408.405,297.863,3.6,3.08,353000000000.0,135000000000.0,23646000000,171000000000.0,391000000000.0,119000000000.0,2825000000,2931000000,99803000000,10708000000,-22354000000,-111000000000.0,-1
13-10-2022,134.9900055,143.5899963,134.3699951,142.9900055,141.5867615,113224000,26408.405,297.863,3.6,3.08,353000000000.0,135000000000.0,23646000000,171000000000.0,391000000000.0,119000000000.0,2825000000,2931000000,99803000000,10708000000,-22354000000,-111000000000.0,1
14-10-2022,144.3099976,144.5200043,138.1900024,138.3800049,137.0219727,88598000,26408.405,297.863,3.6,3.08,353000000000.0,135000000000.0,23646000000,171000000000.0,391000000000.0,119000000000.0,2825000000,2931000000,99803000000,10708000000,-22354000000,-111000000000.0,-1
17-10-2022,141.0700073,142.8999939,140.2700043,142.4100037,141.0124512,85250900,26408.405,297.863,3.6,3.08,353000000000.0,135000000000.0,23646000000,171000000000.0,391000000000.0,119000000000.0,2825000000,2931000000,99803000000,10708000000,-22354000000,-111000000000.0,1
18-10-2022,145.4900055,146.6999969,140.6100006,143.75,142.3393097,99136600,26408.405,297.863,3.6,3.08,353000000000.0,135000000000.0,23646000000,171000000000.0,391000000000.0,119000000000.0,2825000000,2931000000,99803000000,10708000000,-22354000000,-111000000000.0,-1
19-10-2022,141.6900024,144.9499969,141.5,143.8600006,142.4482117,61758300,26408.405,297.863,3.6,3.08,353000000000.0,135000000000.0,23646000000,171000000000.0,391000000000.0,119000000000.0,2825000000,2931000000,99803000000,10708000000,-22354000000,-111000000000.0,1
20-10-2022,143.0200043,145.8899994,142.6499939,143.3899994,141.9828491,64522000,26408.405,297.863,3.6,3.08,353000000000.0,135000000000.0,23646000000,171000000000.0,391000000000.0,119000000000.0,2825000000,2931000000,99803000000,10708000000,-22354000000,-111000000000.0,1
21-10-2022,142.8699951,147.8500061,142.6499939,147.2700043,145.8247375,86548600,26408.405,297.863,3.6,3.08,353000000000.0,135000000000.0,23646000000,171000000000.0,391000000000.0,119000000000.0,2825000000,2931000000,99803000000,10708000000,-22354000000,-111000000000.0,1
24-10-2022,147.1900024,150.2299957,146.0,149.4499969,147.9833679,75981900,26408.405,297.863,3.6,3.08,353000000000.0,135000000000.0,23646000000,171000000000.0,391000000000.0,119000000000.0,2825000000,2931000000,99803000000,10708000000,-22354000000,-111000000000.0,1
25-10-2022,150.0899963,152.4900055,149.3600006,152.3399963,150.8449707,74732300,26408.405,297.863,3.6,3.08,353000000000.0,135000000000.0,23646000000,171000000000.0,391000000000.0,119000000000.0,2825000000,2931000000,99803000000,10708000000,-22354000000,-111000000000.0,1
26-10-2022,150.9600067,151.9900055,148.0399933,149.3500061,147.8843384,88194300,26408.405,297.863,3.6,3.08,353000000000.0,135000000000.0,23646000000,171000000000.0,391000000000.0,119000000000.0,2825000000,2931000000,99803000000,10708000000,-22354000000,-111000000000.0,-1
27-10-2022,148.0700073,149.0500031,144.1300049,144.8000031,143.3789978,109180200,26408.405,297.863,3.6,3.08,353000000000.0,135000000000.0,23646000000,171000000000.0,391000000000.0,119000000000.0,2825000000,2931000000,99803000000,10708000000,-22354000000,-111000000000.0,-1
28-10-2022,148.1999969,157.5,147.8200073,155.7400055,154.2116241,164762400,26408.405,297.863,3.6,3.08,353000000000.0,135000000000.0,23646000000,171000000000.0,391000000000.0,119000000000.0,2825000000,2931000000,99803000000,10708000000,-22354000000,-111000000000.0,1
31-10-2022,153.1600037,154.2400055,151.9199982,153.3399963,151.8351898,97943200,26408.405,297.863,3.6,3.08,353000000000.0,135000000000.0,23646000000,171000000000.0,391000000000.0,119000000000.0,2825000000,2931000000,99803000000,10708000000,-22354000000,-111000000000.0,1
01-11-2022,155.0800018,155.4499969,149.1300049,150.6499939,149.1715546,80379300,26408.405,297.863,3.6,3.08,353000000000.0,135000000000.0,23646000000,171000000000.0,391000000000.0,119000000000.0,2825000000,2931000000,99803000000,10708000000,-22354000000,-111000000000.0,-1
02-11-2022,148.9499969,152.1699982,145.0,145.0299988,143.60672,93604600,26408.405,297.863,3.6,3.08,353000000000.0,135000000000.0,23646000000,171000000000.0,391000000000.0,119000000000.0,2825000000,2931000000,99803000000,10708000000,-22354000000,-111000000000.0,-1
03-11-2022,142.0599976,142.8000031,138.75,138.8800049,137.5170746,97918500,26408.405,297.863,3.6,3.08,353000000000.0,135000000000.0,23646000000,171000000000.0,391000000000.0,119000000000.0,2825000000,2931000000,99803000000,10708000000,-22354000000,-111000000000.0,-1
04-11-2022,142.0899963,142.6699982,134.3800049,138.3800049,137.2492828,140814800,26408.405,297.863,3.6,3.08,353000000000.0,135000000000.0,23646000000,171000000000.0,391000000000.0,119000000000.0,2825000000,2931000000,99803000000,10708000000,-22354000000,-111000000000.0,-1
07-11-2022,137.1100006,139.1499939,135.6699982,138.9199982,137.7848816,83374600,26408.405,297.863,3.6,3.08,353000000000.0,135000000000.0,23646000000,171000000000.0,391000000000.0,119000000000.0,2825000000,2931000000,99803000000,10708000000,-22354000000,-111000000000.0,1
08-11-2022,140.4100037,141.4299927,137.4900055,139.5,138.3601532,89908500,26408.405,297.863,3.6,3.08,353000000000.0,135000000000.0,23646000000,171000000000.0,391000000000.0,119000000000.0,2825000000,2931000000,99803000000,10708000000,-22354000000,-111000000000.0,-1
09-11-2022,138.5,138.5500031,134.5899963,134.8699951,133.7679749,74917800,26408.405,297.863,3.6,3.08,353000000000.0,135000000000.0,23646000000,171000000000.0,391000000000.0,119000000000.0,2825000000,2931000000,99803000000,10708000000,-22354000000,-111000000000.0,-1
10-11-2022,141.2400055,146.8699951,139.5,146.8699951,145.6699066,118854000,26408.405,297.863,3.6,3.08,353000000000.0,135000000000.0,23646000000,171000000000.0,391000000000.0,119000000000.0,2825000000,2931000000,99803000000,10708000000,-22354000000,-111000000000.0,1
11-11-2022,145.8200073,150.0099945,144.3699951,149.6999969,148.4767761,93979700,26408.405,297.863,3.6,3.08,353000000000.0,135000000000.0,23646000000,171000000000.0,391000000000.0,119000000000.0,2825000000,2931000000,99803000000,10708000000,-22354000000,-111000000000.0,1
14-11-2022,148.9700012,150.2799988,147.4299927,148.2799988,147.0683899,73374100,26408.405,297.863,3.6,3.08,353000000000.0,135000000000.0,23646000000,171000000000.0,391000000000.0,119000000000.0,2825000000,2931000000,99803000000,10708000000,-22354000000,-111000000000.0,-1
15-11-2022,152.2200012,153.5899963,148.5599976,150.0399933,148.8139954,89868300,26408.405,297.863,3.6,3.08,353000000000.0,135000000000.0,23646000000,171000000000.0,391000000000.0,119000000000.0,2825000000,2931000000,99803000000,10708000000,-22354000000,-111000000000.0,-1
16-11-2022,149.1300049,149.8699951,147.2899933,148.7899933,147.5742188,64218300,26408.405,297.863,3.6,3.08,353000000000.0,135000000000.0,23646000000,171000000000.0,391000000000.0,119000000000.0,2825000000,2931000000,99803000000,10708000000,-22354000000,-111000000000.0,-1
17-11-2022,146.4299927,151.4799957,146.1499939,150.7200012,149.4884796,80389400,26408.405,297.863,3.6,3.08,353000000000.0,135000000000.0,23646000000,171000000000.0,391000000000.0,119000000000.0,2825000000,2931000000,99803000000,10708000000,-22354000000,-111000000000.0,1
18-11-2022,152.3099976,152.6999969,149.9700012,151.2899933,150.0538177,74829600,26408.405,297.863,3.6,3.08,353000000000.0,135000000000.0,23646000000,171000000000.0,391000000000.0,119000000000.0,2825000000,2931000000,99803000000,10708000000,-22354000000,-111000000000.0,-1
21-11-2022,150.1600037,150.3699951,147.7200012,148.0099945,146.8005981,58724100,26408.405,297.863,3.6,3.08,353000000000.0,135000000000.0,23646000000,171000000000.0,391000000000.0,119000000000.0,2825000000,2931000000,99803000000,10708000000,-22354000000,-111000000000.0,-1
22-11-2022,148.1300049,150.4199982,146.9299927,150.1799927,148.9528656,51804100,26408.405,297.863,3.6,3.08,353000000000.0,135000000000.0,23646000000,171000000000.0,391000000000.0,119000000000.0,2825000000,2931000000,99803000000,10708000000,-22354000000,-111000000000.0,1
23-11-2022,149.4499969,151.8300018,149.3399963,151.0700073,149.8356171,58301400,26408.405,297.863,3.6,3.08,353000000000.0,135000000000.0,23646000000,171000000000.0,391000000000.0,119000000000.0,2825000000,2931000000,99803000000,10708000000,-22354000000,-111000000000.0,1
25-11-2022,148.3099976,148.8800049,147.1199951,148.1100006,146.899765,35195900,26408.405,297.863,3.6,3.08,353000000000.0,135000000000.0,23646000000,171000000000.0,391000000000.0,119000000000.0,2825000000,2931000000,99803000000,10708000000,-22354000000,-111000000000.0,-1
28-11-2022,145.1399994,146.6399994,143.3800049,144.2200012,143.0415649,69246000,26408.405,297.863,3.6,3.08,353000000000.0,135000000000.0,23646000000,171000000000.0,391000000000.0,119000000000.0,2825000000,2931000000,99803000000,10708000000,-22354000000,-111000000000.0,-1
29-11-2022,144.2899933,144.8099976,140.3500061,141.1699982,140.0165253,83763800,26408.405,297.863,3.6,3.08,353000000000.0,135000000000.0,23646000000,171000000000.0,391000000000.0,119000000000.0,2825000000,2931000000,99803000000,10708000000,-22354000000,-111000000000.0,-1
30-11-2022,141.3999939,148.7200012,140.5500031,148.0299988,146.8204193,111380900,26408.405,297.863,3.6,3.08,353000000000.0,135000000000.0,23646000000,171000000000.0,391000000000.0,119000000000.0,2825000000,2931000000,99803000000,10708000000,-22354000000,-111000000000.0,1
01-12-2022,148.2100067,149.1300049,146.6100006,148.3099976,147.0981445,71250400,26408.405,297.863,3.6,3.08,353000000000.0,135000000000.0,23646000000,171000000000.0,391000000000.0,119000000000.0,2825000000,2931000000,99803000000,10708000000,-22354000000,-111000000000.0,1
02-12-2022,145.9600067,148.0,145.6499939,147.8099976,146.6022186,65447400,26408.405,297.863,3.6,3.08,353000000000.0,135000000000.0,23646000000,171000000000.0,391000000000.0,119000000000.0,2825000000,2931000000,99803000000,10708000000,-22354000000,-111000000000.0,1
05-12-2022,147.7700043,150.9199982,145.7700043,146.6300049,145.4318848,68826400,26408.405,297.863,3.6,3.08,353000000000.0,135000000000.0,23646000000,171000000000.0,391000000000.0,119000000000.0,2825000000,2931000000,99803000000,10708000000,-22354000000,-111000000000.0,-1
06-12-2022,147.0700073,147.3000031,141.9199982,142.9100037,141.7422943,64727200,26408.405,297.863,3.6,3.08,353000000000.0,135000000000.0,23646000000,171000000000.0,391000000000.0,119000000000.0,2825000000,2931000000,99803000000,10708000000,-22354000000,-111000000000.0,-1
07-12-2022,142.1900024,143.3699951,140.0,140.9400024,139.7883759,69721100,26408.405,297.863,3.6,3.08,353000000000.0,135000000000.0,23646000000,171000000000.0,391000000000.0,119000000000.0,2825000000,2931000000,99803000000,10708000000,-22354000000,-111000000000.0,-1
08-12-2022,142.3600006,143.5200043,141.1000061,142.6499939,141.4843903,62128300,26408.405,297.863,3.6,3.08,353000000000.0,135000000000.0,23646000000,171000000000.0,391000000000.0,119000000000.0,2825000000,2931000000,99803000000,10708000000,-22354000000,-111000000000.0,1
09-12-2022,142.3399963,145.5700073,140.8999939,142.1600037,140.9984283,76097000,26408.405,297.863,3.6,3.08,353000000000.0,135000000000.0,23646000000,171000000000.0,391000000000.0,119000000000.0,2825000000,2931000000,99803000000,10708000000,-22354000000,-111000000000.0,-1
12-12-2022,142.6999969,144.5,141.0599976,144.4900055,143.3093719,70462700,26408.405,297.863,3.6,3.08,353000000000.0,135000000000.0,23646000000,171000000000.0,391000000000.0,119000000000.0,2825000000,2931000000,99803000000,10708000000,-22354000000,-111000000000.0,1
13-12-2022,149.5,149.9700012,144.2400055,145.4700012,144.2813416,93886200,26408.405,297.863,3.6,3.08,353000000000.0,135000000000.0,23646000000,171000000000.0,391000000000.0,119000000000.0,2825000000,2931000000,99803000000,10708000000,-22354000000,-111000000000.0,-1
14-12-2022,145.3500061,146.6600037,141.1600037,143.2100067,142.0398407,82291200,26408.405,297.863,3.6,3.08,353000000000.0,135000000000.0,23646000000,171000000000.0,391000000000.0,119000000000.0,2825000000,2931000000,99803000000,10708000000,-22354000000,-111000000000.0,-1
15-12-2022,141.1100006,141.8000031,136.0299988,136.5,135.3846436,98931900,26408.405,297.863,3.6,3.08,353000000000.0,135000000000.0,23646000000,171000000000.0,391000000000.0,119000000000.0,2825000000,2931000000,99803000000,10708000000,-22354000000,-111000000000.0,-1
16-12-2022,136.6900024,137.6499939,133.7299957,134.5099945,133.4109192,160156900,26408.405,297.863,3.6,3.08,353000000000.0,135000000000.0,23646000000,171000000000.0,391000000000.0,119000000000.0,2825000000,2931000000,99803000000,10708000000,-22354000000,-111000000000.0,-1
19-12-2022,135.1100006,135.1999969,131.3200073,132.3699951,131.2883911,79592600,26408.405,297.863,3.6,3.08,353000000000.0,135000000000.0,23646000000,171000000000.0,391000000000.0,119000000000.0,2825000000,2931000000,99803000000,10708000000,-22354000000,-111000000000.0,-1
20-12-2022,131.3899994,133.25,129.8899994,132.3000031,131.2189789,77432800,26408.405,297.863,3.6,3.08,353000000000.0,135000000000.0,23646000000,171000000000.0,391000000000.0,119000000000.0,2825000000,2931000000,99803000000,10708000000,-22354000000,-111000000000.0,1
21-12-2022,132.9799957,136.8099976,132.75,135.4499969,134.3432159,85928000,26408.405,297.863,3.6,3.08,353000000000.0,135000000000.0,23646000000,171000000000.0,391000000000.0,119000000000.0,2825000000,2931000000,99803000000,10708000000,-22354000000,-111000000000.0,1
22-12-2022,134.3500061,134.5599976,130.3000031,132.2299957,131.1495361,77852100,26408.405,297.863,3.6,3.08,353000000000.0,135000000000.0,23646000000,171000000000.0,391000000000.0,119000000000.0,2825000000,2931000000,99803000000,10708000000,-22354000000,-111000000000.0,-1
23-12-2022,130.9199982,132.4199982,129.6399994,131.8600006,130.7825775,63814900,26408.405,297.863,3.6,3.08,353000000000.0,135000000000.0,23646000000,171000000000.0,391000000000.0,119000000000.0,2825000000,2931000000,99803000000,10708000000,-22354000000,-111000000000.0,1
27-12-2022,131.3800049,131.4100037,128.7200012,130.0299988,128.9675293,69007800,26408.405,297.863,3.6,3.08,353000000000.0,135000000000.0,23646000000,171000000000.0,391000000000.0,119000000000.0,2825000000,2931000000,99803000000,10708000000,-22354000000,-111000000000.0,-1
28-12-2022,129.6699982,131.0299988,125.8700027,126.0400009,125.0101318,85438400,26408.405,297.863,3.6,3.08,353000000000.0,135000000000.0,23646000000,171000000000.0,391000000000.0,119000000000.0,2825000000,2931000000,99803000000,10708000000,-22354000000,-111000000000.0,-1
29-12-2022,127.9899979,130.4799957,127.7300034,129.6100006,128.5509644,75703700,26408.405,297.863,3.6,3.08,353000000000.0,135000000000.0,23646000000,171000000000.0,391000000000.0,119000000000.0,2825000000,2931000000,99803000000,10708000000,-22354000000,-111000000000.0,1
30-12-2022,128.4100037,129.9499969,127.4300003,129.9299927,128.8683319,77034200,26408.405,297.863,3.6,3.08,353000000000.0,135000000000.0,23646000000,171000000000.0,391000000000.0,119000000000.0,2825000000,2931000000,99803000000,10708000000,-22354000000,-111000000000.0,1
03-01-2023,130.2799988,130.8999939,124.1699982,125.0699997,124.0480499,112117500,26813.601,300.356,3.4,4.33,353000000000.0,135000000000.0,23646000000,171000000000.0,391000000000.0,119000000000.0,2825000000,2931000000,99803000000,10708000000,-22354000000,-111000000000.0,-1
04-01-2023,126.8899994,128.6600037,125.0800018,126.3600006,125.3275146,89113600,26813.601,300.356,3.4,4.33,353000000000.0,135000000000.0,23646000000,171000000000.0,391000000000.0,119000000000.0,2825000000,2931000000,99803000000,10708000000,-22354000000,-111000000000.0,-1
05-01-2023,127.1299973,127.7699966,124.7600021,125.0199966,123.9984589,80962700,26813.601,300.356,3.4,4.33,353000000000.0,135000000000.0,23646000000,171000000000.0,391000000000.0,119000000000.0,2825000000,2931000000,99803000000,10708000000,-22354000000,-111000000000.0,-1
06-01-2023,126.0100021,130.2899933,124.8899994,129.6199951,128.5608673,87754700,26813.601,300.356,3.4,4.33,353000000000.0,135000000000.0,23646000000,171000000000.0,391000000000.0,119000000000.0,2825000000,2931000000,99803000000,10708000000,-22354000000,-111000000000.0,1
09-01-2023,130.4700012,133.4100037,129.8899994,130.1499939,129.0865173,70790800,26813.601,300.356,3.4,4.33,353000000000.0,135000000000.0,23646000000,171000000000.0,391000000000.0,119000000000.0,2825000000,2931000000,99803000000,10708000000,-22354000000,-111000000000.0,-1
10-01-2023,130.2599945,131.2599945,128.1199951,130.7299957,129.6618042,63896200,26813.601,300.356,3.4,4.33,353000000000.0,135000000000.0,23646000000,171000000000.0,391000000000.0,119000000000.0,2825000000,2931000000,99803000000,10708000000,-22354000000,-111000000000.0,1
11-01-2023,131.25,133.5099945,130.4600067,133.4900055,132.3992462,69458900,26813.601,300.356,3.4,4.33,353000000000.0,135000000000.0,23646000000,171000000000.0,391000000000.0,119000000000.0,2825000000,2931000000,99803000000,10708000000,-22354000000,-111000000000.0,1
12-01-2023,133.8800049,134.2599945,131.4400024,133.4100037,132.3199158,71379600,26813.601,300.356,3.4,4.33,353000000000.0,135000000000.0,23646000000,171000000000.0,391000000000.0,119000000000.0,2825000000,2931000000,99803000000,10708000000,-22354000000,-111000000000.0,-1
13-01-2023,132.0299988,134.9199982,131.6600037,134.7599945,133.6588745,57809700,26813.601,300.356,3.4,4.33,353000000000.0,135000000000.0,23646000000,171000000000.0,391000000000.0,119000000000.0,2825000000,2931000000,99803000000,10708000000,-22354000000,-111000000000.0,1
17-01-2023,134.8300018,137.2899933,134.1300049,135.9400024,134.8292389,63646600,26813.601,300.356,3.4,4.33,353000000000.0,135000000000.0,23646000000,171000000000.0,391000000000.0,119000000000.0,2825000000,2931000000,99803000000,10708000000,-22354000000,-111000000000.0,1
18-01-2023,136.8200073,138.6100006,135.0299988,135.2100067,134.1052094,69672800,26813.601,300.356,3.4,4.33,353000000000.0,135000000000.0,23646000000,171000000000.0,391000000000.0,119000000000.0,2825000000,2931000000,99803000000,10708000000,-22354000000,-111000000000.0,-1
19-01-2023,134.0800018,136.25,133.7700043,135.2700043,134.1646881,58280400,26813.601,300.356,3.4,4.33,353000000000.0,135000000000.0,23646000000,171000000000.0,391000000000.0,119000000000.0,2825000000,2931000000,99803000000,10708000000,-22354000000,-111000000000.0,1
20-01-2023,135.2799988,138.0200043,134.2200012,137.8699951,136.7434387,80223600,26813.601,300.356,3.4,4.33,353000000000.0,135000000000.0,23646000000,171000000000.0,391000000000.0,119000000000.0,2825000000,2931000000,99803000000,10708000000,-22354000000,-111000000000.0,1
23-01-2023,138.1199951,143.3200073,137.8999939,141.1100006,139.9570007,81760300,26813.601,300.356,3.4,4.33,353000000000.0,135000000000.0,23646000000,171000000000.0,391000000000.0,119000000000.0,2825000000,2931000000,99803000000,10708000000,-22354000000,-111000000000.0,1
24-01-2023,140.3099976,143.1600037,140.3000031,142.5299988,141.365387,66435100,26813.601,300.356,3.4,4.33,353000000000.0,135000000000.0,23646000000,171000000000.0,391000000000.0,119000000000.0,2825000000,2931000000,99803000000,10708000000,-22354000000,-111000000000.0,1
25-01-2023,140.8899994,142.4299927,138.8099976,141.8600006,140.7008514,65799300,26813.601,300.356,3.4,4.33,353000000000.0,135000000000.0,23646000000,171000000000.0,391000000000.0,119000000000.0,2825000000,2931000000,99803000000,10708000000,-22354000000,-111000000000.0,1
26-01-2023,143.1699982,144.25,141.8999939,143.9600067,142.7837067,54105100,26813.601,300.356,3.4,4.33,353000000000.0,135000000000.0,23646000000,171000000000.0,391000000000.0,119000000000.0,2825000000,2931000000,99803000000,10708000000,-22354000000,-111000000000.0,1
27-01-2023,143.1600037,147.2299957,143.0800018,145.9299927,144.7375946,70555800,26813.601,300.356,3.4,4.33,353000000000.0,135000000000.0,23646000000,171000000000.0,391000000000.0,119000000000.0,2825000000,2931000000,99803000000,10708000000,-22354000000,-111000000000.0,1
30-01-2023,144.9600067,145.5500031,142.8500061,143.0,141.831543,64015300,26813.601,300.356,3.4,4.33,353000000000.0,135000000000.0,23646000000,171000000000.0,391000000000.0,119000000000.0,2825000000,2931000000,99803000000,10708000000,-22354000000,-111000000000.0,-1
31-01-2023,142.6999969,144.3399963,142.2799988,144.2899933,143.1109924,65874500,26813.601,300.356,3.4,4.33,353000000000.0,135000000000.0,23646000000,171000000000.0,391000000000.0,119000000000.0,2825000000,2931000000,99803000000,10708000000,-22354000000,-111000000000.0,1
01-02-2023,143.9700012,146.6100006,141.3200073,145.4299927,144.241684,77663600,26813.601,300.356,3.4,4.33,353000000000.0,135000000000.0,23646000000,171000000000.0,391000000000.0,119000000000.0,2825000000,2931000000,99803000000,10708000000,-22354000000,-111000000000.0,1
02-02-2023,148.8999939,151.1799927,148.1699982,150.8200073,149.5876617,118339000,26813.601,300.356,3.4,4.33,353000000000.0,135000000000.0,23646000000,171000000000.0,391000000000.0,119000000000.0,2825000000,2931000000,99803000000,10708000000,-22354000000,-111000000000.0,1
03-02-2023,148.0299988,157.3800049,147.8300018,154.5,153.2375793,154357300,26813.601,300.356,3.4,4.33,353000000000.0,135000000000.0,23646000000,171000000000.0,391000000000.0,119000000000.0,2825000000,2931000000,99803000000,10708000000,-22354000000,-111000000000.0,1
06-02-2023,152.5700073,153.1000061,150.7799988,151.7299957,150.4902039,69858300,26813.601,300.356,3.4,4.33,353000000000.0,135000000000.0,23646000000,171000000000.0,391000000000.0,119000000000.0,2825000000,2931000000,99803000000,10708000000,-22354000000,-111000000000.0,-1
07-02-2023,150.6399994,155.2299957,150.6399994,154.6499939,153.3863525,83322600,26813.601,300.356,3.4,4.33,353000000000.0,135000000000.0,23646000000,171000000000.0,391000000000.0,119000000000.0,2825000000,2931000000,99803000000,10708000000,-22354000000,-111000000000.0,1
08-02-2023,153.8800049,154.5800018,151.1699982,151.9199982,150.6786652,64120100,26813.601,300.356,3.4,4.33,353000000000.0,135000000000.0,23646000000,171000000000.0,391000000000.0,119000000000.0,2825000000,2931000000,99803000000,10708000000,-22354000000,-111000000000.0,-1
09-02-2023,153.7799988,154.3300018,150.4199982,150.8699951,149.6372375,56007100,26813.601,300.356,3.4,4.33,353000000000.0,135000000000.0,23646000000,171000000000.0,391000000000.0,119000000000.0,2825000000,2931000000,99803000000,10708000000,-22354000000,-111000000000.0,-1
10-02-2023,149.4600067,151.3399963,149.2200012,151.0099945,150.004776,57450700,26813.601,300.356,3.4,4.33,353000000000.0,135000000000.0,23646000000,171000000000.0,391000000000.0,119000000000.0,2825000000,2931000000,99803000000,10708000000,-22354000000,-111000000000.0,1
13-02-2023,150.9499969,154.2599945,150.9199982,153.8500061,152.825882,62199000,26813.601,300.356,3.4,4.33,353000000000.0,135000000000.0,23646000000,171000000000.0,391000000000.0,119000000000.0,2825000000,2931000000,99803000000,10708000000,-22354000000,-111000000000.0,1
14-02-2023,152.1199951,153.7700043,150.8600006,153.1999969,152.1802063,61707600,26813.601,300.356,3.4,4.33,353000000000.0,135000000000.0,23646000000,171000000000.0,391000000000.0,119000000000.0,2825000000,2931000000,99803000000,10708000000,-22354000000,-111000000000.0,1
15-02-2023,153.1100006,155.5,152.8800049,155.3300018,154.2960205,65573800,26813.601,300.356,3.4,4.33,353000000000.0,135000000000.0,23646000000,171000000000.0,391000000000.0,119000000000.0,2825000000,2931000000,99803000000,10708000000,-22354000000,-111000000000.0,1
16-02-2023,153.5099945,156.3300018,153.3500061,153.7100067,152.6867828,68167900,26813.601,300.356,3.4,4.33,353000000000.0,135000000000.0,23646000000,171000000000.0,391000000000.0,119000000000.0,2825000000,2931000000,99803000000,10708000000,-22354000000,-111000000000.0,1
17-02-2023,152.3500061,153.0,150.8500061,152.5500031,151.5345306,59144100,26813.601,300.356,3.4,4.33,353000000000.0,135000000000.0,23646000000,171000000000.0,391000000000.0,119000000000.0,2825000000,2931000000,99803000000,10708000000,-22354000000,-111000000000.0,1
21-02-2023,150.1999969,151.3000031,148.4100037,148.4799957,147.4916077,58867200,26813.601,300.356,3.4,4.33,353000000000.0,135000000000.0,23646000000,171000000000.0,391000000000.0,119000000000.0,2825000000,2931000000,99803000000,10708000000,-22354000000,-111000000000.0,-1
22-02-2023,148.8699951,149.9499969,147.1600037,148.9100037,147.9187317,51011300,26813.601,300.356,3.4,4.33,353000000000.0,135000000000.0,23646000000,171000000000.0,391000000000.0,119000000000.0,2825000000,2931000000,99803000000,10708000000,-22354000000,-111000000000.0,1
23-02-2023,150.0899963,150.3399963,147.2400055,149.3999939,148.4054718,48394200,26813.601,300.356,3.4,4.33,353000000000.0,135000000000.0,23646000000,171000000000.0,391000000000.0,119000000000.0,2825000000,2931000000,99803000000,10708000000,-22354000000,-111000000000.0,-1
24-02-2023,147.1100006,147.1900024,145.7200012,146.7100067,145.7333984,55469600,26813.601,300.356,3.4,4.33,353000000000.0,135000000000.0,23646000000,171000000000.0,391000000000.0,119000000000.0,2825000000,2931000000,99803000000,10708000000,-22354000000,-111000000000.0,-1
27-02-2023,147.7100067,149.1699982,147.4499969,147.9199982,146.9353333,44998500,26813.601,300.356,3.4,4.33,353000000000.0,135000000000.0,23646000000,171000000000.0,391000000000.0,119000000000.0,2825000000,2931000000,99803000000,10708000000,-22354000000,-111000000000.0,1
28-02-2023,147.0500031,149.0800018,146.8300018,147.4100037,146.4287415,50547000,26813.601,300.356,3.4,4.33,353000000000.0,135000000000.0,23646000000,171000000000.0,391000000000.0,119000000000.0,2825000000,2931000000,99803000000,10708000000,-22354000000,-111000000000.0,1
01-03-2023,146.8300018,147.2299957,145.0099945,145.3099976,144.3427277,55479000,26813.601,300.356,3.4,4.33,353000000000.0,135000000000.0,23646000000,171000000000.0,391000000000.0,119000000000.0,2825000000,2931000000,99803000000,10708000000,-22354000000,-111000000000.0,-1
02-03-2023,144.3800049,146.7100067,143.8999939,145.9100037,144.938736,52238100,26813.601,300.356,3.4,4.33,353000000000.0,135000000000.0,23646000000,171000000000.0,391000000000.0,119000000000.0,2825000000,2931000000,99803000000,10708000000,-22354000000,-111000000000.0,1
03-03-2023,148.0399933,151.1100006,147.3300018,151.0299988,150.0246429,70732300,26813.601,300.356,3.4,4.33,353000000000.0,135000000000.0,23646000000,171000000000.0,391000000000.0,119000000000.0,2825000000,2931000000,99803000000,10708000000,-22354000000,-111000000000.0,1
06-03-2023,153.7899933,156.3000031,153.4600067,153.8300018,152.806015,87558000,26813.601,300.356,3.4,4.33,353000000000.0,135000000000.0,23646000000,171000000000.0,391000000000.0,119000000000.0,2825000000,2931000000,99803000000,10708000000,-22354000000,-111000000000.0,1
07-03-2023,153.6999969,154.0299988,151.1300049,151.6000061,150.5908508,56182000,26813.601,300.356,3.4,4.33,353000000000.0,135000000000.0,23646000000,171000000000.0,391000000000.0,119000000000.0,2825000000,2931000000,99803000000,10708000000,-22354000000,-111000000000.0,-1
08-03-2023,152.8099976,153.4700012,151.8300018,152.8699951,151.8523712,47204800,26813.601,300.356,3.4,4.33,353000000000.0,135000000000.0,23646000000,171000000000.0,391000000000.0,119000000000.0,2825000000,2931000000,99803000000,10708000000,-22354000000,-111000000000.0,1
09-03-2023,153.5599976,154.5399933,150.2299957,150.5899963,149.5875702,53833600,26813.601,300.356,3.4,4.33,353000000000.0,135000000000.0,23646000000,171000000000.0,391000000000.0,119000000000.0,2825000000,2931000000,99803000000,10708000000,-22354000000,-111000000000.0,-1
10-03-2023,150.2100067,150.9400024,147.6100006,148.5,147.5114899,68572400,26813.601,300.356,3.4,4.33,353000000000.0,135000000000.0,23646000000,171000000000.0,391000000000.0,119000000000.0,2825000000,2931000000,99803000000,10708000000,-22354000000,-111000000000.0,-1
13-03-2023,147.8099976,153.1399994,147.6999969,150.4700012,149.4683685,84457100,26813.601,300.356,3.4,4.33,353000000000.0,135000000000.0,23646000000,171000000000.0,391000000000.0,119000000000.0,2825000000,2931000000,99803000000,10708000000,-22354000000,-111000000000.0,1
14-03-2023,151.2799988,153.3999939,150.1000061,152.5899963,151.5742493,73695900,26813.601,300.356,3.4,4.33,353000000000.0,135000000000.0,23646000000,171000000000.0,391000000000.0,119000000000.0,2825000000,2931000000,99803000000,10708000000,-22354000000,-111000000000.0,1
15-03-2023,151.1900024,153.25,149.9199982,152.9900055,151.9716034,77167900,26813.601,300.356,3.4,4.33,353000000000.0,135000000000.0,23646000000,171000000000.0,391000000000.0,119000000000.0,2825000000,2931000000,99803000000,10708000000,-22354000000,-111000000000.0,1
16-03-2023,152.1600037,156.4600067,151.6399994,155.8500061,154.812561,76161100,26813.601,300.356,3.4,4.33,353000000000.0,135000000000.0,23646000000,171000000000.0,391000000000.0,119000000000.0,2825000000,2931000000,99803000000,10708000000,-22354000000,-111000000000.0,1
17-03-2023,156.0800018,156.7400055,154.2799988,155.0,153.9682159,98944600,26813.601,300.356,3.4,4.33,353000000000.0,135000000000.0,23646000000,171000000000.0,391000000000.0,119000000000.0,2825000000,2931000000,99803000000,10708000000,-22354000000,-111000000000.0,-1
20-03-2023,155.0700073,157.8200073,154.1499939,157.3999939,156.3522339,73641400,26813.601,300.356,3.4,4.33,353000000000.0,135000000000.0,23646000000,171000000000.0,391000000000.0,119000000000.0,2825000000,2931000000,99803000000,10708000000,-22354000000,-111000000000.0,1
21-03-2023,157.3200073,159.3999939,156.5399933,159.2799988,158.2197266,73938300,26813.601,300.356,3.4,4.33,353000000000.0,135000000000.0,23646000000,171000000000.0,391000000000.0,119000000000.0,2825000000,2931000000,99803000000,10708000000,-22354000000,-111000000000.0,1
22-03-2023,159.3000031,162.1399994,157.8099976,157.8300018,156.7793732,75701800,26813.601,300.356,3.4,4.33,353000000000.0,135000000000.0,23646000000,171000000000.0,391000000000.0,119000000000.0,2825000000,2931000000,99803000000,10708000000,-22354000000,-111000000000.0,-1
23-03-2023,158.8300018,161.5500031,157.6799927,158.9299927,157.8720551,67622100,26813.601,300.356,3.4,4.33,353000000000.0,135000000000.0,23646000000,171000000000.0,391000000000.0,119000000000.0,2825000000,2931000000,99803000000,10708000000,-22354000000,-111000000000.0,1
24-03-2023,158.8600006,160.3399963,157.8500061,160.25,159.1832733,59196500,26813.601,300.356,3.4,4.33,353000000000.0,135000000000.0,23646000000,171000000000.0,391000000000.0,119000000000.0,2825000000,2931000000,99803000000,10708000000,-22354000000,-111000000000.0,1
27-03-2023,159.9400024,160.7700043,157.8699951,158.2799988,157.2263947,52390300,26813.601,300.356,3.4,4.33,353000000000.0,135000000000.0,23646000000,171000000000.0,391000000000.0,119000000000.0,2825000000,2931000000,99803000000,10708000000,-22354000000,-111000000000.0,-1
28-03-2023,157.9700012,158.4900055,155.9799957,157.6499939,156.6005554,45992200,26813.601,300.356,3.4,4.33,353000000000.0,135000000000.0,23646000000,171000000000.0,391000000000.0,119000000000.0,2825000000,2931000000,99803000000,10708000000,-22354000000,-111000000000.0,-1
29-03-2023,159.3699951,161.0500031,159.3500061,160.7700043,159.6998138,51305700,26813.601,300.356,3.4,4.33,353000000000.0,135000000000.0,23646000000,171000000000.0,391000000000.0,119000000000.0,2825000000,2931000000,99803000000,10708000000,-22354000000,-111000000000.0,1
30-03-2023,161.5299988,162.4700012,161.2700043,162.3600006,161.2792206,49501700,26813.601,300.356,3.4,4.33,353000000000.0,135000000000.0,23646000000,171000000000.0,391000000000.0,119000000000.0,2825000000,2931000000,99803000000,10708000000,-22354000000,-111000000000.0,1
31-03-2023,162.4400024,165.0,161.9100037,164.8999939,163.8023071,68749800,26813.601,300.356,3.4,4.33,353000000000.0,135000000000.0,23646000000,171000000000.0,391000000000.0,119000000000.0,2825000000,2931000000,99803000000,10708000000,-22354000000,-111000000000.0,1
03-04-2023,164.2700043,166.2899933,164.2200012,166.1699982,165.0638428,56976200,27063.012,303.032,3.4,4.83,353000000000.0,135000000000.0,23646000000,171000000000.0,391000000000.0,119000000000.0,2825000000,2931000000,99803000000,10708000000,-22354000000,-111000000000.0,1
04-04-2023,166.6000061,166.8399963,165.1100006,165.6300049,164.5274658,46278300,27063.012,303.032,3.4,4.83,353000000000.0,135000000000.0,23646000000,171000000000.0,391000000000.0,119000000000.0,2825000000,2931000000,99803000000,10708000000,-22354000000,-111000000000.0,-1
05-04-2023,164.7400055,165.0500031,161.8000031,163.7599945,162.6699066,51511700,27063.012,303.032,3.4,4.83,353000000000.0,135000000000.0,23646000000,171000000000.0,391000000000.0,119000000000.0,2825000000,2931000000,99803000000,10708000000,-22354000000,-111000000000.0,-1
06-04-2023,162.4299927,164.9600067,162.0,164.6600037,163.5639191,45390100,27063.012,303.032,3.4,4.83,353000000000.0,135000000000.0,23646000000,171000000000.0,391000000000.0,119000000000.0,2825000000,2931000000,99803000000,10708000000,-22354000000,-111000000000.0,1
10-04-2023,161.4199982,162.0299988,160.0800018,162.0299988,160.951416,47716900,27063.012,303.032,3.4,4.83,353000000000.0,135000000000.0,23646000000,171000000000.0,391000000000.0,119000000000.0,2825000000,2931000000,99803000000,10708000000,-22354000000,-111000000000.0,1
11-04-2023,162.3500061,162.3600006,160.5099945,160.8000031,159.7296143,47644200,27063.012,303.032,3.4,4.83,353000000000.0,135000000000.0,23646000000,171000000000.0,391000000000.0,119000000000.0,2825000000,2931000000,99803000000,10708000000,-22354000000,-111000000000.0,-1
12-04-2023,161.2200012,162.0599976,159.7799988,160.1000061,159.0342712,50133100,27063.012,303.032,3.4,4.83,353000000000.0,135000000000.0,23646000000,171000000000.0,391000000000.0,119000000000.0,2825000000,2931000000,99803000000,10708000000,-22354000000,-111000000000.0,-1
13-04-2023,161.6300049,165.8000031,161.4199982,165.5599976,164.4579163,68445600,27063.012,303.032,3.4,4.83,353000000000.0,135000000000.0,23646000000,171000000000.0,391000000000.0,119000000000.0,2825000000,2931000000,99803000000,10708000000,-22354000000,-111000000000.0,1
14-04-2023,164.5899963,166.3200073,163.8200073,165.2100067,164.11026,49386500,27063.012,303.032,3.4,4.83,353000000000.0,135000000000.0,23646000000,171000000000.0,391000000000.0,119000000000.0,2825000000,2931000000,99803000000,10708000000,-22354000000,-111000000000.0,1
17-04-2023,165.0899963,165.3899994,164.0299988,165.2299957,164.1301117,41516200,27063.012,303.032,3.4,4.83,353000000000.0,135000000000.0,23646000000,171000000000.0,391000000000.0,119000000000.0,2825000000,2931000000,99803000000,10708000000,-22354000000,-111000000000.0,1
18-04-2023,166.1000061,167.4100037,165.6499939,166.4700012,165.3618622,49923000,27063.012,303.032,3.4,4.83,353000000000.0,135000000000.0,23646000000,171000000000.0,391000000000.0,119000000000.0,2825000000,2931000000,99803000000,10708000000,-22354000000,-111000000000.0,1
19-04-2023,165.8000031,168.1600037,165.5399933,167.6300049,166.5141602,47720200,27063.012,303.032,3.4,4.83,353000000000.0,135000000000.0,23646000000,171000000000.0,391000000000.0,119000000000.0,2825000000,2931000000,99803000000,10708000000,-22354000000,-111000000000.0,1
20-04-2023,166.0899963,167.8699951,165.5599976,166.6499939,165.5406647,52456400,27063.012,303.032,3.4,4.83,353000000000.0,135000000000.0,23646000000,171000000000.0,391000000000.0,119000000000.0,2825000000,2931000000,99803000000,10708000000,-22354000000,-111000000000.0,1
21-04-2023,165.0500031,166.4499969,164.4900055,165.0200043,163.921524,58337300,27063.012,303.032,3.4,4.83,353000000000.0,135000000000.0,23646000000,171000000000.0,391000000000.0,119000000000.0,2825000000,2931000000,99803000000,10708000000,-22354000000,-111000000000.0,-1
24-04-2023,165.0,165.6000061,163.8899994,165.3300018,164.2294464,41949600,27063.012,303.032,3.4,4.83,353000000000.0,135000000000.0,23646000000,171000000000.0,391000000000.0,119000000000.0,2825000000,2931000000,99803000000,10708000000,-22354000000,-111000000000.0,1
25-04-2023,165.1900024,166.3099976,163.7299957,163.7700043,162.6798401,48714100,27063.012,303.032,3.4,4.83,353000000000.0,135000000000.0,23646000000,171000000000.0,391000000000.0,119000000000.0,2825000000,2931000000,99803000000,10708000000,-22354000000,-111000000000.0,-1
26-04-2023,163.0599976,165.2799988,162.8000031,163.7599945,162.6699066,45498800,27063.012,303.032,3.4,4.83,353000000000.0,135000000000.0,23646000000,171000000000.0,391000000000.0,119000000000.0,2825000000,2931000000,99803000000,10708000000,-22354000000,-111000000000.0,1
27-04-2023,165.1900024,168.5599976,165.1900024,168.4100037,167.2889557,64902300,27063.012,303.032,3.4,4.83,353000000000.0,135000000000.0,23646000000,171000000000.0,391000000000.0,119000000000.0,2825000000,2931000000,99803000000,10708000000,-22354000000,-111000000000.0,1
28-04-2023,168.4900055,169.8500061,167.8800049,169.6799927,168.5505066,55209200,27063.012,303.032,3.4,4.83,353000000000.0,135000000000.0,23646000000,171000000000.0,391000000000.0,119000000000.0,2825000000,2931000000,99803000000,10708000000,-22354000000,-111000000000.0,1
01-05-2023,169.2799988,170.4499969,168.6399994,169.5899963,168.4610901,52472900,27063.012,303.032,3.4,4.83,353000000000.0,135000000000.0,23646000000,171000000000.0,391000000000.0,119000000000.0,2825000000,2931000000,99803000000,10708000000,-22354000000,-111000000000.0,1
02-05-2023,170.0899963,170.3500061,167.5399933,168.5399933,167.4180756,48425700,27063.012,303.032,3.4,4.83,353000000000.0,135000000000.0,23646000000,171000000000.0,391000000000.0,119000000000.0,2825000000,2931000000,99803000000,10708000000,-22354000000,-111000000000.0,-1
03-05-2023,169.5,170.9199982,167.1600037,167.4499969,166.3353271,65136000,27063.012,303.032,3.4,4.83,353000000000.0,135000000000.0,23646000000,171000000000.0,391000000000.0,119000000000.0,2825000000,2931000000,99803000000,10708000000,-22354000000,-111000000000.0,-1
04-05-2023,164.8899994,167.0399933,164.3099976,165.7899933,164.6863861,81235400,27063.012,303.032,3.4,4.83,353000000000.0,135000000000.0,23646000000,171000000000.0,391000000000.0,119000000000.0,2825000000,2931000000,99803000000,10708000000,-22354000000,-111000000000.0,1
05-05-2023,170.9799957,174.3000031,170.7599945,173.5700073,172.4146118,113316400,27063.012,303.032,3.4,4.83,353000000000.0,135000000000.0,23646000000,171000000000.0,391000000000.0,119000000000.0,2825000000,2931000000,99803000000,10708000000,-22354000000,-111000000000.0,1
08-05-2023,172.4799957,173.8500061,172.1100006,173.5,172.345047,55962800,27063.012,303.032,3.4,4.83,353000000000.0,135000000000.0,23646000000,171000000000.0,391000000000.0,119000000000.0,2825000000,2931000000,99803000000,10708000000,-22354000000,-111000000000.0,1
09-05-2023,173.0500031,173.5399933,171.6000061,171.7700043,170.6265869,45326900,27063.012,303.032,3.4,4.83,353000000000.0,135000000000.0,23646000000,171000000000.0,391000000000.0,119000000000.0,2825000000,2931000000,99803000000,10708000000,-22354000000,-111000000000.0,-1
10-05-2023,173.0200043,174.0299988,171.8999939,173.5599976,172.4046631,53724500,27063.012,303.032,3.4,4.83,353000000000.0,135000000000.0,23646000000,171000000000.0,391000000000.0,119000000000.0,2825000000,2931000000,99803000000,10708000000,-22354000000,-111000000000.0,1
11-05-2023,173.8500061,174.5899963,172.1699982,173.75,172.593399,49514700,27063.012,303.032,3.4,4.83,353000000000.0,135000000000.0,23646000000,171000000000.0,391000000000.0,119000000000.0,2825000000,2931000000,99803000000,10708000000,-22354000000,-111000000000.0,-1
12-05-2023,173.6199951,174.0599976,171.0,172.5700073,171.658371,45497800,27063.012,303.032,3.4,4.83,353000000000.0,135000000000.0,23646000000,171000000000.0,391000000000.0,119000000000.0,2825000000,2931000000,99803000000,10708000000,-22354000000,-111000000000.0,-1
15-05-2023,173.1600037,173.2100067,171.4700012,172.0700073,171.1609955,37266700,27063.012,303.032,3.4,4.83,353000000000.0,135000000000.0,23646000000,171000000000.0,391000000000.0,119000000000.0,2825000000,2931000000,99803000000,10708000000,-22354000000,-111000000000.0,-1
16-05-2023,171.9900055,173.1399994,171.8000031,172.0700073,171.1609955,42110300,27063.012,303.032,3.4,4.83,353000000000.0,135000000000.0,23646000000,171000000000.0,391000000000.0,119000000000.0,2825000000,2931000000,99803000000,10708000000,-22354000000,-111000000000.0,1
17-05-2023,171.7100067,172.9299927,170.4199982,172.6900024,171.7777405,57951600,27063.012,303.032,3.4,4.83,353000000000.0,135000000000.0,23646000000,171000000000.0,391000000000.0,119000000000.0,2825000000,2931000000,99803000000,10708000000,-22354000000,-111000000000.0,1
18-05-2023,173.0,175.2400055,172.5800018,175.0500031,174.1252747,65496700,27063.012,303.032,3.4,4.83,353000000000.0,135000000000.0,23646000000,171000000000.0,391000000000.0,119000000000.0,2825000000,2931000000,99803000000,10708000000,-22354000000,-111000000000.0,1
19-05-2023,176.3899994,176.3899994,174.9400024,175.1600037,174.2346802,55772400,27063.012,303.032,3.4,4.83,353000000000.0,135000000000.0,23646000000,171000000000.0,391000000000.0,119000000000.0,2825000000,2931000000,99803000000,10708000000,-22354000000,-111000000000.0,-1
22-05-2023,173.9799957,174.7100067,173.4499969,174.1999969,173.2797394,43570900,27063.012,303.032,3.4,4.83,353000000000.0,135000000000.0,23646000000,171000000000.0,391000000000.0,119000000000.0,2825000000,2931000000,99803000000,10708000000,-22354000000,-111000000000.0,1
23-05-2023,173.1300049,173.3800049,171.2799988,171.5599976,170.6537018,50747300,27063.012,303.032,3.4,4.83,353000000000.0,135000000000.0,23646000000,171000000000.0,391000000000.0,119000000000.0,2825000000,2931000000,99803000000,10708000000,-22354000000,-111000000000.0,-1
24-05-2023,171.0899963,172.4199982,170.5200043,171.8399963,170.9322357,45143500,27063.012,303.032,3.4,4.83,353000000000.0,135000000000.0,23646000000,171000000000.0,391000000000.0,119000000000.0,2825000000,2931000000,99803000000,10708000000,-22354000000,-111000000000.0,1
25-05-2023,172.4100037,173.8999939,171.6900024,172.9900055,172.0761566,56058300,27063.012,303.032,3.4,4.83,353000000000.0,135000000000.0,23646000000,171000000000.0,391000000000.0,119000000000.0,2825000000,2931000000,99803000000,10708000000,-22354000000,-111000000000.0,1
26-05-2023,173.3200073,175.7700043,173.1100006,175.4299927,174.5032501,54835000,27063.012,303.032,3.4,4.83,353000000000.0,135000000000.0,23646000000,171000000000.0,391000000000.0,119000000000.0,2825000000,2931000000,99803000000,10708000000,-22354000000,-111000000000.0,1
30-05-2023,176.9600067,178.9900055,176.5700073,177.3000031,176.3633728,55964400,27063.012,303.032,3.4,4.83,353000000000.0,135000000000.0,23646000000,171000000000.0,391000000000.0,119000000000.0,2825000000,2931000000,99803000000,10708000000,-22354000000,-111000000000.0,1
31-05-2023,177.3300018,179.3500061,176.7599945,177.25,176.3136597,99625300,27063.012,303.032,3.4,4.83,353000000000.0,135000000000.0,23646000000,171000000000.0,391000000000.0,119000000000.0,2825000000,2931000000,99803000000,10708000000,-22354000000,-111000000000.0,-1
01-06-2023,177.6999969,180.1199951,176.9299927,180.0899963,179.1386108,68901800,27063.012,303.032,3.4,4.83,353000000000.0,135000000000.0,23646000000,171000000000.0,391000000000.0,119000000000.0,2825000000,2931000000,99803000000,10708000000,-22354000000,-111000000000.0,1
02-06-2023,181.0299988,181.7799988,179.2599945,180.9499969,179.9940796,61945900,27063.012,303.032,3.4,4.83,353000000000.0,135000000000.0,23646000000,171000000000.0,391000000000.0,119000000000.0,2825000000,2931000000,99803000000,10708000000,-22354000000,-111000000000.0,-1
05-06-2023,182.6300049,184.9499969,178.0399933,179.5800018,178.6313324,121946500,27063.012,303.032,3.4,4.83,353000000000.0,135000000000.0,23646000000,171000000000.0,391000000000.0,119000000000.0,2825000000,2931000000,99803000000,10708000000,-22354000000,-111000000000.0,-1
06-06-2023,179.9700012,180.1199951,177.4299927,179.2100067,178.2633057,64848400,27063.012,303.032,3.4,4.83,353000000000.0,135000000000.0,23646000000,171000000000.0,391000000000.0,119000000000.0,2825000000,2931000000,99803000000,10708000000,-22354000000,-111000000000.0,-1
07-06-2023,178.4400024,181.2100067,177.3200073,177.8200073,176.8806458,61944600,27063.012,303.032,3.4,4.83,353000000000.0,135000000000.0,23646000000,171000000000.0,391000000000.0,119000000000.0,2825000000,2931000000,99803000000,10708000000,-22354000000,-111000000000.0,-1
08-06-2023,177.8999939,180.8399963,177.4600067,180.5700073,179.6161041,50214900,27063.012,303.032,3.4,4.83,353000000000.0,135000000000.0,23646000000,171000000000.0,391000000000.0,119000000000.0,2825000000,2931000000,99803000000,10708000000,-22354000000,-111000000000.0,1
09-06-2023,181.5,182.2299957,180.6300049,180.9600067,180.0040588,48870700,27063.012,303.032,3.4,4.83,353000000000.0,135000000000.0,23646000000,171000000000.0,391000000000.0,119000000000.0,2825000000,2931000000,99803000000,10708000000,-22354000000,-111000000000.0,-1
12-06-2023,181.2700043,183.8899994,180.9700012,183.7899933,182.8190918,54274900,27063.012,303.032,3.4,4.83,353000000000.0,135000000000.0,23646000000,171000000000.0,391000000000.0,119000000000.0,2825000000,2931000000,99803000000,10708000000,-22354000000,-111000000000.0,1
13-06-2023,182.8000031,184.1499939,182.4400024,183.3099976,182.341629,54929100,27063.012,303.032,3.4,4.83,353000000000.0,135000000000.0,23646000000,171000000000.0,391000000000.0,119000000000.0,2825000000,2931000000,99803000000,10708000000,-22354000000,-111000000000.0,1
14-06-2023,183.3699951,184.3899994,182.0200043,183.9499969,182.978241,57462900,27063.012,303.032,3.4,4.83,353000000000.0,135000000000.0,23646000000,171000000000.0,391000000000.0,119000000000.0,2825000000,2931000000,99803000000,10708000000,-22354000000,-111000000000.0,1
15-06-2023,183.9600067,186.5200043,183.7799988,186.0099945,185.027359,65433200,27063.012,303.032,3.4,4.83,353000000000.0,135000000000.0,23646000000,171000000000.0,391000000000.0,119000000000.0,2825000000,2931000000,99803000000,10708000000,-22354000000,-111000000000.0,1
16-06-2023,186.7299957,186.9900055,184.2700043,184.9199982,183.9431305,101235600,27063.012,303.032,3.4,4.83,353000000000.0,135000000000.0,23646000000,171000000000.0,391000000000.0,119000000000.0,2825000000,2931000000,99803000000,10708000000,-22354000000,-111000000000.0,-1
20-06-2023,184.4100037,186.1000061,184.4100037,185.0099945,184.0326385,49799100,27063.012,303.032,3.4,4.83,353000000000.0,135000000000.0,23646000000,171000000000.0,391000000000.0,119000000000.0,2825000000,2931000000,99803000000,10708000000,-22354000000,-111000000000.0,1
21-06-2023,184.8999939,185.4100037,182.5899963,183.9600067,182.988205,49515700,27063.012,303.032,3.4,4.83,353000000000.0,135000000000.0,23646000000,171000000000.0,391000000000.0,119000000000.0,2825000000,2931000000,99803000000,10708000000,-22354000000,-111000000000.0,-1
22-06-2023,183.7400055,187.0500031,183.6699982,187.0,186.012146,51245300,27063.012,303.032,3.4,4.83,353000000000.0,135000000000.0,23646000000,171000000000.0,391000000000.0,119000000000.0,2825000000,2931000000,99803000000,10708000000,-22354000000,-111000000000.0,1
23-06-2023,185.5500031,187.5599976,185.0099945,186.6799927,185.6938324,53079300,27063.012,303.032,3.4,4.83,353000000000.0,135000000000.0,23646000000,171000000000.0,391000000000.0,119000000000.0,2825000000,2931000000,99803000000,10708000000,-22354000000,-111000000000.0,1
26-06-2023,186.8300018,188.0500031,185.2299957,185.2700043,184.291275,48088700,27063.012,303.032,3.4,4.83,353000000000.0,135000000000.0,23646000000,171000000000.0,391000000000.0,119000000000.0,2825000000,2931000000,99803000000,10708000000,-22354000000,-111000000000.0,-1
27-06-2023,185.8899994,188.3899994,185.6699982,188.0599976,187.0665283,50730800,27063.012,303.032,3.4,4.83,353000000000.0,135000000000.0,23646000000,171000000000.0,391000000000.0,119000000000.0,2825000000,2931000000,99803000000,10708000000,-22354000000,-111000000000.0,1
28-06-2023,187.9299927,189.8999939,187.6000061,189.25,188.2502441,51216800,27063.012,303.032,3.4,4.83,353000000000.0,135000000000.0,23646000000,171000000000.0,391000000000.0,119000000000.0,2825000000,2931000000,99803000000,10708000000,-22354000000,-111000000000.0,1
29-06-2023,189.0800018,190.0700073,188.9400024,189.5899963,188.5884399,46347300,27063.012,303.032,3.4,4.83,353000000000.0,135000000000.0,23646000000,171000000000.0,391000000000.0,119000000000.0,2825000000,2931000000,99803000000,10708000000,-22354000000,-111000000000.0,1
30-06-2023,191.6300049,194.4799957,191.2599945,193.9700012,192.9453125,85069600,27063.012,303.032,3.4,4.83,353000000000.0,135000000000.0,23646000000,171000000000.0,391000000000.0,119000000000.0,2825000000,2931000000,99803000000,10708000000,-22354000000,-111000000000.0,1
03-07-2023,193.7799988,193.8800049,191.7599945,192.4600067,191.4432983,31458200,27610.128,304.628,3.5,5.12,353000000000.0,135000000000.0,23646000000,171000000000.0,391000000000.0,119000000000.0,2825000000,2931000000,99803000000,10708000000,-22354000000,-111000000000.0,-1
05-07-2023,191.5700073,192.9799957,190.6199951,191.3300018,190.3192596,46920300,27610.128,304.628,3.5,5.12,353000000000.0,135000000000.0,23646000000,171000000000.0,391000000000.0,119000000000.0,2825000000,2931000000,99803000000,10708000000,-22354000000,-111000000000.0,-1
06-07-2023,189.8399963,192.0200043,189.1999969,191.8099976,190.7967224,45094300,27610.128,304.628,3.5,5.12,353000000000.0,135000000000.0,23646000000,171000000000.0,391000000000.0,119000000000.0,2825000000,2931000000,99803000000,10708000000,-22354000000,-111000000000.0,1
07-07-2023,191.4100037,192.6699982,190.2400055,190.6799927,189.6726837,46778000,27610.128,304.628,3.5,5.12,353000000000.0,135000000000.0,23646000000,171000000000.0,391000000000.0,119000000000.0,2825000000,2931000000,99803000000,10708000000,-22354000000,-111000000000.0,-1
10-07-2023,189.2599945,189.9900055,187.0399933,188.6100006,187.6136322,59922200,27610.128,304.628,3.5,5.12,353000000000.0,135000000000.0,23646000000,171000000000.0,391000000000.0,119000000000.0,2825000000,2931000000,99803000000,10708000000,-22354000000,-111000000000.0,-1
11-07-2023,189.1600037,189.3000031,186.6000061,188.0800018,187.0864258,46638100,27610.128,304.628,3.5,5.12,353000000000.0,135000000000.0,23646000000,171000000000.0,391000000000.0,119000000000.0,2825000000,2931000000,99803000000,10708000000,-22354000000,-111000000000.0,-1
12-07-2023,189.6799927,191.6999969,188.4700012,189.7700043,188.7675018,60750200,27610.128,304.628,3.5,5.12,353000000000.0,135000000000.0,23646000000,171000000000.0,391000000000.0,119000000000.0,2825000000,2931000000,99803000000,10708000000,-22354000000,-111000000000.0,1
13-07-2023,190.5,191.1900024,189.7799988,190.5399933,189.533432,41342300,27610.128,304.628,3.5,5.12,353000000000.0,135000000000.0,23646000000,171000000000.0,391000000000.0,119000000000.0,2825000000,2931000000,99803000000,10708000000,-22354000000,-111000000000.0,1
14-07-2023,190.2299957,191.1799927,189.6300049,190.6900024,189.682663,41573900,27610.128,304.628,3.5,5.12,353000000000.0,135000000000.0,23646000000,171000000000.0,391000000000.0,119000000000.0,2825000000,2931000000,99803000000,10708000000,-22354000000,-111000000000.0,1
17-07-2023,191.8999939,194.3200073,191.8099976,193.9900055,192.9652252,50520200,27610.128,304.628,3.5,5.12,353000000000.0,135000000000.0,23646000000,171000000000.0,391000000000.0,119000000000.0,2825000000,2931000000,99803000000,10708000000,-22354000000,-111000000000.0,1
18-07-2023,193.3500061,194.3300018,192.4199982,193.7299957,192.7065887,48353800,27610.128,304.628,3.5,5.12,353000000000.0,135000000000.0,23646000000,171000000000.0,391000000000.0,119000000000.0,2825000000,2931000000,99803000000,10708000000,-22354000000,-111000000000.0,1
19-07-2023,193.1000061,198.2299957,192.6499939,195.1000061,194.0693665,80507300,27610.128,304.628,3.5,5.12,353000000000.0,135000000000.0,23646000000,171000000000.0,391000000000.0,119000000000.0,2825000000,2931000000,99803000000,10708000000,-22354000000,-111000000000.0,1
20-07-2023,195.0899963,196.4700012,192.5,193.1300049,192.1097717,59581200,27610.128,304.628,3.5,5.12,353000000000.0,135000000000.0,23646000000,171000000000.0,391000000000.0,119000000000.0,2825000000,2931000000,99803000000,10708000000,-22354000000,-111000000000.0,-1
21-07-2023,194.1000061,194.9700012,191.2299957,191.9400024,190.9260559,71917800,27610.128,304.628,3.5,5.12,353000000000.0,135000000000.0,23646000000,171000000000.0,391000000000.0,119000000000.0,2825000000,2931000000,99803000000,10708000000,-22354000000,-111000000000.0,-1
24-07-2023,193.4100037,194.9100037,192.25,192.75,191.7317657,45377800,27610.128,304.628,3.5,5.12,353000000000.0,135000000000.0,23646000000,171000000000.0,391000000000.0,119000000000.0,2825000000,2931000000,99803000000,10708000000,-22354000000,-111000000000.0,-1
25-07-2023,193.3300018,194.4400024,192.9199982,193.6199951,192.5971527,37283200,27610.128,304.628,3.5,5.12,353000000000.0,135000000000.0,23646000000,171000000000.0,391000000000.0,119000000000.0,2825000000,2931000000,99803000000,10708000000,-22354000000,-111000000000.0,1
26-07-2023,193.6699982,195.6399994,193.3200073,194.5,193.4725189,47471900,27610.128,304.628,3.5,5.12,353000000000.0,135000000000.0,23646000000,171000000000.0,391000000000.0,119000000000.0,2825000000,2931000000,99803000000,10708000000,-22354000000,-111000000000.0,1
27-07-2023,196.0200043,197.1999969,192.5500031,193.2200012,192.1992798,47460200,27610.128,304.628,3.5,5.12,353000000000.0,135000000000.0,23646000000,171000000000.0,391000000000.0,119000000000.0,2825000000,2931000000,99803000000,10708000000,-22354000000,-111000000000.0,-1
28-07-2023,194.6699982,196.6300049,194.1399994,195.8300018,194.7954865,48291400,27610.128,304.628,3.5,5.12,353000000000.0,135000000000.0,23646000000,171000000000.0,391000000000.0,119000000000.0,2825000000,2931000000,99803000000,10708000000,-22354000000,-111000000000.0,1
31-07-2023,196.0599976,196.4900055,195.2599945,196.4499969,195.4122009,38824100,27610.128,304.628,3.5,5.12,353000000000.0,135000000000.0,23646000000,171000000000.0,391000000000.0,119000000000.0,2825000000,2931000000,99803000000,10708000000,-22354000000,-111000000000.0,1
01-08-2023,196.2400055,196.7299957,195.2799988,195.6100006,194.5766602,35175100,27610.128,304.628,3.5,5.12,353000000000.0,135000000000.0,23646000000,171000000000.0,391000000000.0,119000000000.0,2825000000,2931000000,99803000000,10708000000,-22354000000,-111000000000.0,-1
02-08-2023,195.0399933,195.1799927,191.8500061,192.5800018,191.5626526,50389300,27610.128,304.628,3.5,5.12,353000000000.0,135000000000.0,23646000000,171000000000.0,391000000000.0,119000000000.0,2825000000,2931000000,99803000000,10708000000,-22354000000,-111000000000.0,-1
03-08-2023,191.5700073,192.3699951,190.6900024,191.1699982,190.1601105,61235200,27610.128,304.628,3.5,5.12,353000000000.0,135000000000.0,23646000000,171000000000.0,391000000000.0,119000000000.0,2825000000,2931000000,99803000000,10708000000,-22354000000,-111000000000.0,-1
04-08-2023,185.5200043,187.3800049,181.9199982,181.9900055,181.0286102,115799700,27610.128,304.628,3.5,5.12,353000000000.0,135000000000.0,23646000000,171000000000.0,391000000000.0,119000000000.0,2825000000,2931000000,99803000000,10708000000,-22354000000,-111000000000.0,-1
07-08-2023,182.1300049,183.1300049,177.3500061,178.8500061,177.9051971,97576100,27610.128,304.628,3.5,5.12,353000000000.0,135000000000.0,23646000000,171000000000.0,391000000000.0,119000000000.0,2825000000,2931000000,99803000000,10708000000,-22354000000,-111000000000.0,-1
08-08-2023,179.6900024,180.2700043,177.5800018,179.8000031,178.8501587,67823000,27610.128,304.628,3.5,5.12,353000000000.0,135000000000.0,23646000000,171000000000.0,391000000000.0,119000000000.0,2825000000,2931000000,99803000000,10708000000,-22354000000,-111000000000.0,1
09-08-2023,180.8699951,180.9299927,177.0099945,178.1900024,177.2486725,60378500,27610.128,304.628,3.5,5.12,353000000000.0,135000000000.0,23646000000,171000000000.0,391000000000.0,119000000000.0,2825000000,2931000000,99803000000,10708000000,-22354000000,-111000000000.0,-1
10-08-2023,179.4799957,180.75,177.6000061,177.9700012,177.0298615,54686900,27610.128,304.628,3.5,5.12,353000000000.0,135000000000.0,23646000000,171000000000.0,391000000000.0,119000000000.0,2825000000,2931000000,99803000000,10708000000,-22354000000,-111000000000.0,-1
11-08-2023,177.3200073,178.6199951,176.5500031,177.7899933,177.0896149,51988100,27610.128,304.628,3.5,5.12,353000000000.0,135000000000.0,23646000000,171000000000.0,391000000000.0,119000000000.0,2825000000,2931000000,99803000000,10708000000,-22354000000,-111000000000.0,1
14-08-2023,177.9700012,179.6900024,177.3099976,179.4600067,178.7530365,43675600,27610.128,304.628,3.5,5.12,353000000000.0,135000000000.0,23646000000,171000000000.0,391000000000.0,119000000000.0,2825000000,2931000000,99803000000,10708000000,-22354000000,-111000000000.0,1
15-08-2023,178.8800049,179.4799957,177.0500031,177.4499969,176.750946,43622600,27610.128,304.628,3.5,5.12,353000000000.0,135000000000.0,23646000000,171000000000.0,391000000000.0,119000000000.0,2825000000,2931000000,99803000000,10708000000,-22354000000,-111000000000.0,-1
16-08-2023,177.1300049,178.5399933,176.5,176.5700073,175.8744202,46964900,27610.128,304.628,3.5,5.12,353000000000.0,135000000000.0,23646000000,171000000000.0,391000000000.0,119000000000.0,2825000000,2931000000,99803000000,10708000000,-22354000000,-111000000000.0,-1
17-08-2023,177.1399994,177.5099945,173.4799957,174.0,173.3145294,66062900,27610.128,304.628,3.5,5.12,353000000000.0,135000000000.0,23646000000,171000000000.0,391000000000.0,119000000000.0,2825000000,2931000000,99803000000,10708000000,-22354000000,-111000000000.0,-1
18-08-2023,172.3000031,175.1000061,171.9600067,174.4900055,173.8026276,61114200,27610.128,304.628,3.5,5.12,353000000000.0,135000000000.0,23646000000,171000000000.0,391000000000.0,119000000000.0,2825000000,2931000000,99803000000,10708000000,-22354000000,-111000000000.0,1
21-08-2023,175.0700073,176.1300049,173.7400055,175.8399963,175.1472778,46311900,27610.128,304.628,3.5,5.12,353000000000.0,135000000000.0,23646000000,171000000000.0,391000000000.0,119000000000.0,2825000000,2931000000,99803000000,10708000000,-22354000000,-111000000000.0,1
22-08-2023,177.0599976,177.6799927,176.25,177.2299957,176.5317993,42084200,27610.128,304.628,3.5,5.12,353000000000.0,135000000000.0,23646000000,171000000000.0,391000000000.0,119000000000.0,2825000000,2931000000,99803000000,10708000000,-22354000000,-111000000000.0,1
23-08-2023,178.5200043,181.5500031,178.3300018,181.1199951,180.4064789,52722800,27610.128,304.628,3.5,5.12,353000000000.0,135000000000.0,23646000000,171000000000.0,391000000000.0,119000000000.0,2825000000,2931000000,99803000000,10708000000,-22354000000,-111000000000.0,1
24-08-2023,180.6699982,181.1000061,176.0099945,176.3800049,175.6851654,54945800,27610.128,304.628,3.5,5.12,353000000000.0,135000000000.0,23646000000,171000000000.0,391000000000.0,119000000000.0,2825000000,2931000000,99803000000,10708000000,-22354000000,-111000000000.0,-1
25-08-2023,177.3800049,179.1499939,175.8200073,178.6100006,177.9063721,51449600,27610.128,304.628,3.5,5.12,353000000000.0,135000000000.0,23646000000,171000000000.0,391000000000.0,119000000000.0,2825000000,2931000000,99803000000,10708000000,-22354000000,-111000000000.0,1
28-08-2023,180.0899963,180.5899963,178.5500031,180.1900024,179.4801636,43820700,27610.128,304.628,3.5,5.12,353000000000.0,135000000000.0,23646000000,171000000000.0,391000000000.0,119000000000.0,2825000000,2931000000,99803000000,10708000000,-22354000000,-111000000000.0,1
29-08-2023,179.6999969,184.8999939,179.5,184.1199951,183.3946533,53003900,27610.128,304.628,3.5,5.12,353000000000.0,135000000000.0,23646000000,171000000000.0,391000000000.0,119000000000.0,2825000000,2931000000,99803000000,10708000000,-22354000000,-111000000000.0,1
30-08-2023,184.9400024,187.8500061,184.7400055,187.6499939,186.9107513,60813900,27610.128,304.628,3.5,5.12,353000000000.0,135000000000.0,23646000000,171000000000.0,391000000000.0,119000000000.0,2825000000,2931000000,99803000000,10708000000,-22354000000,-111000000000.0,1
31-08-2023,187.8399963,189.1199951,187.4799957,187.8699951,187.1298981,60794500,27610.128,304.628,3.5,5.12,353000000000.0,135000000000.0,23646000000,171000000000.0,391000000000.0,119000000000.0,2825000000,2931000000,99803000000,10708000000,-22354000000,-111000000000.0,1
01-09-2023,189.4900055,189.9199982,188.2799988,189.4600067,188.7136536,45732600,27610.128,304.628,3.5,5.12,353000000000.0,135000000000.0,23646000000,171000000000.0,391000000000.0,119000000000.0,2825000000,2931000000,99803000000,10708000000,-22354000000,-111000000000.0,-1
05-09-2023,188.2799988,189.9799957,187.6100006,189.6999969,188.9526825,45280000,27610.128,304.628,3.5,5.12,353000000000.0,135000000000.0,23646000000,171000000000.0,391000000000.0,119000000000.0,2825000000,2931000000,99803000000,10708000000,-22354000000,-111000000000.0,1
06-09-2023,188.3999939,188.8500061,181.4700012,182.9100037,182.1894379,81755800,27610.128,304.628,3.5,5.12,353000000000.0,135000000000.0,23646000000,171000000000.0,391000000000.0,119000000000.0,2825000000,2931000000,99803000000,10708000000,-22354000000,-111000000000.0,-1
07-09-2023,175.1799927,178.2100067,173.5399933,177.5599976,176.8605042,112488800,27610.128,304.628,3.5,5.12,353000000000.0,135000000000.0,23646000000,171000000000.0,391000000000.0,119000000000.0,2825000000,2931000000,99803000000,10708000000,-22354000000,-111000000000.0,1
08-09-2023,178.3500061,180.2400055,177.7899933,178.1799927,177.4780579,65551300,27610.128,304.628,3.5,5.12,353000000000.0,135000000000.0,23646000000,171000000000.0,391000000000.0,119000000000.0,2825000000,2931000000,99803000000,10708000000,-22354000000,-111000000000.0,-1
11-09-2023,180.0700073,180.3000031,177.3399963,179.3600006,178.6534119,58953100,27610.128,304.628,3.5,5.12,353000000000.0,135000000000.0,23646000000,171000000000.0,391000000000.0,119000000000.0,2825000000,2931000000,99803000000,10708000000,-22354000000,-111000000000.0,-1
12-09-2023,179.4900055,180.1300049,174.8200073,176.3000031,175.605484,90370200,27610.128,304.628,3.5,5.12,353000000000.0,135000000000.0,23646000000,171000000000.0,391000000000.0,119000000000.0,2825000000,2931000000,99803000000,10708000000,-22354000000,-111000000000.0,-1
13-09-2023,176.5099945,177.3000031,173.9799957,174.2100067,173.5237122,84267900,27610.128,304.628,3.5,5.12,353000000000.0,135000000000.0,23646000000,171000000000.0,391000000000.0,119000000000.0,2825000000,2931000000,99803000000,10708000000,-22354000000,-111000000000.0,-1
14-09-2023,174.0,176.1000061,173.5800018,175.7400055,175.0476837,60895800,27610.128,304.628,3.5,5.12,353000000000.0,135000000000.0,23646000000,171000000000.0,391000000000.0,119000000000.0,2825000000,2931000000,99803000000,10708000000,-22354000000,-111000000000.0,1
15-09-2023,176.4799957,176.5,173.8200073,175.0099945,174.3205414,109205100,27610.128,304.628,3.5,5.12,353000000000.0,135000000000.0,23646000000,171000000000.0,391000000000.0,119000000000.0,2825000000,2931000000,99803000000,10708000000,-22354000000,-111000000000.0,-1
18-09-2023,176.4799957,179.3800049,176.1699982,177.9700012,177.2689056,67257600,27610.128,304.628,3.5,5.12,353000000000.0,135000000000.0,23646000000,171000000000.0,391000000000.0,119000000000.0,2825000000,2931000000,99803000000,10708000000,-22354000000,-111000000000.0,1
19-09-2023,177.5200043,179.6300049,177.1300049,179.0700073,178.364563,51826900,27610.128,304.628,3.5,5.12,353000000000.0,135000000000.0,23646000000,171000000000.0,391000000000.0,119000000000.0,2825000000,2931000000,99803000000,10708000000,-22354000000,-111000000000.0,1
20-09-2023,179.2599945,179.6999969,175.3999939,175.4900055,174.7986755,58436200,27610.128,304.628,3.5,5.12,353000000000.0,135000000000.0,23646000000,171000000000.0,391000000000.0,119000000000.0,2825000000,2931000000,99803000000,10708000000,-22354000000,-111000000000.0,-1
21-09-2023,174.5500031,176.3000031,173.8600006,173.9299927,173.2447968,63047900,27610.128,304.628,3.5,5.12,353000000000.0,135000000000.0,23646000000,171000000000.0,391000000000.0,119000000000.0,2825000000,2931000000,99803000000,10708000000,-22354000000,-111000000000.0,-1
22-09-2023,174.6699982,177.0800018,174.0500031,174.7899933,174.1014252,56725400,27610.128,304.628,3.5,5.12,353000000000.0,135000000000.0,23646000000,171000000000.0,391000000000.0,119000000000.0,2825000000,2931000000,99803000000,10708000000,-22354000000,-111000000000.0,1
25-09-2023,174.1999969,176.9700012,174.1499939,176.0800018,175.3863373,46172700,27610.128,304.628,3.5,5.12,353000000000.0,135000000000.0,23646000000,171000000000.0,391000000000.0,119000000000.0,2825000000,2931000000,99803000000,10708000000,-22354000000,-111000000000.0,1
26-09-2023,174.8200073,175.1999969,171.6600037,171.9600067,171.2825775,64588900,27610.128,304.628,3.5,5.12,353000000000.0,135000000000.0,23646000000,171000000000.0,391000000000.0,119000000000.0,2825000000,2931000000,99803000000,10708000000,-22354000000,-111000000000.0,-1
27-09-2023,172.6199951,173.0399933,169.0500031,170.4299927,169.7585907,66921800,27610.128,304.628,3.5,5.12,353000000000.0,135000000000.0,23646000000,171000000000.0,391000000000.0,119000000000.0,2825000000,2931000000,99803000000,10708000000,-22354000000,-111000000000.0,-1
28-09-2023,169.3399963,172.0299988,167.6199951,170.6900024,170.0175781,56294400,27610.128,304.628,3.5,5.12,353000000000.0,135000000000.0,23646000000,171000000000.0,391000000000.0,119000000000.0,2825000000,2931000000,99803000000,10708000000,-22354000000,-111000000000.0,1
29-09-2023,172.0200043,173.0700073,170.3399963,171.2100067,170.5355377,51814200,27610.128,304.628,3.5,5.12,353000000000.0,135000000000.0,23646000000,171000000000.0,391000000000.0,119000000000.0,2825000000,2931000000,99803000000,10708000000,-22354000000,-111000000000.0,-1
02-10-2023,171.2200012,174.3000031,170.9299927,173.75,173.065506,52164500,27956.998,307.531,3.8,5.33,353000000000.0,144000000000.0,29965000000,169000000000.0,379000000000.0,114000000000.0,3750000000,3933000000,96995000000,10959000000,3705000000,-108000000000.0,1
03-10-2023,172.2599945,173.6300049,170.8200073,172.3999939,171.7208405,49594600,27956.998,307.531,3.8,5.33,353000000000.0,144000000000.0,29965000000,169000000000.0,379000000000.0,114000000000.0,3750000000,3933000000,96995000000,10959000000,3705000000,-108000000000.0,1
04-10-2023,171.0899963,174.2100067,170.9700012,173.6600037,172.9758759,53020300,27956.998,307.531,3.8,5.33,353000000000.0,144000000000.0,29965000000,169000000000.0,379000000000.0,114000000000.0,3750000000,3933000000,96995000000,10959000000,3705000000,-108000000000.0,1
05-10-2023,173.7899933,175.4499969,172.6799927,174.9100037,174.2209625,48527900,27956.998,307.531,3.8,5.33,353000000000.0,144000000000.0,29965000000,169000000000.0,379000000000.0,114000000000.0,3750000000,3933000000,96995000000,10959000000,3705000000,-108000000000.0,1
06-10-2023,173.8000031,177.9900055,173.1799927,177.4900055,176.7907867,57224100,27956.998,307.531,3.8,5.33,353000000000.0,144000000000.0,29965000000,169000000000.0,379000000000.0,114000000000.0,3750000000,3933000000,96995000000,10959000000,3705000000,-108000000000.0,1
09-10-2023,176.8099976,179.0500031,175.8000031,178.9900055,178.2848816,42390800,27956.998,307.531,3.8,5.33,353000000000.0,144000000000.0,29965000000,169000000000.0,379000000000.0,114000000000.0,3750000000,3933000000,96995000000,10959000000,3705000000,-108000000000.0,1
10-10-2023,178.1000061,179.7200012,177.9499969,178.3899994,177.6872406,43698000,27956.998,307.531,3.8,5.33,353000000000.0,144000000000.0,29965000000,169000000000.0,379000000000.0,114000000000.0,3750000000,3933000000,96995000000,10959000000,3705000000,-108000000000.0,1
11-10-2023,178.1999969,179.8500061,177.6000061,179.8000031,179.0916748,47551100,27956.998,307.531,3.8,5.33,353000000000.0,144000000000.0,29965000000,169000000000.0,379000000000.0,114000000000.0,3750000000,3933000000,96995000000,10959000000,3705000000,-108000000000.0,1
12-10-2023,180.0700073,182.3399963,179.0399933,180.7100067,179.9980927,56743100,27956.998,307.531,3.8,5.33,353000000000.0,144000000000.0,29965000000,169000000000.0,379000000000.0,114000000000.0,3750000000,3933000000,96995000000,10959000000,3705000000,-108000000000.0,1
13-10-2023,181.4199982,181.9299927,178.1399994,178.8500061,178.1454315,51427100,27956.998,307.531,3.8,5.33,353000000000.0,144000000000.0,29965000000,169000000000.0,379000000000.0,114000000000.0,3750000000,3933000000,96995000000,10959000000,3705000000,-108000000000.0,-1
16-10-2023,176.75,179.0800018,176.5099945,178.7200012,178.0159302,52517000,27956.998,307.531,3.8,5.33,353000000000.0,144000000000.0,29965000000,169000000000.0,379000000000.0,114000000000.0,3750000000,3933000000,96995000000,10959000000,3705000000,-108000000000.0,1
17-10-2023,176.6499939,178.4199982,174.8000031,177.1499939,176.4521179,57549400,27956.998,307.531,3.8,5.33,353000000000.0,144000000000.0,29965000000,169000000000.0,379000000000.0,114000000000.0,3750000000,3933000000,96995000000,10959000000,3705000000,-108000000000.0,1
18-10-2023,175.5800018,177.5800018,175.1100006,175.8399963,175.1472778,54764400,27956.998,307.531,3.8,5.33,353000000000.0,144000000000.0,29965000000,169000000000.0,379000000000.0,114000000000.0,3750000000,3933000000,96995000000,10959000000,3705000000,-108000000000.0,1
19-10-2023,176.0399933,177.8399963,175.1900024,175.4600067,174.7687836,59302900,27956.998,307.531,3.8,5.33,353000000000.0,144000000000.0,29965000000,169000000000.0,379000000000.0,114000000000.0,3750000000,3933000000,96995000000,10959000000,3705000000,-108000000000.0,-1
20-10-2023,175.3099976,175.4199982,172.6399994,172.8800049,172.1989594,64189300,27956.998,307.531,3.8,5.33,353000000000.0,144000000000.0,29965000000,169000000000.0,379000000000.0,114000000000.0,3750000000,3933000000,96995000000,10959000000,3705000000,-108000000000.0,-1
23-10-2023,170.9100037,174.0099945,169.9299927,173.0,172.3184814,55980100,27956.998,307.531,3.8,5.33,353000000000.0,144000000000.0,29965000000,169000000000.0,379000000000.0,114000000000.0,3750000000,3933000000,96995000000,10959000000,3705000000,-108000000000.0,1
24-10-2023,173.0500031,173.6699982,171.4499969,173.4400024,172.7567444,43816600,27956.998,307.531,3.8,5.33,353000000000.0,144000000000.0,29965000000,169000000000.0,379000000000.0,114000000000.0,3750000000,3933000000,96995000000,10959000000,3705000000,-108000000000.0,1
25-10-2023,171.8800049,173.0599976,170.6499939,171.1000061,170.4259796,57157000,27956.998,307.531,3.8,5.33,353000000000.0,144000000000.0,29965000000,169000000000.0,379000000000.0,114000000000.0,3750000000,3933000000,96995000000,10959000000,3705000000,-108000000000.0,-1
26-10-2023,170.3699951,171.3800049,165.6699982,166.8899994,166.2325439,70625300,27956.998,307.531,3.8,5.33,353000000000.0,144000000000.0,29965000000,169000000000.0,379000000000.0,114000000000.0,3750000000,3933000000,96995000000,10959000000,3705000000,-108000000000.0,-1
27-10-2023,166.9100037,168.9600067,166.8300018,168.2200012,167.557312,58499100,27956.998,307.531,3.8,5.33,353000000000.0,144000000000.0,29965000000,169000000000.0,379000000000.0,114000000000.0,3750000000,3933000000,96995000000,10959000000,3705000000,-108000000000.0,1
30-10-2023,169.0200043,171.1699982,168.8699951,170.2899933,169.6191254,51131000,27956.998,307.531,3.8,5.33,353000000000.0,144000000000.0,29965000000,169000000000.0,379000000000.0,114000000000.0,3750000000,3933000000,96995000000,10959000000,3705000000,-108000000000.0,1
31-10-2023,169.3500061,170.8999939,167.8999939,170.7700043,170.0972595,44846000,27956.998,307.531,3.8,5.33,353000000000.0,144000000000.0,29965000000,169000000000.0,379000000000.0,114000000000.0,3750000000,3933000000,96995000000,10959000000,3705000000,-108000000000.0,1
01-11-2023,171.0,174.2299957,170.1199951,173.9700012,173.2846527,56934900,27956.998,307.531,3.8,5.33,353000000000.0,144000000000.0,29965000000,169000000000.0,379000000000.0,114000000000.0,3750000000,3933000000,96995000000,10959000000,3705000000,-108000000000.0,1
02-11-2023,175.5200043,177.7799988,175.4600067,177.5700073,176.8704681,77334800,27956.998,307.531,3.8,5.33,353000000000.0,144000000000.0,29965000000,169000000000.0,379000000000.0,114000000000.0,3750000000,3933000000,96995000000,10959000000,3705000000,-108000000000.0,1
03-11-2023,174.2400055,176.8200073,173.3500061,176.6499939,175.9541016,79763700,27956.998,307.531,3.8,5.33,353000000000.0,144000000000.0,29965000000,169000000000.0,379000000000.0,114000000000.0,3750000000,3933000000,96995000000,10959000000,3705000000,-108000000000.0,1
06-11-2023,176.3800049,179.4299927,176.2100067,179.2299957,178.523941,63841300,27956.998,307.531,3.8,5.33,353000000000.0,144000000000.0,29965000000,169000000000.0,379000000000.0,114000000000.0,3750000000,3933000000,96995000000,10959000000,3705000000,-108000000000.0,1
07-11-2023,179.1799927,182.4400024,178.9700012,181.8200073,181.1037445,70530000,27956.998,307.531,3.8,5.33,353000000000.0,144000000000.0,29965000000,169000000000.0,379000000000.0,114000000000.0,3750000000,3933000000,96995000000,10959000000,3705000000,-108000000000.0,1
08-11-2023,182.3500061,183.4499969,181.5899963,182.8899994,182.1695099,49340300,27956.998,307.531,3.8,5.33,353000000000.0,144000000000.0,29965000000,169000000000.0,379000000000.0,114000000000.0,3750000000,3933000000,96995000000,10959000000,3705000000,-108000000000.0,1
09-11-2023,182.9600067,184.1199951,181.8099976,182.4100037,181.6914215,53763500,27956.998,307.531,3.8,5.33,353000000000.0,144000000000.0,29965000000,169000000000.0,379000000000.0,114000000000.0,3750000000,3933000000,96995000000,10959000000,3705000000,-108000000000.0,-1
10-11-2023,183.9700012,186.5700073,183.5299988,186.3999939,185.9102783,66133400,27956.998,307.531,3.8,5.33,353000000000.0,144000000000.0,29965000000,169000000000.0,379000000000.0,114000000000.0,3750000000,3933000000,96995000000,10959000000,3705000000,-108000000000.0,1
13-11-2023,185.8200073,186.0299988,184.2100067,184.8000031,184.3144836,43627500,27956.998,307.531,3.8,5.33,353000000000.0,144000000000.0,29965000000,169000000000.0,379000000000.0,114000000000.0,3750000000,3933000000,96995000000,10959000000,3705000000,-108000000000.0,-1
14-11-2023,187.6999969,188.1100006,186.3000031,187.4400024,186.9475555,60108400,27956.998,307.531,3.8,5.33,353000000000.0,144000000000.0,29965000000,169000000000.0,379000000000.0,114000000000.0,3750000000,3933000000,96995000000,10959000000,3705000000,-108000000000.0,-1
15-11-2023,187.8500061,189.5,187.7799988,188.0099945,187.5160522,53790500,27956.998,307.531,3.8,5.33,353000000000.0,144000000000.0,29965000000,169000000000.0,379000000000.0,114000000000.0,3750000000,3933000000,96995000000,10959000000,3705000000,-108000000000.0,1
16-11-2023,189.5700073,190.9600067,188.6499939,189.7100067,189.2116089,54412900,27956.998,307.531,3.8,5.33,353000000000.0,144000000000.0,29965000000,169000000000.0,379000000000.0,114000000000.0,3750000000,3933000000,96995000000,10959000000,3705000000,-108000000000.0,1
17-11-2023,190.25,190.3800049,188.5700073,189.6900024,189.1916504,50922700,27956.998,307.531,3.8,5.33,353000000000.0,144000000000.0,29965000000,169000000000.0,379000000000.0,114000000000.0,3750000000,3933000000,96995000000,10959000000,3705000000,-108000000000.0,-1
20-11-2023,189.8899994,191.9100037,189.8800049,191.4499969,190.9470215,46505100,27956.998,307.531,3.8,5.33,353000000000.0,144000000000.0,29965000000,169000000000.0,379000000000.0,114000000000.0,3750000000,3933000000,96995000000,10959000000,3705000000,-108000000000.0,1
21-11-2023,191.4100037,191.5200043,189.7400055,190.6399994,190.1391449,38134500,27956.998,307.531,3.8,5.33,353000000000.0,144000000000.0,29965000000,169000000000.0,379000000000.0,114000000000.0,3750000000,3933000000,96995000000,10959000000,3705000000,-108000000000.0,-1
22-11-2023,191.4900055,192.9299927,190.8300018,191.3099976,190.8074036,39617700,27956.998,307.531,3.8,5.33,353000000000.0,144000000000.0,29965000000,169000000000.0,379000000000.0,114000000000.0,3750000000,3933000000,96995000000,10959000000,3705000000,-108000000000.0,-1
24-11-2023,190.8699951,190.8999939,189.25,189.9700012,189.4709015,24048300,27956.998,307.531,3.8,5.33,353000000000.0,144000000000.0,29965000000,169000000000.0,379000000000.0,114000000000.0,3750000000,3933000000,96995000000,10959000000,3705000000,-108000000000.0,-1
27-11-2023,189.9199982,190.6699982,188.8999939,189.7899933,189.2913666,40552600,27956.998,307.531,3.8,5.33,353000000000.0,144000000000.0,29965000000,169000000000.0,379000000000.0,114000000000.0,3750000000,3933000000,96995000000,10959000000,3705000000,-108000000000.0,-1
28-11-2023,189.7799988,191.0800018,189.3999939,190.3999939,189.899765,38415400,27956.998,307.531,3.8,5.33,353000000000.0,144000000000.0,29965000000,169000000000.0,379000000000.0,114000000000.0,3750000000,3933000000,96995000000,10959000000,3705000000,-108000000000.0,1
29-11-2023,190.8999939,192.0899963,188.9700012,189.3699951,188.8724823,43014200,27956.998,307.531,3.8,5.33,353000000000.0,144000000000.0,29965000000,169000000000.0,379000000000.0,114000000000.0,3750000000,3933000000,96995000000,10959000000,3705000000,-108000000000.0,-1
30-11-2023,189.8399963,190.3200073,188.1900024,189.9499969,189.4509583,48794400,27956.998,307.531,3.8,5.33,353000000000.0,144000000000.0,29965000000,169000000000.0,379000000000.0,114000000000.0,3750000000,3933000000,96995000000,10959000000,3705000000,-108000000000.0,1
01-12-2023,190.3300018,191.5599976,189.2299957,191.2400055,190.7375793,45679300,27956.998,307.531,3.8,5.33,353000000000.0,144000000000.0,29965000000,169000000000.0,379000000000.0,114000000000.0,3750000000,3933000000,96995000000,10959000000,3705000000,-108000000000.0,1
04-12-2023,189.9799957,190.0500031,187.4499969,189.4299927,188.932312,43389500,27956.998,307.531,3.8,5.33,353000000000.0,144000000000.0,29965000000,169000000000.0,379000000000.0,114000000000.0,3750000000,3933000000,96995000000,10959000000,3705000000,-108000000000.0,-1
05-12-2023,190.2100067,194.3999939,190.1799927,193.4199982,192.91185,66628400,27956.998,307.531,3.8,5.33,353000000000.0,144000000000.0,29965000000,169000000000.0,379000000000.0,114000000000.0,3750000000,3933000000,96995000000,10959000000,3705000000,-108000000000.0,1
06-12-2023,194.4499969,194.7599945,192.1100006,192.3200073,191.814743,41089700,27956.998,307.531,3.8,5.33,353000000000.0,144000000000.0,29965000000,169000000000.0,379000000000.0,114000000000.0,3750000000,3933000000,96995000000,10959000000,3705000000,-108000000000.0,-1
07-12-2023,193.6300049,195.0,193.5899963,194.2700043,193.7596283,47477700,27956.998,307.531,3.8,5.33,353000000000.0,144000000000.0,29965000000,169000000000.0,379000000000.0,114000000000.0,3750000000,3933000000,96995000000,10959000000,3705000000,-108000000000.0,1
08-12-2023,194.1999969,195.9900055,193.6699982,195.7100067,195.1958466,53377300,27956.998,307.531,3.8,5.33,353000000000.0,144000000000.0,29965000000,169000000000.0,379000000000.0,114000000000.0,3750000000,3933000000,96995000000,10959000000,3705000000,-108000000000.0,1
11-12-2023,193.1100006,193.4900055,191.4199982,193.1799927,192.6724854,60943700,27956.998,307.531,3.8,5.33,353000000000.0,144000000000.0,29965000000,169000000000.0,379000000000.0,114000000000.0,3750000000,3933000000,96995000000,10959000000,3705000000,-108000000000.0,1
12-12-2023,193.0800018,194.7200012,191.7200012,194.7100067,194.1984711,52696900,27956.998,307.531,3.8,5.33,353000000000.0,144000000000.0,29965000000,169000000000.0,379000000000.0,114000000000.0,3750000000,3933000000,96995000000,10959000000,3705000000,-108000000000.0,1
13-12-2023,195.0899963,198.0,194.8500061,197.9600067,197.4399261,70404200,27956.998,307.531,3.8,5.33,353000000000.0,144000000000.0,29965000000,169000000000.0,379000000000.0,114000000000.0,3750000000,3933000000,96995000000,10959000000,3705000000,-108000000000.0,1
14-12-2023,198.0200043,199.6199951,196.1600037,198.1100006,197.5895233,66831600,27956.998,307.531,3.8,5.33,353000000000.0,144000000000.0,29965000000,169000000000.0,379000000000.0,114000000000.0,3750000000,3933000000,96995000000,10959000000,3705000000,-108000000000.0,1
15-12-2023,197.5299988,198.3999939,197.0,197.5700073,197.0509491,128256700,27956.998,307.531,3.8,5.33,353000000000.0,144000000000.0,29965000000,169000000000.0,379000000000.0,114000000000.0,3750000000,3933000000,96995000000,10959000000,3705000000,-108000000000.0,1
18-12-2023,196.0899963,196.6300049,194.3899994,195.8899994,195.3753662,55751900,27956.998,307.531,3.8,5.33,353000000000.0,144000000000.0,29965000000,169000000000.0,379000000000.0,114000000000.0,3750000000,3933000000,96995000000,10959000000,3705000000,-108000000000.0,-1
19-12-2023,196.1600037,196.9499969,195.8899994,196.9400024,196.4226074,40714100,27956.998,307.531,3.8,5.33,353000000000.0,144000000000.0,29965000000,169000000000.0,379000000000.0,114000000000.0,3750000000,3933000000,96995000000,10959000000,3705000000,-108000000000.0,1
20-12-2023,196.8999939,197.6799927,194.8300018,194.8300018,194.3181458,52242800,27956.998,307.531,3.8,5.33,353000000000.0,144000000000.0,29965000000,169000000000.0,379000000000.0,114000000000.0,3750000000,3933000000,96995000000,10959000000,3705000000,-108000000000.0,-1
21-12-2023,196.1000061,197.0800018,193.5,194.6799927,194.1685181,46482500,27956.998,307.531,3.8,5.33,353000000000.0,144000000000.0,29965000000,169000000000.0,379000000000.0,114000000000.0,3750000000,3933000000,96995000000,10959000000,3705000000,-108000000000.0,-1
22-12-2023,195.1799927,195.4100037,192.9700012,193.6000061,193.0913849,37122800,27956.998,307.531,3.8,5.33,353000000000.0,144000000000.0,29965000000,169000000000.0,379000000000.0,114000000000.0,3750000000,3933000000,96995000000,10959000000,3705000000,-108000000000.0,-1
26-12-2023,193.6100006,193.8899994,192.8300018,193.0500031,192.5428162,28919300,27956.998,307.531,3.8,5.33,353000000000.0,144000000000.0,29965000000,169000000000.0,379000000000.0,114000000000.0,3750000000,3933000000,96995000000,10959000000,3705000000,-108000000000.0,-1
27-12-2023,192.4900055,193.5,191.0899963,193.1499939,192.6425476,48087700,27956.998,307.531,3.8,5.33,353000000000.0,144000000000.0,29965000000,169000000000.0,379000000000.0,114000000000.0,3750000000,3933000000,96995000000,10959000000,3705000000,-108000000000.0,1
28-12-2023,194.1399994,194.6600037,193.1699982,193.5800018,193.0714264,34049900,27956.998,307.531,3.8,5.33,353000000000.0,144000000000.0,29965000000,169000000000.0,379000000000.0,114000000000.0,3750000000,3933000000,96995000000,10959000000,3705000000,-108000000000.0,-1
29-12-2023,193.8999939,194.3999939,191.7299957,192.5299988,192.0241852,42628800,27956.998,307.531,3.8,5.33,353000000000.0,144000000000.0,29965000000,169000000000.0,379000000000.0,114000000000.0,3750000000,3933000000,96995000000,10959000000,3705000000,-108000000000.0,-1
